{"timestamp":"2025-10-25T18:28:12.067818Z","level":"info","event":"DAG bundles loaded: dags-folder","logger":"airflow.dag_processing.bundles.manager.DagBundlesManager","filename":"manager.py","lineno":179}
{"timestamp":"2025-10-25T18:28:12.068803Z","level":"info","event":"Filling up the DagBag from /opt/airflow/dags/get_data_with_airflow.py","logger":"airflow.models.dagbag.DagBag","filename":"dagbag.py","lineno":593}
{"timestamp":"2025-10-25T18:28:12.560919Z","level":"warning","event":"The `airflow.operators.python.PythonOperator` attribute is deprecated. Please use `'airflow.providers.standard.operators.python.PythonOperator'`.","category":"DeprecatedImportWarning","filename":"/opt/airflow/dags/get_data_with_airflow.py","lineno":4,"logger":"py.warnings"}
{"timestamp":"2025-10-25T18:28:12.561427Z","level":"warning","event":"The `airflow.operators.bash.BashOperator` attribute is deprecated. Please use `'airflow.providers.standard.operators.bash.BashOperator'`.","category":"DeprecatedImportWarning","filename":"/opt/airflow/dags/get_data_with_airflow.py","lineno":5,"logger":"py.warnings"}
{"timestamp":"2025-10-25T18:28:12.710755Z","level":"info","event":"..................TÜRKİYE VE YAKIN ÇEVRESİNDEKİ SON DEPREMLER....................","logger":"task.stdout"}
{"timestamp":"2025-10-25T18:28:12.712069Z","level":"info","event":".....BÖLGESEL DEPREM-TSUNAMİ İZLEME VE DEĞERLENDİRME MERKEZİ HIZLI ÇÖZÜMLERİ.....","logger":"task.stdout"}
{"timestamp":"2025-10-25T18:28:12.712191Z","level":"info","event":"......(YAPAY SARSINTI ANALİZİ YAPILMAMIŞTIR) Son 500 deprem listelenmiştir......","logger":"task.stdout"}
{"timestamp":"2025-10-25T18:28:12.712269Z","level":"info","event":"                                                        Büyüklük","logger":"task.stdout"}
{"timestamp":"2025-10-25T18:28:12.712328Z","level":"info","event":"Tarih      Saat      Enlem(N)  Boylam(E) Derinlik(km)  MD   ML   Mw    Yer                                             Çözüm Niteliği","logger":"task.stdout"}
{"timestamp":"2025-10-25T18:28:12.712388Z","level":"info","event":"---------- --------  --------  -------   ----------","logger":"task.stdout"}
{"timestamp":"2025-10-25T18:28:12.712463Z","level":"info","event":"PArts bu: ['2025.10.25', '21:13:03', '39.3422', '28.2063', '8.4', '-.-', '1.2', '-.-', 'KOCABEY-SINDIRGI', '(BALIKESIR)', 'İlksel']","logger":"task.stdout"}
{"timestamp":"2025-10-25T18:28:12.712523Z","level":"info","event":"PArts bu: ['2025.10.25', '20:59:45', '39.7378', '27.9077', '4.3', '-.-', '1.3', '-.-', 'FETHIYE-(BALIKESIR)', 'İlksel']","logger":"task.stdout"}
{"timestamp":"2025-10-25T18:28:12.712578Z","level":"info","event":"PArts bu: ['2025.10.25', '20:51:47', '35.1845', '26.6393', '19.8', '-.-', '3.1', '3.1', 'GIRIT', 'ADASI', '(AKDENIZ)', 'İlksel']","logger":"task.stdout"}
{"timestamp":"2025-10-25T18:28:12.712631Z","level":"info","event":"PArts bu: ['2025.10.25', '20:15:44', '39.1448', '28.2407', '10.6', '-.-', '1.4', '-.-', 'BAYRAKLI-SINDIRGI', '(BALIKESIR)', 'İlksel']","logger":"task.stdout"}
{"timestamp":"2025-10-25T18:28:12.712685Z","level":"info","event":"PArts bu: ['2025.10.25', '20:11:58', '39.2895', '28.9528', '5.5', '-.-', '1.9', '-.-', 'KARAKOCA-SIMAV', '(KUTAHYA)', 'İlksel']","logger":"task.stdout"}
{"timestamp":"2025-10-25T18:28:12.712738Z","level":"info","event":"PArts bu: ['2025.10.25', '19:56:50', '40.8763', '28.4773', '7.3', '-.-', '2.3', '-.-', 'GURPINAR', 'ACIKLARI-ISTANBUL', '(MARMARA', 'DENIZI)', 'İlksel']","logger":"task.stdout"}
{"timestamp":"2025-10-25T18:28:12.712795Z","level":"info","event":"PArts bu: ['2025.10.25', '19:33:45', '35.1813', '33.8178', '37.8', '-.-', '2.4', '-.-', 'KIBRIS-TUZLA', 'İlksel']","logger":"task.stdout"}
{"timestamp":"2025-10-25T18:28:12.712851Z","level":"info","event":"PArts bu: ['2025.10.25', '19:13:00', '39.2930', '28.1518', '7.2', '-.-', '1.4', '-.-', 'KARAAGAC-SINDIRGI', '(BALIKESIR)', 'İlksel']","logger":"task.stdout"}
{"timestamp":"2025-10-25T18:28:12.712904Z","level":"info","event":"PArts bu: ['2025.10.25', '18:33:25', '39.2553', '28.0168', '7.1', '-.-', '1.4', '-.-', 'KIZILGUR-SINDIRGI', '(BALIKESIR)', 'İlksel']","logger":"task.stdout"}
{"timestamp":"2025-10-25T18:28:12.713032Z","level":"info","event":"PArts bu: ['2025.10.25', '18:14:35', '39.2400', '29.0050', '11.6', '-.-', '2.0', '-.-', 'YEMISLI-SIMAV', '(KUTAHYA)', 'İlksel']","logger":"task.stdout"}
{"timestamp":"2025-10-25T18:28:12.713122Z","level":"info","event":"PArts bu: ['2025.10.25', '16:57:35', '39.2428', '28.9915', '10.3', '-.-', '2.2', '-.-', 'YEMISLI-SIMAV', '(KUTAHYA)', 'İlksel']","logger":"task.stdout"}
{"timestamp":"2025-10-25T18:28:12.713212Z","level":"info","event":"PArts bu: ['2025.10.25', '16:43:37', '36.9748', '31.1298', '77.2', '-.-', '2.3', '-.-', 'DENIZTEPESI-SERIK', '(ANTALYA)', 'İlksel']","logger":"task.stdout"}
{"timestamp":"2025-10-25T18:28:12.713282Z","level":"info","event":"PArts bu: ['2025.10.25', '16:37:50', '38.0420', '36.2880', '5.0', '-.-', '1.5', '-.-', 'KIRAZLIYURT-TUFANBEYLI', '(ADANA)', 'İlksel']","logger":"task.stdout"}
{"timestamp":"2025-10-25T18:28:12.713359Z","level":"info","event":"PArts bu: ['2025.10.25', '16:30:30', '41.1202', '28.5218', '0.0', '-.-', '0.8', '-.-', 'CATALCA', '(ISTANBUL)', 'İlksel']","logger":"task.stdout"}
{"timestamp":"2025-10-25T18:28:12.713419Z","level":"info","event":"PArts bu: ['2025.10.25', '16:25:13', '39.1092', '28.3188', '7.4', '-.-', '1.4', '-.-', 'YUREGIL-SINDIRGI', '(BALIKESIR)', 'İlksel']","logger":"task.stdout"}
{"timestamp":"2025-10-25T18:28:12.713473Z","level":"info","event":"PArts bu: ['2025.10.25', '16:17:20', '38.5785', '28.2347', '7.0', '-.-', '1.6', '-.-', 'ADALA-SALIHLI', '(MANISA)', 'İlksel']","logger":"task.stdout"}
{"timestamp":"2025-10-25T18:28:12.713524Z","level":"info","event":"PArts bu: ['2025.10.25', '16:07:52', '39.1753', '28.4335', '9.7', '-.-', '1.7', '-.-', 'SAPCI-SINDIRGI', '(BALIKESIR)', 'İlksel']","logger":"task.stdout"}
{"timestamp":"2025-10-25T18:28:12.713575Z","level":"info","event":"PArts bu: ['2025.10.25', '15:50:10', '38.2905', '36.3085', '5.0', '-.-', '1.5', '-.-', 'POLATPINARI-TUFANBEYLI', '(ADANA)', 'İlksel']","logger":"task.stdout"}
{"timestamp":"2025-10-25T18:28:12.713627Z","level":"info","event":"PArts bu: ['2025.10.25', '15:16:32', '39.2137', '28.0535', '14.7', '-.-', '1.6', '-.-', 'ALAKIR-SINDIRGI', '(BALIKESIR)', 'İlksel']","logger":"task.stdout"}
{"timestamp":"2025-10-25T18:28:12.713677Z","level":"info","event":"PArts bu: ['2025.10.25', '15:12:42', '38.9588', '40.6088', '11.5', '-.-', '2.3', '-.-', 'GOLTEPESI-(BINGOL)', 'İlksel']","logger":"task.stdout"}
{"timestamp":"2025-10-25T18:28:12.713730Z","level":"info","event":"PArts bu: ['2025.10.25', '14:48:42', '38.0930', '40.0073', '2.2', '-.-', '2.5', '-.-', 'ALANGOR-YENISEHIR', '(DIYARBAKIR)', 'İlksel']","logger":"task.stdout"}
{"timestamp":"2025-10-25T18:28:12.713783Z","level":"info","event":"PArts bu: ['2025.10.25', '14:25:15', '39.2822', '28.1798', '7.1', '-.-', '2.2', '-.-', 'CELEBILER-SINDIRGI', '(BALIKESIR)', 'İlksel']","logger":"task.stdout"}
{"timestamp":"2025-10-25T18:28:12.713834Z","level":"info","event":"PArts bu: ['2025.10.25', '14:21:53', '39.2547', '28.0287', '19.2', '-.-', '1.6', '-.-', 'KIZILGUR-SINDIRGI', '(BALIKESIR)', 'İlksel']","logger":"task.stdout"}
{"timestamp":"2025-10-25T18:28:12.713887Z","level":"info","event":"PArts bu: ['2025.10.25', '13:42:13', '39.2397', '28.9847', '10.7', '-.-', '2.1', '-.-', 'YEMISLI-SIMAV', '(KUTAHYA)', 'İlksel']","logger":"task.stdout"}
{"timestamp":"2025-10-25T18:28:12.713938Z","level":"info","event":"PArts bu: ['2025.10.25', '13:21:56', '37.8777', '29.1688', '5.3', '-.-', '1.5', '-.-', 'ELDENIZLI-(DENIZLI)', 'İlksel']","logger":"task.stdout"}
{"timestamp":"2025-10-25T18:28:12.713988Z","level":"info","event":"PArts bu: ['2025.10.25', '13:19:06', '36.1127', '33.5700', '0.0', '-.-', '1.2', '-.-', 'BUYUKECELI-GULNAR', '(MERSIN)', 'İlksel']","logger":"task.stdout"}
{"timestamp":"2025-10-25T18:28:12.714065Z","level":"info","event":"PArts bu: ['2025.10.25', '12:53:43', '39.2160', '28.9955', '12.2', '-.-', '1.3', '-.-', 'EGIRLER-SIMAV', '(KUTAHYA)', 'İlksel']","logger":"task.stdout"}
{"timestamp":"2025-10-25T18:28:12.714197Z","level":"info","event":"PArts bu: ['2025.10.25', '12:49:00', '39.1998', '28.2833', '9.6', '-.-', '1.5', '-.-', 'ASLANDEDE-SINDIRGI', '(BALIKESIR)', 'İlksel']","logger":"task.stdout"}
{"timestamp":"2025-10-25T18:28:12.714304Z","level":"info","event":"PArts bu: ['2025.10.25', '12:41:10', '39.2362', '29.0130', '9.9', '-.-', '1.6', '-.-', 'YEMISLI-SIMAV', '(KUTAHYA)', 'İlksel']","logger":"task.stdout"}
{"timestamp":"2025-10-25T18:28:12.714367Z","level":"info","event":"PArts bu: ['2025.10.25', '12:24:57', '38.5135', '38.6392', '2.6', '-.-', '1.3', '-.-', 'DELIKTAS-BASKIL', '(ELAZIG)', 'İlksel']","logger":"task.stdout"}
{"timestamp":"2025-10-25T18:28:12.714422Z","level":"info","event":"PArts bu: ['2025.10.25', '12:22:32', '41.1947', '28.8362', '0.0', '-.-', '0.9', '-.-', 'PIRINCCI-EYUP', '(ISTANBUL)', 'İlksel']","logger":"task.stdout"}
{"timestamp":"2025-10-25T18:28:12.714476Z","level":"info","event":"PArts bu: ['2025.10.25', '12:16:45', '39.3555', '33.4227', '0.0', '-.-', '1.3', '-.-', 'TEPEKOY-BALA', '(ANKARA)', 'İlksel']","logger":"task.stdout"}
{"timestamp":"2025-10-25T18:28:12.714528Z","level":"info","event":"PArts bu: ['2025.10.25', '12:16:27', '40.2172', '31.7695', '8.6', '-.-', '2.2', '-.-', 'KOZAGAC-BEYPAZARI', '(ANKARA)', 'İlksel']","logger":"task.stdout"}
{"timestamp":"2025-10-25T18:28:12.714579Z","level":"info","event":"PArts bu: ['2025.10.25', '12:15:35', '38.2650', '37.4393', '7.5', '-.-', '1.3', '-.-', 'IKIZPINAR-ELBISTAN', '(KAHRAMANMARAS)', 'İlksel']","logger":"task.stdout"}
{"timestamp":"2025-10-25T18:28:12.714631Z","level":"info","event":"PArts bu: ['2025.10.25', '12:13:06', '38.0740', '37.2282', '2.5', '-.-', '1.9', '-.-', 'AKPINAR-EKINOZU', '(KAHRAMANMARAS)', 'İlksel']","logger":"task.stdout"}
{"timestamp":"2025-10-25T18:28:12.714683Z","level":"info","event":"PArts bu: ['2025.10.25', '11:50:02', '39.2445', '29.0365', '11.0', '-.-', '0.8', '-.-', 'KATRANDAGI-EMET', '(KUTAHYA)', 'İlksel']","logger":"task.stdout"}
{"timestamp":"2025-10-25T18:28:12.714736Z","level":"info","event":"PArts bu: ['2025.10.25', '11:44:48', '39.2790', '28.9990', '8.2', '-.-', '0.8', '-.-', 'YESILDERE-SIMAV', '(KUTAHYA)', 'İlksel']","logger":"task.stdout"}
{"timestamp":"2025-10-25T18:28:12.714796Z","level":"info","event":"PArts bu: ['2025.10.25', '11:43:47', '39.2312', '29.0643', '10.6', '-.-', '1.3', '-.-', 'KATRANDAGI-EMET', '(KUTAHYA)', 'İlksel']","logger":"task.stdout"}
{"timestamp":"2025-10-25T18:28:12.714854Z","level":"info","event":"PArts bu: ['2025.10.25', '11:37:52', '39.1338', '27.9910', '5.3', '-.-', '1.3', '-.-', 'KAYGANLI-AKHISAR', '(MANISA)', 'İlksel']","logger":"task.stdout"}
{"timestamp":"2025-10-25T18:28:12.714907Z","level":"info","event":"PArts bu: ['2025.10.25', '11:33:21', '39.1950', '28.0253', '8.1', '-.-', '1.7', '-.-', 'SAHINKAYA-SINDIRGI', '(BALIKESIR)', 'İlksel']","logger":"task.stdout"}
{"timestamp":"2025-10-25T18:28:12.714958Z","level":"info","event":"PArts bu: ['2025.10.25', '11:02:53', '39.1425', '29.1222', '12.9', '-.-', '0.8', '-.-', 'SOGUT-SIMAV', '(KUTAHYA)', 'İlksel']","logger":"task.stdout"}
{"timestamp":"2025-10-25T18:28:12.715008Z","level":"info","event":"PArts bu: ['2025.10.25', '10:44:20', '39.2295', '29.0417', '7.1', '-.-', '2.1', '-.-', 'KATRANDAGI-EMET', '(KUTAHYA)', 'İlksel']","logger":"task.stdout"}
{"timestamp":"2025-10-25T18:28:12.715058Z","level":"info","event":"PArts bu: ['2025.10.25', '10:43:02', '39.2342', '29.0110', '16.0', '-.-', '1.3', '-.-', 'YEMISLI-SIMAV', '(KUTAHYA)', 'İlksel']","logger":"task.stdout"}
{"timestamp":"2025-10-25T18:28:12.715112Z","level":"info","event":"PArts bu: ['2025.10.25', '10:41:14', '35.8565', '25.6065', '20.5', '-.-', '2.6', '-.-', 'EGE', 'DENIZI', 'İlksel']","logger":"task.stdout"}
{"timestamp":"2025-10-25T18:28:12.715161Z","level":"info","event":"PArts bu: ['2025.10.25', '10:09:59', '39.1638', '27.9610', '8.8', '-.-', '1.4', '-.-', 'AKKOCALI-AKHISAR', '(MANISA)', 'İlksel']","logger":"task.stdout"}
{"timestamp":"2025-10-25T18:28:12.715211Z","level":"info","event":"PArts bu: ['2025.10.25', '10:01:28', '39.2117', '28.1268', '16.0', '-.-', '1.0', '-.-', 'KERTIL-SINDIRGI', '(BALIKESIR)', 'İlksel']","logger":"task.stdout"}
{"timestamp":"2025-10-25T18:28:12.715301Z","level":"info","event":"PArts bu: ['2025.10.25', '09:47:03', '37.4598', '37.0148', '2.9', '-.-', '1.8', '-.-', 'KAPICAM-(KAHRAMANMARAS)', 'İlksel']","logger":"task.stdout"}
{"timestamp":"2025-10-25T18:28:12.715352Z","level":"info","event":"PArts bu: ['2025.10.25', '09:46:50', '39.1890', '28.1883', '8.1', '-.-', '1.6', '-.-', 'YAYLACIK-SINDIRGI', '(BALIKESIR)', 'İlksel']","logger":"task.stdout"}
{"timestamp":"2025-10-25T18:28:12.715403Z","level":"info","event":"PArts bu: ['2025.10.25', '09:45:09', '39.1487', '28.1697', '5.4', '-.-', '1.4', '-.-', 'AKTAS-SINDIRGI', '(BALIKESIR)', 'İlksel']","logger":"task.stdout"}
{"timestamp":"2025-10-25T18:28:12.715452Z","level":"info","event":"PArts bu: ['2025.10.25', '09:39:40', '39.2245', '28.0618', '13.6', '-.-', '1.2', '-.-', 'ALAKIR-SINDIRGI', '(BALIKESIR)', 'İlksel']","logger":"task.stdout"}
{"timestamp":"2025-10-25T18:28:12.715501Z","level":"info","event":"PArts bu: ['2025.10.25', '09:36:59', '40.3788', '29.2487', '0.0', '-.-', '1.5', '-.-', 'GUVENLI-GEMLIK', '(BURSA)', 'İlksel']","logger":"task.stdout"}
{"timestamp":"2025-10-25T18:28:12.715550Z","level":"info","event":"PArts bu: ['2025.10.25', '09:35:25', '39.2530', '28.1205', '11.1', '-.-', '1.2', '-.-', 'KARAGUR-SINDIRGI', '(BALIKESIR)', 'İlksel']","logger":"task.stdout"}
{"timestamp":"2025-10-25T18:28:12.715598Z","level":"info","event":"PArts bu: ['2025.10.25', '09:19:36', '39.1035', '28.1197', '12.9', '-.-', '2.1', '-.-', 'HANPASA-AKHISAR', '(MANISA)', 'İlksel']","logger":"task.stdout"}
{"timestamp":"2025-10-25T18:28:12.715647Z","level":"info","event":"PArts bu: ['2025.10.25', '08:43:27', '40.8042', '31.7677', '0.0', '-.-', '1.6', '-.-', 'TOKMAKLAR', '(BOLU)', 'İlksel']","logger":"task.stdout"}
{"timestamp":"2025-10-25T18:28:12.715696Z","level":"info","event":"PArts bu: ['2025.10.25', '08:15:33', '39.2318', '28.9427', '8.4', '-.-', '1.4', '-.-', 'YENILER-SIMAV', '(KUTAHYA)', 'İlksel']","logger":"task.stdout"}
{"timestamp":"2025-10-25T18:28:12.715745Z","level":"info","event":"PArts bu: ['2025.10.25', '07:55:44', '39.2487', '28.0953', '4.6', '-.-', '1.4', '-.-', 'KOZLU-SINDIRGI', '(BALIKESIR)', 'İlksel']","logger":"task.stdout"}
{"timestamp":"2025-10-25T18:28:12.715794Z","level":"info","event":"PArts bu: ['2025.10.25', '07:50:11', '39.2418', '28.9368', '7.3', '-.-', '2.1', '-.-', 'YENILER-SIMAV', '(KUTAHYA)', 'İlksel']","logger":"task.stdout"}
{"timestamp":"2025-10-25T18:28:12.715843Z","level":"info","event":"PArts bu: ['2025.10.25', '07:42:48', '39.2260', '28.0487', '7.5', '-.-', '2.9', '-.-', 'ALAKIR-SINDIRGI', '(BALIKESIR)', 'İlksel']","logger":"task.stdout"}
{"timestamp":"2025-10-25T18:28:12.715919Z","level":"info","event":"PArts bu: ['2025.10.25', '07:31:42', '37.9560', '36.3312', '20.4', '-.-', '1.6', '-.-', 'SIRMALI-GOKSUN', '(KAHRAMANMARAS)', 'İlksel']","logger":"task.stdout"}
{"timestamp":"2025-10-25T18:28:12.715970Z","level":"info","event":"PArts bu: ['2025.10.25', '07:23:43', '39.2207', '28.0367', '8.0', '-.-', '2.6', '-.-', 'SAHINKAYA-SINDIRGI', '(BALIKESIR)', 'İlksel']","logger":"task.stdout"}
{"timestamp":"2025-10-25T18:28:12.716020Z","level":"info","event":"PArts bu: ['2025.10.25', '07:10:16', '39.2467', '28.9547', '5.4', '-.-', '2.2', '-.-', 'YENILER-SIMAV', '(KUTAHYA)', 'İlksel']","logger":"task.stdout"}
{"timestamp":"2025-10-25T18:28:12.716083Z","level":"info","event":"PArts bu: ['2025.10.25', '07:01:54', '38.0575', '37.3433', '5.0', '-.-', '1.8', '-.-', 'AGCASAR-NURHAK', '(KAHRAMANMARAS)', 'İlksel']","logger":"task.stdout"}
{"timestamp":"2025-10-25T18:28:12.716132Z","level":"info","event":"PArts bu: ['2025.10.25', '06:34:53', '39.2207', '28.1143', '9.0', '-.-', '1.6', '-.-', 'BAYIRLI-SINDIRGI', '(BALIKESIR)', 'İlksel']","logger":"task.stdout"}
{"timestamp":"2025-10-25T18:28:12.716182Z","level":"info","event":"PArts bu: ['2025.10.25', '06:27:17', '39.2130', '28.1317', '10.9', '-.-', '2.3', '-.-', 'MANDIRA-SINDIRGI', '(BALIKESIR)', 'İlksel']","logger":"task.stdout"}
{"timestamp":"2025-10-25T18:28:12.716263Z","level":"info","event":"PArts bu: ['2025.10.25', '06:20:33', '39.2050', '28.1183', '7.4', '-.-', '1.2', '-.-', 'KERTIL-SINDIRGI', '(BALIKESIR)', 'İlksel']","logger":"task.stdout"}
{"timestamp":"2025-10-25T18:28:12.716313Z","level":"info","event":"PArts bu: ['2025.10.25', '06:14:40', '39.2357', '28.1722', '7.5', '-.-', '1.2', '-.-', 'SINDIRGI', '(BALIKESIR)', 'İlksel']","logger":"task.stdout"}
{"timestamp":"2025-10-25T18:28:12.716362Z","level":"info","event":"PArts bu: ['2025.10.25', '06:09:55', '37.3760', '35.8962', '22.8', '-.-', '1.1', '-.-', 'BULDUKLU-KOZAN', '(ADANA)', 'İlksel']","logger":"task.stdout"}
{"timestamp":"2025-10-25T18:28:12.716412Z","level":"info","event":"PArts bu: ['2025.10.25', '06:07:09', '39.3688', '28.0105', '5.1', '-.-', '2.0', '-.-', 'HAMIDIYE-BIGADIC', '(BALIKESIR)', 'İlksel']","logger":"task.stdout"}
{"timestamp":"2025-10-25T18:28:12.716462Z","level":"info","event":"PArts bu: ['2025.10.25', '06:01:30', '39.1590', '28.1793', '13.2', '-.-', '1.0', '-.-', 'AKTAS-SINDIRGI', '(BALIKESIR)', 'İlksel']","logger":"task.stdout"}
{"timestamp":"2025-10-25T18:28:12.716513Z","level":"info","event":"PArts bu: ['2025.10.25', '05:57:48', '39.2287', '28.0497', '8.6', '-.-', '2.7', '-.-', 'ALAKIR-SINDIRGI', '(BALIKESIR)', 'İlksel']","logger":"task.stdout"}
{"timestamp":"2025-10-25T18:28:12.716563Z","level":"info","event":"PArts bu: ['2025.10.25', '05:48:14', '39.2567', '28.9707', '14.3', '-.-', '1.1', '-.-', 'YEMISLI-SIMAV', '(KUTAHYA)', 'İlksel']","logger":"task.stdout"}
{"timestamp":"2025-10-25T18:28:12.716612Z","level":"info","event":"PArts bu: ['2025.10.25', '05:45:46', '39.3618', '28.0413', '5.0', '-.-', '2.4', '-.-', 'ESMEDERE-SINDIRGI', '(BALIKESIR)', 'İlksel']","logger":"task.stdout"}
{"timestamp":"2025-10-25T18:28:12.716662Z","level":"info","event":"PArts bu: ['2025.10.25', '05:43:02', '37.0697', '35.9792', '9.0', '-.-', '1.4', '-.-', 'GUNYAZI-CEYHAN', '(ADANA)', 'İlksel']","logger":"task.stdout"}
{"timestamp":"2025-10-25T18:28:12.716712Z","level":"info","event":"PArts bu: ['2025.10.25', '05:42:28', '39.2385', '28.0670', '9.9', '-.-', '2.1', '-.-', 'ALAKIR-SINDIRGI', '(BALIKESIR)', 'İlksel']","logger":"task.stdout"}
{"timestamp":"2025-10-25T18:28:12.716762Z","level":"info","event":"PArts bu: ['2025.10.25', '04:46:55', '40.3455', '24.1128', '6.8', '-.-', '2.4', '-.-', 'YUNANISTAN', 'İlksel']","logger":"task.stdout"}
{"timestamp":"2025-10-25T18:28:12.716810Z","level":"info","event":"PArts bu: ['2025.10.25', '04:45:00', '39.2395', '28.9823', '11.3', '-.-', '1.3', '-.-', 'YEMISLI-SIMAV', '(KUTAHYA)', 'İlksel']","logger":"task.stdout"}
{"timestamp":"2025-10-25T18:28:12.716860Z","level":"info","event":"PArts bu: ['2025.10.25', '04:40:42', '39.1483', '28.1328', '16.2', '-.-', '1.2', '-.-', 'SINANDEDE-SINDIRGI', '(BALIKESIR)', 'İlksel']","logger":"task.stdout"}
{"timestamp":"2025-10-25T18:28:12.716909Z","level":"info","event":"PArts bu: ['2025.10.25', '04:34:47', '38.1427', '36.9110', '6.9', '-.-', '1.7', '-.-', 'SOGUCAK-AFSIN', '(KAHRAMANMARAS)', 'İlksel']","logger":"task.stdout"}
{"timestamp":"2025-10-25T18:28:12.716958Z","level":"info","event":"PArts bu: ['2025.10.25', '04:20:05', '39.2392', '28.9960', '10.0', '-.-', '1.5', '-.-', 'YEMISLI-SIMAV', '(KUTAHYA)', 'İlksel']","logger":"task.stdout"}
{"timestamp":"2025-10-25T18:28:12.717007Z","level":"info","event":"PArts bu: ['2025.10.25', '04:11:09', '39.1702', '28.1705', '8.2', '-.-', '1.6', '-.-', 'SINANDEDE-SINDIRGI', '(BALIKESIR)', 'İlksel']","logger":"task.stdout"}
{"timestamp":"2025-10-25T18:28:12.717056Z","level":"info","event":"PArts bu: ['2025.10.25', '03:58:38', '39.2308', '28.1785', '9.2', '-.-', '1.4', '-.-', 'SINDIRGI', '(BALIKESIR)', 'İlksel']","logger":"task.stdout"}
{"timestamp":"2025-10-25T18:28:12.717105Z","level":"info","event":"PArts bu: ['2025.10.25', '03:32:33', '39.1840', '28.1987', '12.5', '-.-', '3.7', '-.-', 'AKTAS-SINDIRGI', '(BALIKESIR)', 'İlksel']","logger":"task.stdout"}
{"timestamp":"2025-10-25T18:28:12.717154Z","level":"info","event":"PArts bu: ['2025.10.25', '03:29:19', '39.1927', '28.1947', '11.8', '-.-', '0.8', '-.-', 'YAYLACIK-SINDIRGI', '(BALIKESIR)', 'İlksel']","logger":"task.stdout"}
{"timestamp":"2025-10-25T18:28:12.717231Z","level":"info","event":"PArts bu: ['2025.10.25', '03:27:37', '35.1078', '33.3895', '48.5', '-.-', '2.3', '-.-', 'KIBRIS-LEFKOSA', 'İlksel']","logger":"task.stdout"}
{"timestamp":"2025-10-25T18:28:12.717281Z","level":"info","event":"PArts bu: ['2025.10.25', '03:07:15', '39.1922', '28.1833', '13.1', '-.-', '2.6', '-.-', 'YAYLACIK-SINDIRGI', '(BALIKESIR)', 'İlksel']","logger":"task.stdout"}
{"timestamp":"2025-10-25T18:28:12.717331Z","level":"info","event":"PArts bu: ['2025.10.25', '03:04:54', '39.2573', '28.9935', '6.5', '-.-', '1.1', '-.-', 'YEMISLI-SIMAV', '(KUTAHYA)', 'İlksel']","logger":"task.stdout"}
{"timestamp":"2025-10-25T18:28:12.717380Z","level":"info","event":"PArts bu: ['2025.10.25', '02:55:18', '35.8278', '29.2013', '7.4', '-.-', '1.3', '-.-', 'AKDENIZ', 'İlksel']","logger":"task.stdout"}
{"timestamp":"2025-10-25T18:28:12.717430Z","level":"info","event":"PArts bu: ['2025.10.25', '02:47:38', '38.1185', '37.8223', '5.0', '-.-', '1.3', '-.-', 'FINDIKKOY-DOGANSEHIR', '(MALATYA)', 'İlksel']","logger":"task.stdout"}
{"timestamp":"2025-10-25T18:28:12.717480Z","level":"info","event":"PArts bu: ['2025.10.25', '02:44:13', '38.2123', '38.7245', '21.3', '-.-', '1.2', '-.-', 'PAZARCIK-PUTURGE', '(MALATYA)', 'İlksel']","logger":"task.stdout"}
{"timestamp":"2025-10-25T18:28:12.717530Z","level":"info","event":"PArts bu: ['2025.10.25', '02:33:16', '38.4282', '38.1958', '25.8', '-.-', '0.8', '-.-', 'SAHNAHAN', '(MALATYA)', 'İlksel']","logger":"task.stdout"}
{"timestamp":"2025-10-25T18:28:12.717600Z","level":"info","event":"PArts bu: ['2025.10.25', '02:28:12', '40.4212', '28.4510', '5.2', '-.-', '2.3', '-.-', 'BOGAZ-KARACABEY', '(BURSA)', 'İlksel']","logger":"task.stdout"}
{"timestamp":"2025-10-25T18:28:12.717651Z","level":"info","event":"PArts bu: ['2025.10.25', '02:19:39', '39.2352', '29.0005', '9.5', '-.-', '1.4', '-.-', 'YEMISLI-SIMAV', '(KUTAHYA)', 'İlksel']","logger":"task.stdout"}
{"timestamp":"2025-10-25T18:28:12.717700Z","level":"info","event":"PArts bu: ['2025.10.25', '02:18:10', '39.2422', '28.9963', '5.4', '-.-', '1.5', '-.-', 'YEMISLI-SIMAV', '(KUTAHYA)', 'İlksel']","logger":"task.stdout"}
{"timestamp":"2025-10-25T18:28:12.717749Z","level":"info","event":"PArts bu: ['2025.10.25', '02:08:46', '38.2792', '38.8375', '22.5', '-.-', '1.0', '-.-', 'AKTARLI-PUTURGE', '(MALATYA)', 'İlksel']","logger":"task.stdout"}
{"timestamp":"2025-10-25T18:28:12.717798Z","level":"info","event":"PArts bu: ['2025.10.25', '02:03:20', '39.1825', '28.1673', '10.9', '-.-', '1.2', '-.-', 'SINANDEDE-SINDIRGI', '(BALIKESIR)', 'İlksel']","logger":"task.stdout"}
{"timestamp":"2025-10-25T18:28:12.717847Z","level":"info","event":"PArts bu: ['2025.10.25', '02:02:40', '39.2017', '28.0787', '10.2', '-.-', '1.2', '-.-', 'KERTIL-SINDIRGI', '(BALIKESIR)', 'İlksel']","logger":"task.stdout"}
{"timestamp":"2025-10-25T18:28:12.717896Z","level":"info","event":"PArts bu: ['2025.10.25', '02:02:09', '39.1585', '28.1385', '13.0', '-.-', '1.2', '-.-', 'SINANDEDE-SINDIRGI', '(BALIKESIR)', 'İlksel']","logger":"task.stdout"}
{"timestamp":"2025-10-25T18:28:12.717945Z","level":"info","event":"PArts bu: ['2025.10.25', '02:00:38', '39.2218', '29.0193', '12.3', '-.-', '1.2', '-.-', 'EGIRLER-SIMAV', '(KUTAHYA)', 'İlksel']","logger":"task.stdout"}
{"timestamp":"2025-10-25T18:28:12.717994Z","level":"info","event":"PArts bu: ['2025.10.25', '01:57:08', '39.1685', '29.0818', '9.9', '-.-', '1.3', '-.-', 'AHLATLICESME-SIMAV', '(KUTAHYA)', 'İlksel']","logger":"task.stdout"}
{"timestamp":"2025-10-25T18:28:12.718043Z","level":"info","event":"PArts bu: ['2025.10.25', '01:51:16', '39.2480', '28.9957', '5.4', '-.-', '2.2', '-.-', 'YEMISLI-SIMAV', '(KUTAHYA)', 'İlksel']","logger":"task.stdout"}
{"timestamp":"2025-10-25T18:28:12.718092Z","level":"info","event":"PArts bu: ['2025.10.25', '01:48:32', '38.1218', '38.5978', '5.0', '-.-', '0.9', '-.-', 'TEKEDERESI-PUTURGE', '(MALATYA)', 'İlksel']","logger":"task.stdout"}
{"timestamp":"2025-10-25T18:28:12.718170Z","level":"info","event":"PArts bu: ['2025.10.25', '01:45:15', '39.1885', '28.2163', '7.6', '-.-', '1.4', '-.-', 'ILICA-SINDIRGI', '(BALIKESIR)', 'İlksel']","logger":"task.stdout"}
{"timestamp":"2025-10-25T18:28:12.718219Z","level":"info","event":"PArts bu: ['2025.10.25', '01:43:44', '39.2323', '28.9868', '8.0', '-.-', '2.5', '-.-', 'YEMISLI-SIMAV', '(KUTAHYA)', 'İlksel']","logger":"task.stdout"}
{"timestamp":"2025-10-25T18:28:12.718268Z","level":"info","event":"PArts bu: ['2025.10.25', '01:40:49', '39.1455', '28.1608', '10.2', '-.-', '1.0', '-.-', 'SINANDEDE-SINDIRGI', '(BALIKESIR)', 'İlksel']","logger":"task.stdout"}
{"timestamp":"2025-10-25T18:28:12.718316Z","level":"info","event":"PArts bu: ['2025.10.25', '01:35:15', '40.8595', '31.5395', '9.4', '-.-', '1.6', '-.-', 'KOZLU', '(BOLU)', 'İlksel']","logger":"task.stdout"}
{"timestamp":"2025-10-25T18:28:12.718367Z","level":"info","event":"PArts bu: ['2025.10.25', '01:19:31', '39.1540', '28.3088', '8.4', '-.-', '1.1', '-.-', 'KUCUKDAGDERE-SINDIRGI', '(BALIKESIR)', 'İlksel']","logger":"task.stdout"}
{"timestamp":"2025-10-25T18:28:12.718416Z","level":"info","event":"PArts bu: ['2025.10.25', '01:11:20', '39.2032', '27.9972', '9.3', '-.-', '2.1', '-.-', 'SAHINKAYA-SINDIRGI', '(BALIKESIR)', 'İlksel']","logger":"task.stdout"}
{"timestamp":"2025-10-25T18:28:12.718464Z","level":"info","event":"PArts bu: ['2025.10.25', '00:57:35', '38.3153', '38.7520', '21.2', '-.-', '1.0', '-.-', 'SARIOT-KALE', '(MALATYA)', 'İlksel']","logger":"task.stdout"}
{"timestamp":"2025-10-25T18:28:12.718512Z","level":"info","event":"PArts bu: ['2025.10.25', '00:56:43', '39.3165', '28.0040', '6.5', '-.-', '1.5', '-.-', 'GOLCUK-SINDIRGI', '(BALIKESIR)', 'İlksel']","logger":"task.stdout"}
{"timestamp":"2025-10-25T18:28:12.718561Z","level":"info","event":"PArts bu: ['2025.10.25', '00:55:16', '39.2062', '28.1487', '12.7', '-.-', '2.0', '-.-', 'YAYLACIK-SINDIRGI', '(BALIKESIR)', 'İlksel']","logger":"task.stdout"}
{"timestamp":"2025-10-25T18:28:12.718609Z","level":"info","event":"PArts bu: ['2025.10.25', '00:24:20', '34.9005', '28.9185', '8.8', '-.-', '3.1', '3.3', 'AKDENIZ', 'İlksel']","logger":"task.stdout"}
{"timestamp":"2025-10-25T18:28:12.718658Z","level":"info","event":"PArts bu: ['2025.10.24', '23:41:59', '38.0532', '37.7358', '5.0', '-.-', '2.8', '-.-', 'SOGUT-DOGANSEHIR', '(MALATYA)', 'İlksel']","logger":"task.stdout"}
{"timestamp":"2025-10-25T18:28:12.718707Z","level":"info","event":"PArts bu: ['2025.10.24', '23:28:06', '39.1953', '28.1763', '7.6', '-.-', '1.7', '-.-', 'YAYLACIK-SINDIRGI', '(BALIKESIR)', 'İlksel']","logger":"task.stdout"}
{"timestamp":"2025-10-25T18:28:12.718755Z","level":"info","event":"PArts bu: ['2025.10.24', '23:07:29', '39.2352', '28.0345', '6.6', '-.-', '1.6', '-.-', 'ALAKIR-SINDIRGI', '(BALIKESIR)', 'İlksel']","logger":"task.stdout"}
{"timestamp":"2025-10-25T18:28:12.718804Z","level":"info","event":"PArts bu: ['2025.10.24', '22:59:58', '39.2582', '28.9528', '9.8', '-.-', '1.1', '-.-', 'KARAKOCA-SIMAV', '(KUTAHYA)', 'İlksel']","logger":"task.stdout"}
{"timestamp":"2025-10-25T18:28:12.718852Z","level":"info","event":"PArts bu: ['2025.10.24', '22:58:02', '39.2622', '28.9702', '11.7', '-.-', '1.7', '-.-', 'KARAKOCA-SIMAV', '(KUTAHYA)', 'İlksel']","logger":"task.stdout"}
{"timestamp":"2025-10-25T18:28:12.718901Z","level":"info","event":"PArts bu: ['2025.10.24', '22:49:10', '40.8675', '28.4800', '7.5', '-.-', '2.4', '-.-', 'GURPINAR', 'ACIKLARI-ISTANBUL', '(MARMARA', 'DENIZI)', 'İlksel']","logger":"task.stdout"}
{"timestamp":"2025-10-25T18:28:12.718950Z","level":"info","event":"PArts bu: ['2025.10.24', '21:59:16', '39.1763', '28.0828', '20.7', '-.-', '1.3', '-.-', 'KERTIL-SINDIRGI', '(BALIKESIR)', 'İlksel']","logger":"task.stdout"}
{"timestamp":"2025-10-25T18:28:12.719000Z","level":"info","event":"PArts bu: ['2025.10.24', '21:38:19', '38.1617', '36.8837', '5.0', '-.-', '2.6', '-.-', 'ESENCE-AFSIN', '(KAHRAMANMARAS)', 'İlksel']","logger":"task.stdout"}
{"timestamp":"2025-10-25T18:28:12.719047Z","level":"info","event":"PArts bu: ['2025.10.24', '21:19:37', '39.2045', '28.9227', '22.4', '-.-', '1.1', '-.-', 'HAMZABEY-SIMAV', '(KUTAHYA)', 'İlksel']","logger":"task.stdout"}
{"timestamp":"2025-10-25T18:28:12.719138Z","level":"info","event":"PArts bu: ['2025.10.24', '21:16:30', '38.2778', '38.6458', '7.7', '-.-', '1.9', '-.-', 'ALHANUSAGI', '(MALATYA)', 'İlksel']","logger":"task.stdout"}
{"timestamp":"2025-10-25T18:28:12.719205Z","level":"info","event":"PArts bu: ['2025.10.24', '20:57:19', '39.3087', '27.9623', '7.4', '-.-', '1.3', '-.-', 'GOLCUK-SINDIRGI', '(BALIKESIR)', 'İlksel']","logger":"task.stdout"}
{"timestamp":"2025-10-25T18:28:12.719256Z","level":"info","event":"PArts bu: ['2025.10.24', '20:39:32', '39.1885', '28.2520', '9.5', '-.-', '1.4', '-.-', 'ILICA-SINDIRGI', '(BALIKESIR)', 'İlksel']","logger":"task.stdout"}
{"timestamp":"2025-10-25T18:28:12.719307Z","level":"info","event":"PArts bu: ['2025.10.24', '20:33:21', '39.3737', '27.9908', '5.0', '-.-', '1.4', '-.-', 'HAMIDIYE-BIGADIC', '(BALIKESIR)', 'İlksel']","logger":"task.stdout"}
{"timestamp":"2025-10-25T18:28:12.719353Z","level":"info","event":"PArts bu: ['2025.10.24', '20:03:22', '35.9955', '28.9385', '19.8', '-.-', '1.8', '-.-', 'AKDENIZ', 'İlksel']","logger":"task.stdout"}
{"timestamp":"2025-10-25T18:28:12.719400Z","level":"info","event":"PArts bu: ['2025.10.24', '19:28:21', '37.0195', '26.8158', '11.5', '-.-', '1.7', '-.-', 'ONIKI', 'ADALAR', '(EGE', 'DENIZI)', 'İlksel']","logger":"task.stdout"}
{"timestamp":"2025-10-25T18:28:12.719446Z","level":"info","event":"PArts bu: ['2025.10.24', '19:10:46', '36.0508', '28.9840', '9.4', '-.-', '2.3', '-.-', 'AKDENIZ', 'İlksel']","logger":"task.stdout"}
{"timestamp":"2025-10-25T18:28:12.719492Z","level":"info","event":"PArts bu: ['2025.10.24', '19:07:21', '39.2162', '28.1252', '12.2', '-.-', '1.4', '-.-', 'BAYIRLI-SINDIRGI', '(BALIKESIR)', 'İlksel']","logger":"task.stdout"}
{"timestamp":"2025-10-25T18:28:12.719537Z","level":"info","event":"PArts bu: ['2025.10.24', '19:05:57', '39.1753', '28.0840', '11.8', '-.-', '1.4', '-.-', 'KERTIL-SINDIRGI', '(BALIKESIR)', 'İlksel']","logger":"task.stdout"}
{"timestamp":"2025-10-25T18:28:12.719582Z","level":"info","event":"PArts bu: ['2025.10.24', '19:01:17', '39.2387', '29.0163', '10.6', '-.-', '1.3', '-.-', 'YEMISLI-SIMAV', '(KUTAHYA)', 'İlksel']","logger":"task.stdout"}
{"timestamp":"2025-10-25T18:28:12.719627Z","level":"info","event":"PArts bu: ['2025.10.24', '18:52:32', '38.2627', '40.4032', '19.1', '-.-', '1.5', '-.-', 'NEFIRTAS-SUR', '(DIYARBAKIR)', 'İlksel']","logger":"task.stdout"}
{"timestamp":"2025-10-25T18:28:12.719673Z","level":"info","event":"PArts bu: ['2025.10.24', '18:26:47', '37.3128', '37.0543', '4.7', '-.-', '1.5', '-.-', 'EMIROGLU-PAZARCIK', '(KAHRAMANMARAS)', 'İlksel']","logger":"task.stdout"}
{"timestamp":"2025-10-25T18:28:12.719718Z","level":"info","event":"PArts bu: ['2025.10.24', '18:23:33', '39.2595', '28.0953', '13.0', '-.-', '3.1', '3.1', 'KARAGUR-SINDIRGI', '(BALIKESIR)', 'İlksel']","logger":"task.stdout"}
{"timestamp":"2025-10-25T18:28:12.719763Z","level":"info","event":"PArts bu: ['2025.10.24', '18:10:46', '39.2473', '29.0133', '17.9', '-.-', '1.2', '-.-', 'YEMISLI-SIMAV', '(KUTAHYA)', 'İlksel']","logger":"task.stdout"}
{"timestamp":"2025-10-25T18:28:12.719814Z","level":"info","event":"PArts bu: ['2025.10.24', '17:53:52', '38.0848', '38.6050', '23.9', '-.-', '1.4', '-.-', 'SAKIZ-SINCIK', '(ADIYAMAN)', 'İlksel']","logger":"task.stdout"}
{"timestamp":"2025-10-25T18:28:12.719866Z","level":"info","event":"PArts bu: ['2025.10.24', '17:47:23', '38.4520', '38.2208', '5.0', '-.-', '1.2', '-.-', 'TOPRAKTEPE', '(MALATYA)', 'İlksel']","logger":"task.stdout"}
{"timestamp":"2025-10-25T18:28:12.719912Z","level":"info","event":"PArts bu: ['2025.10.24', '17:41:42', '38.3683', '27.6802', '21.2', '-.-', '1.8', '-.-', 'OVACIK-KEMALPASA', '(IZMIR)', 'İlksel']","logger":"task.stdout"}
{"timestamp":"2025-10-25T18:28:12.719959Z","level":"info","event":"PArts bu: ['2025.10.24', '17:32:13', '38.9245', '27.9623', '18.0', '-.-', '1.6', '-.-', 'DURASIL-AKHISAR', '(MANISA)', 'İlksel']","logger":"task.stdout"}
{"timestamp":"2025-10-25T18:28:12.720046Z","level":"info","event":"PArts bu: ['2025.10.24', '17:28:24', '38.2943', '38.5880', '26.3', '-.-', '1.3', '-.-', 'TANISIK', '(MALATYA)', 'İlksel']","logger":"task.stdout"}
{"timestamp":"2025-10-25T18:28:12.720092Z","level":"info","event":"PArts bu: ['2025.10.24', '17:21:21', '38.4763', '29.1972', '19.3', '-.-', '1.6', '-.-', 'KISLA-ULUBEY', '(USAK)', 'İlksel']","logger":"task.stdout"}
{"timestamp":"2025-10-25T18:28:12.720137Z","level":"info","event":"PArts bu: ['2025.10.24', '17:16:18', '36.1278', '35.4932', '27.1', '-.-', '1.4', '-.-', 'AKDENIZ', 'İlksel']","logger":"task.stdout"}
{"timestamp":"2025-10-25T18:28:12.720182Z","level":"info","event":"PArts bu: ['2025.10.24', '16:53:27', '37.0970', '28.3683', '9.9', '-.-', '1.3', '-.-', 'KIZILAGAC-ULA', '(MUGLA)', 'İlksel']","logger":"task.stdout"}
{"timestamp":"2025-10-25T18:28:12.720228Z","level":"info","event":"PArts bu: ['2025.10.24', '16:32:26', '39.1970', '28.2340', '10.8', '-.-', '1.9', '-.-', 'ILICA-SINDIRGI', '(BALIKESIR)', 'İlksel']","logger":"task.stdout"}
{"timestamp":"2025-10-25T18:28:12.720273Z","level":"info","event":"PArts bu: ['2025.10.24', '16:20:47', '39.2578', '28.9953', '11.8', '-.-', '1.4', '-.-', 'YESILDERE-SIMAV', '(KUTAHYA)', 'İlksel']","logger":"task.stdout"}
{"timestamp":"2025-10-25T18:28:12.720318Z","level":"info","event":"PArts bu: ['2025.10.24', '16:18:45', '37.9793', '28.8415', '7.1', '-.-', '2.5', '-.-', 'KIZILDERE-BUHARKENT', '(AYDIN)', 'İlksel']","logger":"task.stdout"}
{"timestamp":"2025-10-25T18:28:12.720365Z","level":"info","event":"PArts bu: ['2025.10.24', '16:17:32', '39.2558', '28.9815', '5.3', '-.-', '2.2', '-.-', 'YEMISLI-SIMAV', '(KUTAHYA)', 'İlksel']","logger":"task.stdout"}
{"timestamp":"2025-10-25T18:28:12.720411Z","level":"info","event":"PArts bu: ['2025.10.24', '15:51:14', '40.4680', '29.1998', '9.6', '-.-', '1.8', '-.-', 'SAHINYURDU-GEMLIK', '(BURSA)', 'İlksel']","logger":"task.stdout"}
{"timestamp":"2025-10-25T18:28:12.720456Z","level":"info","event":"PArts bu: ['2025.10.24', '15:31:29', '38.6293', '26.7205', '6.5', '-.-', '2.7', '-.-', 'FOCA', '(IZMIR)', 'İlksel']","logger":"task.stdout"}
{"timestamp":"2025-10-25T18:28:12.720501Z","level":"info","event":"PArts bu: ['2025.10.24', '15:28:50', '39.2345', '28.1592', '7.3', '-.-', '1.3', '-.-', 'MANDIRA-SINDIRGI', '(BALIKESIR)', 'İlksel']","logger":"task.stdout"}
{"timestamp":"2025-10-25T18:28:12.720546Z","level":"info","event":"PArts bu: ['2025.10.24', '15:18:32', '39.2810', '28.9913', '12.3', '-.-', '1.5', '-.-', 'YESILDERE-SIMAV', '(KUTAHYA)', 'İlksel']","logger":"task.stdout"}
{"timestamp":"2025-10-25T18:28:12.720591Z","level":"info","event":"PArts bu: ['2025.10.24', '15:10:52', '37.3998', '36.9003', '6.8', '-.-', '1.6', '-.-', 'KILILI-TURKOGLU', '(KAHRAMANMARAS)', 'İlksel']","logger":"task.stdout"}
{"timestamp":"2025-10-25T18:28:12.720636Z","level":"info","event":"PArts bu: ['2025.10.24', '14:55:38', '39.1967', '28.9640', '16.9', '-.-', '1.4', '-.-', 'EGIRLER-SIMAV', '(KUTAHYA)', 'İlksel']","logger":"task.stdout"}
{"timestamp":"2025-10-25T18:28:12.720681Z","level":"info","event":"PArts bu: ['2025.10.24', '14:34:22', '38.7767', '37.9607', '7.2', '-.-', '2.3', '-.-', 'DUMLU-HEKIMHAN', '(MALATYA)', 'İlksel']","logger":"task.stdout"}
{"timestamp":"2025-10-25T18:28:12.720741Z","level":"info","event":"PArts bu: ['2025.10.24', '14:29:56', '38.3138', '37.7242', '9.5', '-.-', '1.8', '-.-', 'BEKIRUSAGI-AKCADAG', '(MALATYA)', 'İlksel']","logger":"task.stdout"}
{"timestamp":"2025-10-25T18:28:12.720787Z","level":"info","event":"PArts bu: ['2025.10.24', '14:23:42', '39.1462', '30.5025', '14.4', '-.-', '1.5', '-.-', 'SARICAOVA-IHSANIYE', '(AFYONKARAHISAR)', 'İlksel']","logger":"task.stdout"}
{"timestamp":"2025-10-25T18:28:12.720832Z","level":"info","event":"PArts bu: ['2025.10.24', '14:18:49', '39.2268', '29.0122', '14.5', '-.-', '1.3', '-.-', 'YEMISLI-SIMAV', '(KUTAHYA)', 'İlksel']","logger":"task.stdout"}
{"timestamp":"2025-10-25T18:28:12.720878Z","level":"info","event":"PArts bu: ['2025.10.24', '13:44:03', '39.1738', '28.9637', '14.1', '-.-', '1.7', '-.-', 'NASA-SIMAV', '(KUTAHYA)', 'İlksel']","logger":"task.stdout"}
{"timestamp":"2025-10-25T18:28:12.720950Z","level":"info","event":"PArts bu: ['2025.10.24', '13:41:59', '37.8365', '27.0147', '7.6', '-.-', '2.8', '-.-', 'KUSADASI', 'KORFEZI', '(EGE', 'DENIZI)', 'İlksel']","logger":"task.stdout"}
{"timestamp":"2025-10-25T18:28:12.720996Z","level":"info","event":"PArts bu: ['2025.10.24', '13:29:30', '38.0002', '29.0133', '14.9', '-.-', '2.0', '-.-', 'TEPEKOY-SARAYKOY', '(DENIZLI)', 'İlksel']","logger":"task.stdout"}
{"timestamp":"2025-10-25T18:28:12.721051Z","level":"info","event":"PArts bu: ['2025.10.24', '13:23:13', '39.2252', '29.0703', '5.4', '-.-', '1.1', '-.-', 'KATRANDAGI-EMET', '(KUTAHYA)', 'İlksel']","logger":"task.stdout"}
{"timestamp":"2025-10-25T18:28:12.721096Z","level":"info","event":"PArts bu: ['2025.10.24', '13:21:20', '38.1548', '32.6960', '0.0', '-.-', '1.3', '-.-', 'GUVENC-SELCUKLU', '(KONYA)', 'İlksel']","logger":"task.stdout"}
{"timestamp":"2025-10-25T18:28:12.721141Z","level":"info","event":"PArts bu: ['2025.10.24', '13:09:13', '39.7528', '27.5928', '17.1', '-.-', '1.6', '-.-', 'BALYA', '(BALIKESIR)', 'İlksel']","logger":"task.stdout"}
{"timestamp":"2025-10-25T18:28:12.721187Z","level":"info","event":"PArts bu: ['2025.10.24', '13:04:58', '36.4593', '30.0250', '64.5', '-.-', '2.5', '-.-', 'YESILKOY-FINIKE', '(ANTALYA)', 'İlksel']","logger":"task.stdout"}
{"timestamp":"2025-10-25T18:28:12.721233Z","level":"info","event":"PArts bu: ['2025.10.24', '13:02:13', '39.2767', '27.7533', '0.0', '-.-', '1.5', '-.-', 'CERKEZ', 'SULTANIYE-SOMA', '(MANISA)', 'İlksel']","logger":"task.stdout"}
{"timestamp":"2025-10-25T18:28:12.721280Z","level":"info","event":"PArts bu: ['2025.10.24', '12:48:15', '39.1917', '28.0923', '9.2', '-.-', '1.4', '-.-', 'KERTIL-SINDIRGI', '(BALIKESIR)', 'İlksel']","logger":"task.stdout"}
{"timestamp":"2025-10-25T18:28:12.721326Z","level":"info","event":"PArts bu: ['2025.10.24', '12:47:21', '39.4683', '28.1433', '7.9', '-.-', '1.6', '-.-', 'ISKELE-BIGADIC', '(BALIKESIR)', 'İlksel']","logger":"task.stdout"}
{"timestamp":"2025-10-25T18:28:12.721371Z","level":"info","event":"PArts bu: ['2025.10.24', '12:42:06', '39.1702', '28.1843', '14.8', '-.-', '1.4', '-.-', 'AKTAS-SINDIRGI', '(BALIKESIR)', 'İlksel']","logger":"task.stdout"}
{"timestamp":"2025-10-25T18:28:12.721416Z","level":"info","event":"PArts bu: ['2025.10.24', '12:33:24', '39.8307', '26.2475', '0.0', '-.-', '0.9', '-.-', 'MECIDIYE-EZINE', '(CANAKKALE)', 'İlksel']","logger":"task.stdout"}
{"timestamp":"2025-10-25T18:28:12.721463Z","level":"info","event":"PArts bu: ['2025.10.24', '12:26:05', '38.3067', '38.0635', '0.0', '-.-', '1.0', '-.-', 'KARAPINAR-AKCADAG', '(MALATYA)', 'İlksel']","logger":"task.stdout"}
{"timestamp":"2025-10-25T18:28:12.721508Z","level":"info","event":"PArts bu: ['2025.10.24', '12:11:06', '38.6097', '39.1312', '19.9', '-.-', '1.1', '-.-', 'TEPEKOY', '(ELAZIG)', 'İlksel']","logger":"task.stdout"}
{"timestamp":"2025-10-25T18:28:12.721556Z","level":"info","event":"PArts bu: ['2025.10.24', '12:09:01', '38.1767', '38.6697', '19.3', '-.-', '1.5', '-.-', 'ARITOPRAK-PUTURGE', '(MALATYA)', 'İlksel']","logger":"task.stdout"}
{"timestamp":"2025-10-25T18:28:12.721601Z","level":"info","event":"PArts bu: ['2025.10.24', '12:07:26', '34.7362', '34.3277', '16.3', '-.-', '2.7', '-.-', 'AKDENIZ', 'İlksel']","logger":"task.stdout"}
{"timestamp":"2025-10-25T18:28:12.721646Z","level":"info","event":"PArts bu: ['2025.10.24', '11:52:01', '36.2568', '33.7455', '0.0', '-.-', '1.1', '-.-', 'AKDERE-SILIFKE', '(MERSIN)', 'İlksel']","logger":"task.stdout"}
{"timestamp":"2025-10-25T18:28:12.721692Z","level":"info","event":"PArts bu: ['2025.10.24', '11:49:18', '39.2467', '28.9725', '11.0', '-.-', '1.3', '-.-', 'YEMISLI-SIMAV', '(KUTAHYA)', 'İlksel']","logger":"task.stdout"}
{"timestamp":"2025-10-25T18:28:12.721738Z","level":"info","event":"PArts bu: ['2025.10.24', '11:46:04', '38.8588', '25.9722', '14.1', '-.-', '2.0', '-.-', 'EGE', 'DENIZI', 'İlksel']","logger":"task.stdout"}
{"timestamp":"2025-10-25T18:28:12.721815Z","level":"info","event":"PArts bu: ['2025.10.24', '11:34:15', '36.1520', '33.5183', '0.0', '-.-', '1.0', '-.-', 'YANISLI-GULNAR', '(MERSIN)', 'İlksel']","logger":"task.stdout"}
{"timestamp":"2025-10-25T18:28:12.721862Z","level":"info","event":"PArts bu: ['2025.10.24', '11:21:44', '39.2713', '29.0028', '14.9', '-.-', '1.3', '-.-', 'YESILDERE-SIMAV', '(KUTAHYA)', 'İlksel']","logger":"task.stdout"}
{"timestamp":"2025-10-25T18:28:12.721909Z","level":"info","event":"PArts bu: ['2025.10.24', '11:20:20', '37.9397', '28.7827', '14.7', '-.-', '1.4', '-.-', 'KABAAGAC-SARAYKOY', '(DENIZLI)', 'İlksel']","logger":"task.stdout"}
{"timestamp":"2025-10-25T18:28:12.721957Z","level":"info","event":"PArts bu: ['2025.10.24', '11:15:05', '37.9460', '28.8125', '5.6', '-.-', '2.6', '-.-', 'KIZILDERE-BUHARKENT', '(AYDIN)', 'İlksel']","logger":"task.stdout"}
{"timestamp":"2025-10-25T18:28:12.722004Z","level":"info","event":"PArts bu: ['2025.10.24', '11:08:25', '37.9297', '27.0982', '7.0', '-.-', '1.7', '-.-', 'KUSADASI', 'KORFEZI', '(EGE', 'DENIZI)', 'İlksel']","logger":"task.stdout"}
{"timestamp":"2025-10-25T18:28:12.722051Z","level":"info","event":"PArts bu: ['2025.10.24', '11:03:32', '39.2053', '28.0087', '11.7', '-.-', '1.9', '-.-', 'SAHINKAYA-SINDIRGI', '(BALIKESIR)', 'İlksel']","logger":"task.stdout"}
{"timestamp":"2025-10-25T18:28:12.722102Z","level":"info","event":"PArts bu: ['2025.10.24', '10:45:36', '36.7190', '36.4572', '11.2', '-.-', '1.5', '-.-', 'KURECI-HASSA', '(HATAY)', 'İlksel']","logger":"task.stdout"}
{"timestamp":"2025-10-25T18:28:12.722147Z","level":"info","event":"PArts bu: ['2025.10.24', '10:44:06', '39.1848', '28.0957', '9.0', '-.-', '2.0', '-.-', 'KERTIL-SINDIRGI', '(BALIKESIR)', 'İlksel']","logger":"task.stdout"}
{"timestamp":"2025-10-25T18:28:12.722192Z","level":"info","event":"PArts bu: ['2025.10.24', '10:29:53', '39.2663', '28.9720', '10.9', '-.-', '1.3', '-.-', 'KARAKOCA-SIMAV', '(KUTAHYA)', 'İlksel']","logger":"task.stdout"}
{"timestamp":"2025-10-25T18:28:12.722238Z","level":"info","event":"PArts bu: ['2025.10.24', '10:27:54', '39.2505', '28.9703', '11.6', '-.-', '1.6', '-.-', 'YEMISLI-SIMAV', '(KUTAHYA)', 'İlksel']","logger":"task.stdout"}
{"timestamp":"2025-10-25T18:28:12.722298Z","level":"info","event":"PArts bu: ['2025.10.24', '10:26:40', '38.2917', '38.1932', '16.6', '-.-', '1.7', '-.-', 'IKIZCE-YESILYURT', '(MALATYA)', 'İlksel']","logger":"task.stdout"}
{"timestamp":"2025-10-25T18:28:12.722344Z","level":"info","event":"PArts bu: ['2025.10.24', '10:24:11', '39.2485', '29.0133', '5.0', '-.-', '1.4', '-.-', 'YEMISLI-SIMAV', '(KUTAHYA)', 'İlksel']","logger":"task.stdout"}
{"timestamp":"2025-10-25T18:28:12.722390Z","level":"info","event":"PArts bu: ['2025.10.24', '10:17:10', '39.2470', '28.1085', '8.1', '-.-', '1.3', '-.-', 'KARAGUR-SINDIRGI', '(BALIKESIR)', 'İlksel']","logger":"task.stdout"}
{"timestamp":"2025-10-25T18:28:12.722439Z","level":"info","event":"PArts bu: ['2025.10.24', '10:08:26', '39.2433', '28.1378', '11.5', '-.-', '1.5', '-.-', 'MANDIRA-SINDIRGI', '(BALIKESIR)', 'İlksel']","logger":"task.stdout"}
{"timestamp":"2025-10-25T18:28:12.722484Z","level":"info","event":"PArts bu: ['2025.10.24', '10:06:33', '40.8747', '33.0485', '5.6', '-.-', '1.8', '-.-', 'HUYUKKOY-ATKARACALAR', '(CANKIRI)', 'İlksel']","logger":"task.stdout"}
{"timestamp":"2025-10-25T18:28:12.722529Z","level":"info","event":"PArts bu: ['2025.10.24', '09:30:50', '39.7980', '41.0365', '7.2', '-.-', '2.4', '-.-', 'GUZELYURT-PALANDOKEN', '(ERZURUM)', 'İlksel']","logger":"task.stdout"}
{"timestamp":"2025-10-25T18:28:12.722579Z","level":"info","event":"PArts bu: ['2025.10.24', '09:12:21', '39.3167', '28.9378', '5.3', '-.-', '1.3', '-.-', 'ORTACA-SIMAV', '(KUTAHYA)', 'İlksel']","logger":"task.stdout"}
{"timestamp":"2025-10-25T18:28:12.722625Z","level":"info","event":"PArts bu: ['2025.10.24', '09:05:05', '37.1567', '36.9947', '7.1', '-.-', '1.7', '-.-', 'IKIZKUYU-NURDAGI', '(GAZIANTEP)', 'İlksel']","logger":"task.stdout"}
{"timestamp":"2025-10-25T18:28:12.722670Z","level":"info","event":"PArts bu: ['2025.10.24', '08:48:08', '38.8590', '26.0158', '7.1', '-.-', '2.0', '-.-', 'EGE', 'DENIZI', 'İlksel']","logger":"task.stdout"}
{"timestamp":"2025-10-25T18:28:12.722747Z","level":"info","event":"PArts bu: ['2025.10.24', '08:26:53', '39.7737', '41.0865', '9.7', '-.-', '1.6', '-.-', 'GUZELYURT-PALANDOKEN', '(ERZURUM)', 'İlksel']","logger":"task.stdout"}
{"timestamp":"2025-10-25T18:28:12.722792Z","level":"info","event":"PArts bu: ['2025.10.24', '08:25:25', '39.2562', '29.0165', '7.1', '-.-', '1.9', '-.-', 'YESILDERE-SIMAV', '(KUTAHYA)', 'İlksel']","logger":"task.stdout"}
{"timestamp":"2025-10-25T18:28:12.722837Z","level":"info","event":"PArts bu: ['2025.10.24', '07:55:06', '38.8622', '25.9870', '7.9', '-.-', '2.3', '-.-', 'EGE', 'DENIZI', 'İlksel']","logger":"task.stdout"}
{"timestamp":"2025-10-25T18:28:12.722884Z","level":"info","event":"PArts bu: ['2025.10.24', '07:45:08', '39.2077', '28.1375', '12.9', '-.-', '1.2', '-.-', 'ORMANICI-SINDIRGI', '(BALIKESIR)', 'İlksel']","logger":"task.stdout"}
{"timestamp":"2025-10-25T18:28:12.722930Z","level":"info","event":"PArts bu: ['2025.10.24', '07:34:45', '39.2708', '28.9688', '11.3', '-.-', '1.3', '-.-', 'KARAKOCA-SIMAV', '(KUTAHYA)', 'İlksel']","logger":"task.stdout"}
{"timestamp":"2025-10-25T18:28:12.722977Z","level":"info","event":"PArts bu: ['2025.10.24', '07:34:15', '39.7872', '41.0817', '9.7', '-.-', '1.7', '-.-', 'GUZELYURT-PALANDOKEN', '(ERZURUM)', 'İlksel']","logger":"task.stdout"}
{"timestamp":"2025-10-25T18:28:12.723022Z","level":"info","event":"PArts bu: ['2025.10.24', '07:24:32', '39.2633', '28.0467', '11.9', '-.-', '2.0', '-.-', 'KIZILGUR-SINDIRGI', '(BALIKESIR)', 'İlksel']","logger":"task.stdout"}
{"timestamp":"2025-10-25T18:28:12.723088Z","level":"info","event":"PArts bu: ['2025.10.24', '07:22:36', '39.1947', '28.1218', '4.5', '-.-', '1.3', '-.-', 'ORMANICI-SINDIRGI', '(BALIKESIR)', 'İlksel']","logger":"task.stdout"}
{"timestamp":"2025-10-25T18:28:12.723142Z","level":"info","event":"PArts bu: ['2025.10.24', '06:34:10', '39.1505', '28.1752', '11.6', '-.-', '1.6', '-.-', 'AKTAS-SINDIRGI', '(BALIKESIR)', 'İlksel']","logger":"task.stdout"}
{"timestamp":"2025-10-25T18:28:12.723192Z","level":"info","event":"PArts bu: ['2025.10.24', '06:28:53', '38.1388', '38.5600', '12.6', '-.-', '1.7', '-.-', 'GECITLI-SINCIK', '(ADIYAMAN)', 'İlksel']","logger":"task.stdout"}
{"timestamp":"2025-10-25T18:28:12.723240Z","level":"info","event":"PArts bu: ['2025.10.24', '06:26:58', '34.6798', '29.0295', '79.2', '-.-', '2.8', '-.-', 'AKDENIZ', 'İlksel']","logger":"task.stdout"}
{"timestamp":"2025-10-25T18:28:12.723290Z","level":"info","event":"PArts bu: ['2025.10.24', '06:20:51', '39.3347', '28.0487', '5.6', '-.-', '1.7', '-.-', 'ESMEDERE-SINDIRGI', '(BALIKESIR)', 'İlksel']","logger":"task.stdout"}
{"timestamp":"2025-10-25T18:28:12.723339Z","level":"info","event":"PArts bu: ['2025.10.24', '06:17:50', '39.2490', '28.0498', '10.0', '-.-', '1.7', '-.-', 'ALAKIR-SINDIRGI', '(BALIKESIR)', 'İlksel']","logger":"task.stdout"}
{"timestamp":"2025-10-25T18:28:12.723386Z","level":"info","event":"PArts bu: ['2025.10.24', '06:14:14', '39.1425', '28.1900', '13.8', '-.-', '2.1', '-.-', 'AKTAS-SINDIRGI', '(BALIKESIR)', 'İlksel']","logger":"task.stdout"}
{"timestamp":"2025-10-25T18:28:12.723433Z","level":"info","event":"PArts bu: ['2025.10.24', '06:13:15', '39.3448', '27.9988', '10.4', '-.-', '1.6', '-.-', 'HAMIDIYE-BIGADIC', '(BALIKESIR)', 'İlksel']","logger":"task.stdout"}
{"timestamp":"2025-10-25T18:28:12.723481Z","level":"info","event":"PArts bu: ['2025.10.24', '06:10:22', '37.0915', '28.3685', '13.6', '-.-', '2.0', '-.-', 'KIZILAGAC-ULA', '(MUGLA)', 'İlksel']","logger":"task.stdout"}
{"timestamp":"2025-10-25T18:28:12.723527Z","level":"info","event":"PArts bu: ['2025.10.24', '06:07:19', '39.8172', '41.0598', '5.0', '-.-', '3.3', '3.3', 'DEREBOGAZ-PALANDOKEN', '(ERZURUM)', 'İlksel']","logger":"task.stdout"}
{"timestamp":"2025-10-25T18:28:12.723576Z","level":"info","event":"PArts bu: ['2025.10.24', '06:01:38', '39.1680', '28.1973', '12.6', '-.-', '2.1', '-.-', 'AKTAS-SINDIRGI', '(BALIKESIR)', 'İlksel']","logger":"task.stdout"}
{"timestamp":"2025-10-25T18:28:12.723655Z","level":"info","event":"PArts bu: ['2025.10.24', '05:54:34', '39.1308', '28.1262', '13.5', '-.-', '1.3', '-.-', 'SINANDEDE-SINDIRGI', '(BALIKESIR)', 'İlksel']","logger":"task.stdout"}
{"timestamp":"2025-10-25T18:28:12.723701Z","level":"info","event":"PArts bu: ['2025.10.24', '05:47:30', '40.7965', '27.9067', '9.7', '-.-', '1.7', '-.-', 'MARMARA', 'DENIZI', 'İlksel']","logger":"task.stdout"}
{"timestamp":"2025-10-25T18:28:12.723748Z","level":"info","event":"PArts bu: ['2025.10.24', '05:43:16', '38.1338', '38.6133', '8.3', '-.-', '1.2', '-.-', 'TEKEDERESI-PUTURGE', '(MALATYA)', 'İlksel']","logger":"task.stdout"}
{"timestamp":"2025-10-25T18:28:12.723794Z","level":"info","event":"PArts bu: ['2025.10.24', '05:42:14', '39.3420', '28.0090', '8.9', '-.-', '1.4', '-.-', 'ESMEDERE-SINDIRGI', '(BALIKESIR)', 'İlksel']","logger":"task.stdout"}
{"timestamp":"2025-10-25T18:28:12.723870Z","level":"info","event":"PArts bu: ['2025.10.24', '05:29:30', '39.1973', '28.1508', '12.3', '-.-', '1.6', '-.-', 'ORMANICI-SINDIRGI', '(BALIKESIR)', 'İlksel']","logger":"task.stdout"}
{"timestamp":"2025-10-25T18:28:12.728355Z","level":"info","event":"PArts bu: ['2025.10.24', '05:04:54', '38.1293', '38.5648', '5.2', '-.-', '3.8', '3.7', 'ARIKONAK-SINCIK', '(ADIYAMAN)', 'İlksel']","logger":"task.stdout"}
{"timestamp":"2025-10-25T18:28:12.728448Z","level":"info","event":"PArts bu: ['2025.10.24', '04:50:55', '39.2092', '28.1065', '7.6', '-.-', '1.5', '-.-', 'KERTIL-SINDIRGI', '(BALIKESIR)', 'İlksel']","logger":"task.stdout"}
{"timestamp":"2025-10-25T18:28:12.728505Z","level":"info","event":"PArts bu: ['2025.10.24', '04:34:53', '40.8727', '28.3948', '5.1', '-.-', '1.3', '-.-', 'MARMARA', 'DENIZI', 'İlksel']","logger":"task.stdout"}
{"timestamp":"2025-10-25T18:28:12.728550Z","level":"info","event":"PArts bu: ['2025.10.24', '04:07:29', '38.2777', '37.7923', '7.5', '-.-', '1.3', '-.-', 'ORTAKOY-AKCADAG', '(MALATYA)', 'İlksel']","logger":"task.stdout"}
{"timestamp":"2025-10-25T18:28:12.728591Z","level":"info","event":"PArts bu: ['2025.10.24', '04:06:48', '39.1767', '28.1565', '10.2', '-.-', '1.2', '-.-', 'SINANDEDE-SINDIRGI', '(BALIKESIR)', 'İlksel']","logger":"task.stdout"}
{"timestamp":"2025-10-25T18:28:12.728631Z","level":"info","event":"PArts bu: ['2025.10.24', '03:57:27', '39.2105', '28.1798', '9.7', '-.-', '1.7', '-.-', 'YAYLACIK-SINDIRGI', '(BALIKESIR)', 'İlksel']","logger":"task.stdout"}
{"timestamp":"2025-10-25T18:28:12.728672Z","level":"info","event":"PArts bu: ['2025.10.24', '03:54:10', '38.6857', '26.5603', '9.0', '-.-', '2.2', '-.-', 'IZMIR', 'KORFEZI', '(EGE', 'DENIZI)', 'İlksel']","logger":"task.stdout"}
{"timestamp":"2025-10-25T18:28:12.728712Z","level":"info","event":"PArts bu: ['2025.10.24', '03:52:30', '37.1230', '28.6220', '5.2', '-.-', '1.3', '-.-', 'KAVAKCALI-ULA', '(MUGLA)', 'İlksel']","logger":"task.stdout"}
{"timestamp":"2025-10-25T18:28:12.728768Z","level":"info","event":"PArts bu: ['2025.10.24', '03:46:53', '38.0037', '36.4222', '9.1', '-.-', '1.5', '-.-', 'ACIELMA-GOKSUN', '(KAHRAMANMARAS)', 'İlksel']","logger":"task.stdout"}
{"timestamp":"2025-10-25T18:28:12.728975Z","level":"info","event":"PArts bu: ['2025.10.24', '03:37:58', '39.2005', '28.0795', '9.9', '-.-', '1.4', '-.-', 'KERTIL-SINDIRGI', '(BALIKESIR)', 'İlksel']","logger":"task.stdout"}
{"timestamp":"2025-10-25T18:28:12.729026Z","level":"info","event":"PArts bu: ['2025.10.24', '03:29:49', '39.2130', '28.1260', '11.9', '-.-', '1.5', '-.-', 'BAYIRLI-SINDIRGI', '(BALIKESIR)', 'İlksel']","logger":"task.stdout"}
{"timestamp":"2025-10-25T18:28:12.729135Z","level":"info","event":"PArts bu: ['2025.10.24', '03:27:04', '37.0673', '35.3788', '5.4', '-.-', '1.6', '-.-', 'MENEKSE-SARICAM', '(ADANA)', 'İlksel']","logger":"task.stdout"}
{"timestamp":"2025-10-25T18:28:12.729191Z","level":"info","event":"PArts bu: ['2025.10.24', '02:41:58', '39.1900', '28.1323', '12.3', '-.-', '1.5', '-.-', 'ORMANICI-SINDIRGI', '(BALIKESIR)', 'İlksel']","logger":"task.stdout"}
{"timestamp":"2025-10-25T18:28:12.729268Z","level":"info","event":"PArts bu: ['2025.10.24', '02:32:02', '39.2312', '28.1052', '12.7', '-.-', '3.2', '-.-', 'BAYIRLI-SINDIRGI', '(BALIKESIR)', 'İlksel']","logger":"task.stdout"}
{"timestamp":"2025-10-25T18:28:12.729313Z","level":"info","event":"PArts bu: ['2025.10.24', '02:28:29', '39.2370', '28.1633', '12.5', '-.-', '1.7', '-.-', 'SINDIRGI', '(BALIKESIR)', 'İlksel']","logger":"task.stdout"}
{"timestamp":"2025-10-25T18:28:12.729352Z","level":"info","event":"PArts bu: ['2025.10.24', '02:15:58', '39.1858', '28.1868', '15.5', '-.-', '1.3', '-.-', 'YAYLACIK-SINDIRGI', '(BALIKESIR)', 'İlksel']","logger":"task.stdout"}
{"timestamp":"2025-10-25T18:28:12.729740Z","level":"info","event":"PArts bu: ['2025.10.24', '02:10:44', '39.2710', '28.9920', '14.7', '-.-', '1.0', '-.-', 'YESILDERE-SIMAV', '(KUTAHYA)', 'İlksel']","logger":"task.stdout"}
{"timestamp":"2025-10-25T18:28:12.730711Z","level":"info","event":"PArts bu: ['2025.10.24', '02:03:00', '39.1387', '28.1323', '13.3', '-.-', '2.1', '-.-', 'SINANDEDE-SINDIRGI', '(BALIKESIR)', 'İlksel']","logger":"task.stdout"}
{"timestamp":"2025-10-25T18:28:12.730759Z","level":"info","event":"PArts bu: ['2025.10.24', '01:55:48', '39.2607', '28.9945', '2.9', '-.-', '1.7', '-.-', 'YESILDERE-SIMAV', '(KUTAHYA)', 'İlksel']","logger":"task.stdout"}
{"timestamp":"2025-10-25T18:28:12.730798Z","level":"info","event":"PArts bu: ['2025.10.24', '01:47:48', '38.5348', '28.1545', '24.7', '-.-', '1.3', '-.-', 'CAVLU-SALIHLI', '(MANISA)', 'İlksel']","logger":"task.stdout"}
{"timestamp":"2025-10-25T18:28:12.730837Z","level":"info","event":"PArts bu: ['2025.10.24', '01:45:58', '37.3852', '36.9040', '5.5', '-.-', '2.2', '-.-', 'GOLLUHUYUK-TURKOGLU', '(KAHRAMANMARAS)', 'İlksel']","logger":"task.stdout"}
{"timestamp":"2025-10-25T18:28:12.730876Z","level":"info","event":"PArts bu: ['2025.10.24', '01:38:44', '38.5770', '37.8745', '17.6', '-.-', '1.4', '-.-', 'YESILKOY-HEKIMHAN', '(MALATYA)', 'İlksel']","logger":"task.stdout"}
{"timestamp":"2025-10-25T18:28:12.730914Z","level":"info","event":"PArts bu: ['2025.10.24', '01:38:10', '38.5537', '37.9273', '7.1', '-.-', '2.2', '-.-', 'EPREME-YAZIHAN', '(MALATYA)', 'İlksel']","logger":"task.stdout"}
{"timestamp":"2025-10-25T18:28:12.730953Z","level":"info","event":"PArts bu: ['2025.10.24', '01:36:13', '37.1390', '35.7168', '17.0', '-.-', '1.5', '-.-', 'DUMLU-CEYHAN', '(ADANA)', 'İlksel']","logger":"task.stdout"}
{"timestamp":"2025-10-25T18:28:12.730992Z","level":"info","event":"PArts bu: ['2025.10.24', '01:30:30', '39.2387', '28.9753', '15.1', '-.-', '1.3', '-.-', 'YEMISLI-SIMAV', '(KUTAHYA)', 'İlksel']","logger":"task.stdout"}
{"timestamp":"2025-10-25T18:28:12.731030Z","level":"info","event":"PArts bu: ['2025.10.24', '01:03:12', '39.2322', '28.1745', '9.5', '-.-', '1.2', '-.-', 'SINDIRGI', '(BALIKESIR)', 'İlksel']","logger":"task.stdout"}
{"timestamp":"2025-10-25T18:28:12.731077Z","level":"info","event":"PArts bu: ['2025.10.24', '00:44:49', '39.0173', '24.0465', '6.2', '-.-', '2.8', '-.-', 'YUNANISTAN', 'İlksel']","logger":"task.stdout"}
{"timestamp":"2025-10-25T18:28:12.731115Z","level":"info","event":"PArts bu: ['2025.10.24', '00:41:09', '39.3400', '40.8202', '4.5', '-.-', '2.3', '-.-', 'KAYNARPINAR-KARLIOVA', '(BINGOL)', 'İlksel']","logger":"task.stdout"}
{"timestamp":"2025-10-25T18:28:12.731156Z","level":"info","event":"PArts bu: ['2025.10.24', '00:37:26', '39.1943', '28.1845', '11.7', '-.-', '2.4', '-.-', 'YAYLACIK-SINDIRGI', '(BALIKESIR)', 'İlksel']","logger":"task.stdout"}
{"timestamp":"2025-10-25T18:28:12.731197Z","level":"info","event":"PArts bu: ['2025.10.24', '00:33:00', '40.4197', '28.9153', '9.3', '-.-', '1.7', '-.-', 'GEMLIK', 'KORFEZI', '(MARMARA', 'DENIZI)', 'İlksel']","logger":"task.stdout"}
{"timestamp":"2025-10-25T18:28:12.731259Z","level":"info","event":"PArts bu: ['2025.10.23', '23:55:49', '38.4197', '38.9432', '8.5', '-.-', '2.3', '-.-', 'SARITAS-BASKIL', '(ELAZIG)', 'İlksel']","logger":"task.stdout"}
{"timestamp":"2025-10-25T18:28:12.731302Z","level":"info","event":"PArts bu: ['2025.10.23', '23:45:32', '38.0613', '41.5045', '5.9', '-.-', '1.8', '-.-', 'CAYGECIT-KOZLUK', '(BATMAN)', 'İlksel']","logger":"task.stdout"}
{"timestamp":"2025-10-25T18:28:12.731365Z","level":"info","event":"PArts bu: ['2025.10.23', '23:29:55', '39.3130', '40.8225', '13.1', '-.-', '1.7', '-.-', 'KAYNARPINAR-KARLIOVA', '(BINGOL)', 'İlksel']","logger":"task.stdout"}
{"timestamp":"2025-10-25T18:28:12.731403Z","level":"info","event":"PArts bu: ['2025.10.23', '23:27:50', '38.1420', '38.5948', '11.0', '-.-', '1.2', '-.-', 'TEKEDERESI-PUTURGE', '(MALATYA)', 'İlksel']","logger":"task.stdout"}
{"timestamp":"2025-10-25T18:28:12.731463Z","level":"info","event":"PArts bu: ['2025.10.23', '23:18:03', '39.2340', '42.1088', '13.0', '-.-', '1.6', '-.-', 'KURGANLI-BULANIK', '(MUS)', 'İlksel']","logger":"task.stdout"}
{"timestamp":"2025-10-25T18:28:12.731500Z","level":"info","event":"PArts bu: ['2025.10.23', '23:13:32', '39.2397', '28.9505', '10.5', '-.-', '1.2', '-.-', 'YENILER-SIMAV', '(KUTAHYA)', 'İlksel']","logger":"task.stdout"}
{"timestamp":"2025-10-25T18:28:12.731535Z","level":"info","event":"PArts bu: ['2025.10.23', '22:36:26', '40.7875', '27.9275', '5.4', '-.-', '1.5', '-.-', 'MARMARA', 'DENIZI', 'İlksel']","logger":"task.stdout"}
{"timestamp":"2025-10-25T18:28:12.731571Z","level":"info","event":"PArts bu: ['2025.10.23', '22:26:55', '37.3927', '36.8980', '5.0', '-.-', '2.2', '-.-', 'GOLLUHUYUK-TURKOGLU', '(KAHRAMANMARAS)', 'İlksel']","logger":"task.stdout"}
{"timestamp":"2025-10-25T18:28:12.731606Z","level":"info","event":"PArts bu: ['2025.10.23', '22:23:50', '39.2483', '29.0258', '5.1', '-.-', '2.1', '-.-', 'KATRANDAGI-EMET', '(KUTAHYA)', 'İlksel']","logger":"task.stdout"}
{"timestamp":"2025-10-25T18:28:12.731641Z","level":"info","event":"PArts bu: ['2025.10.23', '22:21:04', '37.3995', '36.9017', '5.8', '-.-', '2.3', '-.-', 'KILILI-TURKOGLU', '(KAHRAMANMARAS)', 'İlksel']","logger":"task.stdout"}
{"timestamp":"2025-10-25T18:28:12.731676Z","level":"info","event":"PArts bu: ['2025.10.23', '22:08:33', '37.3655', '36.8982', '1.1', '-.-', '4.0', '4.0', 'GOLLUHUYUK-TURKOGLU', '(KAHRAMANMARAS)', 'İlksel']","logger":"task.stdout"}
{"timestamp":"2025-10-25T18:28:12.731712Z","level":"info","event":"PArts bu: ['2025.10.23', '22:00:20', '36.9957', '36.0897', '9.8', '-.-', '2.0', '-.-', 'BUYUKTUYSUZ-TOPRAKKALE', '(OSMANIYE)', 'İlksel']","logger":"task.stdout"}
{"timestamp":"2025-10-25T18:28:12.731746Z","level":"info","event":"PArts bu: ['2025.10.23', '21:55:03', '37.0260', '36.0548', '5.0', '-.-', '2.2', '-.-', 'LALEGOLU-TOPRAKKALE', '(OSMANIYE)', 'İlksel']","logger":"task.stdout"}
{"timestamp":"2025-10-25T18:28:12.731782Z","level":"info","event":"PArts bu: ['2025.10.23', '21:44:18', '39.2380', '29.0205', '9.3', '-.-', '2.0', '-.-', 'YEMISLI-SIMAV', '(KUTAHYA)', 'İlksel']","logger":"task.stdout"}
{"timestamp":"2025-10-25T18:28:12.731817Z","level":"info","event":"PArts bu: ['2025.10.23', '21:32:56', '39.8040', '42.2062', '4.3', '-.-', '1.8', '-.-', 'CAYIRBEYLI-KARAYAZI', '(ERZURUM)', 'İlksel']","logger":"task.stdout"}
{"timestamp":"2025-10-25T18:28:12.731852Z","level":"info","event":"PArts bu: ['2025.10.23', '21:30:55', '39.2273', '28.2517', '10.5', '-.-', '2.3', '-.-', 'DANACAYIRI-SINDIRGI', '(BALIKESIR)', 'İlksel']","logger":"task.stdout"}
{"timestamp":"2025-10-25T18:28:12.731887Z","level":"info","event":"PArts bu: ['2025.10.23', '21:01:50', '37.0252', '36.1203', '9.7', '-.-', '1.8', '-.-', 'BUYUKTUYSUZ-TOPRAKKALE', '(OSMANIYE)', 'İlksel']","logger":"task.stdout"}
{"timestamp":"2025-10-25T18:28:12.731922Z","level":"info","event":"PArts bu: ['2025.10.23', '20:57:08', '39.1548', '28.1233', '13.2', '-.-', '1.5', '-.-', 'SINANDEDE-SINDIRGI', '(BALIKESIR)', 'İlksel']","logger":"task.stdout"}
{"timestamp":"2025-10-25T18:28:12.731957Z","level":"info","event":"PArts bu: ['2025.10.23', '20:51:40', '38.4055', '37.4805', '5.0', '-.-', '1.7', '-.-', 'SUGUL-DARENDE', '(MALATYA)', 'İlksel']","logger":"task.stdout"}
{"timestamp":"2025-10-25T18:28:12.731993Z","level":"info","event":"PArts bu: ['2025.10.23', '20:44:05', '37.0343', '28.3572', '5.0', '-.-', '0.9', '-.-', 'AKCAPINAR-ULA', '(MUGLA)', 'İlksel']","logger":"task.stdout"}
{"timestamp":"2025-10-25T18:28:12.732056Z","level":"info","event":"PArts bu: ['2025.10.23', '20:27:15', '39.5620', '28.8513', '11.9', '-.-', '1.4', '-.-', 'CAMHARMAN-DURSUNBEY', '(BALIKESIR)', 'İlksel']","logger":"task.stdout"}
{"timestamp":"2025-10-25T18:28:12.732092Z","level":"info","event":"PArts bu: ['2025.10.23', '20:05:18', '39.1218', '28.1088', '12.7', '-.-', '1.5', '-.-', 'ISACA-AKHISAR', '(MANISA)', 'İlksel']","logger":"task.stdout"}
{"timestamp":"2025-10-25T18:28:12.732127Z","level":"info","event":"PArts bu: ['2025.10.23', '19:59:30', '39.1835', '28.1588', '9.1', '-.-', '1.1', '-.-', 'SINANDEDE-SINDIRGI', '(BALIKESIR)', 'İlksel']","logger":"task.stdout"}
{"timestamp":"2025-10-25T18:28:12.734075Z","level":"info","event":"PArts bu: ['2025.10.23', '19:49:00', '38.5117', '38.0243', '6.7', '-.-', '1.3', '-.-', 'KEKLIKPINARI-AKCADAG', '(MALATYA)', 'İlksel']","logger":"task.stdout"}
{"timestamp":"2025-10-25T18:28:12.734207Z","level":"info","event":"PArts bu: ['2025.10.23', '19:24:29', '37.9142', '37.9162', '5.0', '-.-', '2.2', '-.-', 'ERKENEK-DOGANSEHIR', '(MALATYA)', 'İlksel']","logger":"task.stdout"}
{"timestamp":"2025-10-25T18:28:12.734287Z","level":"info","event":"PArts bu: ['2025.10.23', '19:22:15', '39.1775', '28.1670', '9.7', '-.-', '1.2', '-.-', 'SINANDEDE-SINDIRGI', '(BALIKESIR)', 'İlksel']","logger":"task.stdout"}
{"timestamp":"2025-10-25T18:28:12.734364Z","level":"info","event":"PArts bu: ['2025.10.23', '18:44:53', '38.2493', '38.6322', '3.4', '-.-', '1.6', '-.-', 'KAVAKLIDERE-PUTURGE', '(MALATYA)', 'İlksel']","logger":"task.stdout"}
{"timestamp":"2025-10-25T18:28:12.735062Z","level":"info","event":"PArts bu: ['2025.10.23', '18:09:44', '39.1477', '28.2525', '9.3', '-.-', '1.8', '-.-', 'BAYRAKLI-SINDIRGI', '(BALIKESIR)', 'İlksel']","logger":"task.stdout"}
{"timestamp":"2025-10-25T18:28:12.735192Z","level":"info","event":"PArts bu: ['2025.10.23', '17:47:01', '39.2137', '29.2022', '18.2', '-.-', '0.9', '-.-', 'KUTLUHALLAR-HISARCIK', '(KUTAHYA)', 'İlksel']","logger":"task.stdout"}
{"timestamp":"2025-10-25T18:28:12.735252Z","level":"info","event":"PArts bu: ['2025.10.23', '17:44:01', '38.0917', '37.6425', '31.4', '-.-', '1.2', '-.-', 'TAPKIRANKALE-ELBISTAN', '(KAHRAMANMARAS)', 'İlksel']","logger":"task.stdout"}
{"timestamp":"2025-10-25T18:28:12.735324Z","level":"info","event":"PArts bu: ['2025.10.23', '17:42:29', '41.0788', '28.9273', '3.9', '-.-', '1.0', '-.-', 'GAZIOSMANPASA', '(ISTANBUL)', 'İlksel']","logger":"task.stdout"}
{"timestamp":"2025-10-25T18:28:12.735433Z","level":"info","event":"PArts bu: ['2025.10.23', '17:07:05', '39.1410', '28.2458', '11.0', '-.-', '1.2', '-.-', 'BAYRAKLI-SINDIRGI', '(BALIKESIR)', 'İlksel']","logger":"task.stdout"}
{"timestamp":"2025-10-25T18:28:12.735490Z","level":"info","event":"PArts bu: ['2025.10.23', '17:05:14', '39.2475', '29.0267', '5.3', '-.-', '1.0', '-.-', 'KATRANDAGI-EMET', '(KUTAHYA)', 'İlksel']","logger":"task.stdout"}
{"timestamp":"2025-10-25T18:28:12.735543Z","level":"info","event":"PArts bu: ['2025.10.23', '16:53:50', '36.6087', '38.4740', '10.3', '-.-', '2.1', '-.-', 'SURIYE', 'İlksel']","logger":"task.stdout"}
{"timestamp":"2025-10-25T18:28:12.735609Z","level":"info","event":"PArts bu: ['2025.10.23', '16:48:42', '38.1285', '36.6298', '5.3', '-.-', '1.9', '-.-', 'YENIYAPAN-GOKSUN', '(KAHRAMANMARAS)', 'İlksel']","logger":"task.stdout"}
{"timestamp":"2025-10-25T18:28:12.735689Z","level":"info","event":"PArts bu: ['2025.10.23', '16:28:07', '39.1737', '28.1475', '13.9', '-.-', '1.3', '-.-', 'SINANDEDE-SINDIRGI', '(BALIKESIR)', 'İlksel']","logger":"task.stdout"}
{"timestamp":"2025-10-25T18:28:12.735740Z","level":"info","event":"PArts bu: ['2025.10.23', '15:53:59', '39.1602', '28.1907', '8.7', '-.-', '1.4', '-.-', 'AKTAS-SINDIRGI', '(BALIKESIR)', 'İlksel']","logger":"task.stdout"}
{"timestamp":"2025-10-25T18:28:12.735792Z","level":"info","event":"PArts bu: ['2025.10.23', '14:53:29', '38.2248', '38.6607', '11.0', '-.-', '1.4', '-.-', 'KAVAKLIDERE-PUTURGE', '(MALATYA)', 'İlksel']","logger":"task.stdout"}
{"timestamp":"2025-10-25T18:28:12.735870Z","level":"info","event":"PArts bu: ['2025.10.23', '14:48:56', '39.5055', '26.1175', '15.4', '-.-', '2.0', '-.-', 'KOCAKOY-AYVACIK', '(CANAKKALE)', 'İlksel']","logger":"task.stdout"}
{"timestamp":"2025-10-25T18:28:12.735918Z","level":"info","event":"PArts bu: ['2025.10.23', '13:50:08', '39.2423', '29.0173', '14.3', '-.-', '2.0', '-.-', 'YEMISLI-SIMAV', '(KUTAHYA)', 'İlksel']","logger":"task.stdout"}
{"timestamp":"2025-10-25T18:28:12.735964Z","level":"info","event":"PArts bu: ['2025.10.23', '13:46:34', '38.8298', '27.9165', '16.9', '-.-', '1.1', '-.-', 'BOYALILAR-AKHISAR', '(MANISA)', 'İlksel']","logger":"task.stdout"}
{"timestamp":"2025-10-25T18:28:12.736004Z","level":"info","event":"PArts bu: ['2025.10.23', '13:16:07', '39.2480', '29.0257', '11.8', '-.-', '0.5', '-.-', 'KATRANDAGI-EMET', '(KUTAHYA)', 'İlksel']","logger":"task.stdout"}
{"timestamp":"2025-10-25T18:28:12.736061Z","level":"info","event":"PArts bu: ['2025.10.23', '13:13:19', '39.2430', '28.9930', '15.3', '-.-', '1.4', '-.-', 'YEMISLI-SIMAV', '(KUTAHYA)', 'İlksel']","logger":"task.stdout"}
{"timestamp":"2025-10-25T18:28:12.736161Z","level":"info","event":"PArts bu: ['2025.10.23', '13:03:17', '38.8775', '27.8453', '0.0', '-.-', '0.9', '-.-', 'MORALILAR-AKHISAR', '(MANISA)', 'İlksel']","logger":"task.stdout"}
{"timestamp":"2025-10-25T18:28:12.736227Z","level":"info","event":"PArts bu: ['2025.10.23', '12:34:57', '39.2577', '27.6885', '0.0', '-.-', '1.5', '-.-', 'EVCILER-SOMA', '(MANISA)', 'İlksel']","logger":"task.stdout"}
{"timestamp":"2025-10-25T18:28:12.736282Z","level":"info","event":"PArts bu: ['2025.10.23', '12:14:04', '39.2395', '28.1045', '5.2', '-.-', '1.5', '-.-', 'KOZLU-SINDIRGI', '(BALIKESIR)', 'İlksel']","logger":"task.stdout"}
{"timestamp":"2025-10-25T18:28:12.736340Z","level":"info","event":"PArts bu: ['2025.10.23', '12:04:00', '38.1228', '36.6272', '5.5', '-.-', '1.6', '-.-', 'KANLIKAVAK-GOKSUN', '(KAHRAMANMARAS)', 'İlksel']","logger":"task.stdout"}
{"timestamp":"2025-10-25T18:28:12.736395Z","level":"info","event":"PArts bu: ['2025.10.23', '12:03:24', '39.1688', '28.1663', '13.5', '-.-', '1.1', '-.-', 'SINANDEDE-SINDIRGI', '(BALIKESIR)', 'İlksel']","logger":"task.stdout"}
{"timestamp":"2025-10-25T18:28:12.736440Z","level":"info","event":"PArts bu: ['2025.10.23', '12:03:21', '39.2520', '29.0523', '5.4', '-.-', '1.3', '-.-', 'KATRANDAGI-EMET', '(KUTAHYA)', 'İlksel']","logger":"task.stdout"}
{"timestamp":"2025-10-25T18:28:12.736488Z","level":"info","event":"PArts bu: ['2025.10.23', '11:34:29', '39.2373', '29.0317', '14.6', '-.-', '1.7', '-.-', 'KATRANDAGI-EMET', '(KUTAHYA)', 'İlksel']","logger":"task.stdout"}
{"timestamp":"2025-10-25T18:28:12.736534Z","level":"info","event":"PArts bu: ['2025.10.23', '11:24:25', '39.1302', '28.1523', '14.1', '-.-', '1.4', '-.-', 'SINANDEDE-SINDIRGI', '(BALIKESIR)', 'İlksel']","logger":"task.stdout"}
{"timestamp":"2025-10-25T18:28:12.736574Z","level":"info","event":"PArts bu: ['2025.10.23', '11:22:03', '39.2357', '29.0073', '11.0', '-.-', '1.0', '-.-', 'YEMISLI-SIMAV', '(KUTAHYA)', 'İlksel']","logger":"task.stdout"}
{"timestamp":"2025-10-25T18:28:12.736616Z","level":"info","event":"PArts bu: ['2025.10.23', '11:01:02', '38.8852', '28.1855', '4.3', '-.-', '1.3', '-.-', 'KARAAGAC-GORDES', '(MANISA)', 'İlksel']","logger":"task.stdout"}
{"timestamp":"2025-10-25T18:28:12.736671Z","level":"info","event":"PArts bu: ['2025.10.23', '11:00:18', '39.2887', '28.9632', '11.9', '-.-', '2.0', '-.-', 'YAVU-SIMAV', '(KUTAHYA)', 'İlksel']","logger":"task.stdout"}
{"timestamp":"2025-10-25T18:28:12.736726Z","level":"info","event":"PArts bu: ['2025.10.23', '10:42:24', '39.2162', '28.9992', '15.7', '-.-', '2.0', '-.-', 'EGIRLER-SIMAV', '(KUTAHYA)', 'İlksel']","logger":"task.stdout"}
{"timestamp":"2025-10-25T18:28:12.736786Z","level":"info","event":"PArts bu: ['2025.10.23', '10:08:03', '39.2128', '28.9558', '16.8', '-.-', '0.9', '-.-', 'HAMZABEY-SIMAV', '(KUTAHYA)', 'İlksel']","logger":"task.stdout"}
{"timestamp":"2025-10-25T18:28:12.736845Z","level":"info","event":"PArts bu: ['2025.10.23', '10:04:28', '36.8305', '36.5565', '10.3', '-.-', '1.9', '-.-', 'KORUHUYUGU-HASSA', '(HATAY)', 'İlksel']","logger":"task.stdout"}
{"timestamp":"2025-10-25T18:28:12.736943Z","level":"info","event":"PArts bu: ['2025.10.23', '09:55:45', '39.2402', '29.0387', '13.9', '-.-', '0.9', '-.-', 'KATRANDAGI-EMET', '(KUTAHYA)', 'İlksel']","logger":"task.stdout"}
{"timestamp":"2025-10-25T18:28:12.736990Z","level":"info","event":"PArts bu: ['2025.10.23', '09:48:07', '39.2503', '29.0362', '12.9', '-.-', '1.4', '-.-', 'KATRANDAGI-EMET', '(KUTAHYA)', 'İlksel']","logger":"task.stdout"}
{"timestamp":"2025-10-25T18:28:12.737027Z","level":"info","event":"PArts bu: ['2025.10.23', '09:27:40', '39.2247', '29.0305', '12.9', '-.-', '1.0', '-.-', 'EGIRLER-SIMAV', '(KUTAHYA)', 'İlksel']","logger":"task.stdout"}
{"timestamp":"2025-10-25T18:28:12.737075Z","level":"info","event":"PArts bu: ['2025.10.23', '08:50:22', '38.5703', '28.1987', '27.5', '-.-', '1.0', '-.-', 'CAPAKLI-SALIHLI', '(MANISA)', 'İlksel']","logger":"task.stdout"}
{"timestamp":"2025-10-25T18:28:12.737126Z","level":"info","event":"PArts bu: ['2025.10.23', '08:49:01', '38.5557', '28.2230', '5.4', '-.-', '1.3', '-.-', 'CAPAKLI-SALIHLI', '(MANISA)', 'İlksel']","logger":"task.stdout"}
{"timestamp":"2025-10-25T18:28:12.737210Z","level":"info","event":"PArts bu: ['2025.10.23', '08:47:10', '38.9360', '28.0790', '23.0', '-.-', '0.8', '-.-', 'GOKCELER-AKHISAR', '(MANISA)', 'İlksel']","logger":"task.stdout"}
{"timestamp":"2025-10-25T18:28:12.737265Z","level":"info","event":"PArts bu: ['2025.10.23', '08:44:04', '39.2163', '28.0957', '8.8', '-.-', '2.0', '-.-', 'KERTIL-SINDIRGI', '(BALIKESIR)', 'İlksel']","logger":"task.stdout"}
{"timestamp":"2025-10-25T18:28:12.737312Z","level":"info","event":"PArts bu: ['2025.10.23', '08:13:50', '38.7960', '27.8160', '9.2', '-.-', '1.9', '-.-', 'SAZOBA-AKHISAR', '(MANISA)', 'İlksel']","logger":"task.stdout"}
{"timestamp":"2025-10-25T18:28:12.737362Z","level":"info","event":"PArts bu: ['2025.10.23', '08:13:26', '39.2717', '28.1073', '8.2', '-.-', '2.1', '-.-', 'KARAGUR-SINDIRGI', '(BALIKESIR)', 'İlksel']","logger":"task.stdout"}
{"timestamp":"2025-10-25T18:28:12.737400Z","level":"info","event":"PArts bu: ['2025.10.23', '07:34:19', '39.2097', '28.1222', '17.3', '-.-', '1.4', '-.-', 'KERTIL-SINDIRGI', '(BALIKESIR)', 'İlksel']","logger":"task.stdout"}
{"timestamp":"2025-10-25T18:28:12.737438Z","level":"info","event":"PArts bu: ['2025.10.23', '06:51:37', '40.6962', '27.4938', '14.5', '-.-', '1.7', '-.-', 'GUZELKOY', 'ACIKLARI-TEKIRDAG', '(MARMARA', 'DENIZI)', 'İlksel']","logger":"task.stdout"}
{"timestamp":"2025-10-25T18:28:12.737476Z","level":"info","event":"PArts bu: ['2025.10.23', '05:58:19', '39.2172', '27.9972', '13.4', '-.-', '2.1', '-.-', 'SAHINKAYA-SINDIRGI', '(BALIKESIR)', 'İlksel']","logger":"task.stdout"}
{"timestamp":"2025-10-25T18:28:12.737513Z","level":"info","event":"PArts bu: ['2025.10.23', '05:51:50', '36.7315', '36.0893', '5.0', '-.-', '1.1', '-.-', 'PAYAS-DORTYOL', '(HATAY)', 'İlksel']","logger":"task.stdout"}
{"timestamp":"2025-10-25T18:28:12.737550Z","level":"info","event":"PArts bu: ['2025.10.23', '05:50:31', '36.7120', '36.0892', '6.4', '-.-', '1.7', '-.-', 'ISKENDERUN', 'KORFEZI', '(AKDENIZ)', 'İlksel']","logger":"task.stdout"}
{"timestamp":"2025-10-25T18:28:12.737587Z","level":"info","event":"PArts bu: ['2025.10.23', '05:46:37', '36.7003', '36.0837', '9.6', '-.-', '1.7', '-.-', 'ISKENDERUN', 'KORFEZI', '(AKDENIZ)', 'İlksel']","logger":"task.stdout"}
{"timestamp":"2025-10-25T18:28:12.737635Z","level":"info","event":"PArts bu: ['2025.10.23', '05:43:21', '36.3167', '34.0508', '6.6', '-.-', '2.8', '-.-', 'ARKUM-SILIFKE', '(MERSIN)', 'İlksel']","logger":"task.stdout"}
{"timestamp":"2025-10-25T18:28:12.737693Z","level":"info","event":"PArts bu: ['2025.10.23', '05:33:01', '39.2260', '27.9743', '13.8', '-.-', '1.5', '-.-', 'HACET-KIRKAGAC', '(MANISA)', 'İlksel']","logger":"task.stdout"}
{"timestamp":"2025-10-25T18:28:12.737746Z","level":"info","event":"PArts bu: ['2025.10.23', '04:49:25', '39.1818', '28.2207', '13.6', '-.-', '1.2', '-.-', 'AKTAS-SINDIRGI', '(BALIKESIR)', 'İlksel']","logger":"task.stdout"}
{"timestamp":"2025-10-25T18:28:12.737813Z","level":"info","event":"PArts bu: ['2025.10.23', '04:10:42', '39.2400', '29.0402', '11.2', '-.-', '1.6', '-.-', 'KATRANDAGI-EMET', '(KUTAHYA)', 'İlksel']","logger":"task.stdout"}
{"timestamp":"2025-10-25T18:28:12.737851Z","level":"info","event":"PArts bu: ['2025.10.23', '03:49:00', '39.2343', '27.9773', '11.9', '-.-', '2.5', '-.-', 'HACET-KIRKAGAC', '(MANISA)', 'İlksel']","logger":"task.stdout"}
{"timestamp":"2025-10-25T18:28:12.737887Z","level":"info","event":"PArts bu: ['2025.10.23', '03:47:07', '39.2082', '27.9492', '9.5', '-.-', '1.9', '-.-', 'HACET-KIRKAGAC', '(MANISA)', 'İlksel']","logger":"task.stdout"}
{"timestamp":"2025-10-25T18:28:12.737924Z","level":"info","event":"PArts bu: ['2025.10.23', '02:54:52', '38.7488', '26.5450', '4.0', '-.-', '1.9', '-.-', 'EGE', 'DENIZI', 'İlksel']","logger":"task.stdout"}
{"timestamp":"2025-10-25T18:28:12.737961Z","level":"info","event":"PArts bu: ['2025.10.23', '02:32:39', '39.2285', '28.0092', '12.0', '-.-', '1.9', '-.-', 'SAHINKAYA-SINDIRGI', '(BALIKESIR)', 'İlksel']","logger":"task.stdout"}
{"timestamp":"2025-10-25T18:28:12.737997Z","level":"info","event":"PArts bu: ['2025.10.23', '02:12:59', '39.2237', '29.0050', '11.1', '-.-', '1.9', '-.-', 'EGIRLER-SIMAV', '(KUTAHYA)', 'İlksel']","logger":"task.stdout"}
{"timestamp":"2025-10-25T18:28:12.738034Z","level":"info","event":"PArts bu: ['2025.10.23', '02:11:43', '39.2140', '28.1022', '13.3', '-.-', '1.7', '-.-', 'KERTIL-SINDIRGI', '(BALIKESIR)', 'İlksel']","logger":"task.stdout"}
{"timestamp":"2025-10-25T18:28:12.738088Z","level":"info","event":"PArts bu: ['2025.10.23', '02:09:12', '37.6057', '37.1888', '5.4', '-.-', '1.7', '-.-', 'KUCUKNACAR', '(KAHRAMANMARAS)', 'İlksel']","logger":"task.stdout"}
{"timestamp":"2025-10-25T18:28:12.738125Z","level":"info","event":"PArts bu: ['2025.10.23', '02:00:27', '38.2402', '37.3070', '5.0', '-.-', '1.6', '-.-', 'SOGUTLU-ELBISTAN', '(KAHRAMANMARAS)', 'İlksel']","logger":"task.stdout"}
{"timestamp":"2025-10-25T18:28:12.738161Z","level":"info","event":"PArts bu: ['2025.10.23', '01:52:56', '39.2385', '28.9665', '11.2', '-.-', '1.6', '-.-', 'YEMISLI-SIMAV', '(KUTAHYA)', 'İlksel']","logger":"task.stdout"}
{"timestamp":"2025-10-25T18:28:12.738197Z","level":"info","event":"PArts bu: ['2025.10.23', '01:47:41', '39.0440', '40.4255', '9.5', '-.-', '1.7', '-.-', 'SUDUGUNU', '(BINGOL)', 'İlksel']","logger":"task.stdout"}
{"timestamp":"2025-10-25T18:28:12.738234Z","level":"info","event":"PArts bu: ['2025.10.23', '01:46:35', '39.2623', '28.9545', '9.7', '-.-', '1.9', '-.-', 'KARAKOCA-SIMAV', '(KUTAHYA)', 'İlksel']","logger":"task.stdout"}
{"timestamp":"2025-10-25T18:28:12.738270Z","level":"info","event":"PArts bu: ['2025.10.23', '01:42:10', '39.1437', '28.1407', '8.1', '-.-', '1.6', '-.-', 'SINANDEDE-SINDIRGI', '(BALIKESIR)', 'İlksel']","logger":"task.stdout"}
{"timestamp":"2025-10-25T18:28:12.738307Z","level":"info","event":"PArts bu: ['2025.10.23', '01:35:39', '37.9050', '26.9290', '11.8', '-.-', '1.9', '-.-', 'KUSADASI', 'KORFEZI', '(EGE', 'DENIZI)', 'İlksel']","logger":"task.stdout"}
{"timestamp":"2025-10-25T18:28:12.738343Z","level":"info","event":"PArts bu: ['2025.10.23', '01:31:27', '37.1018', '28.4357', '9.3', '-.-', '1.6', '-.-', 'ULA', '(MUGLA)', 'İlksel']","logger":"task.stdout"}
{"timestamp":"2025-10-25T18:28:12.738379Z","level":"info","event":"PArts bu: ['2025.10.23', '01:26:06', '39.1462', '28.2015', '16.0', '-.-', '1.9', '-.-', 'AKTAS-SINDIRGI', '(BALIKESIR)', 'İlksel']","logger":"task.stdout"}
{"timestamp":"2025-10-25T18:28:12.738416Z","level":"info","event":"PArts bu: ['2025.10.23', '01:22:48', '39.2118', '28.1482', '7.6', '-.-', '1.8', '-.-', 'YAYLACIK-SINDIRGI', '(BALIKESIR)', 'İlksel']","logger":"task.stdout"}
{"timestamp":"2025-10-25T18:28:12.738451Z","level":"info","event":"PArts bu: ['2025.10.23', '01:03:41', '39.2175', '28.1243', '8.5', '-.-', '1.5', '-.-', 'BAYIRLI-SINDIRGI', '(BALIKESIR)', 'İlksel']","logger":"task.stdout"}
{"timestamp":"2025-10-25T18:28:12.738530Z","level":"info","event":"PArts bu: ['2025.10.23', '00:58:19', '39.2322', '29.0138', '9.7', '-.-', '1.9', '-.-', 'YEMISLI-SIMAV', '(KUTAHYA)', 'İlksel']","logger":"task.stdout"}
{"timestamp":"2025-10-25T18:28:12.738567Z","level":"info","event":"PArts bu: ['2025.10.23', '00:49:10', '39.2308', '28.9533', '3.9', '-.-', '1.5', '-.-', 'YEMISLI-SIMAV', '(KUTAHYA)', 'İlksel']","logger":"task.stdout"}
{"timestamp":"2025-10-25T18:28:12.738604Z","level":"info","event":"PArts bu: ['2025.10.23', '00:47:36', '39.0328', '28.0990', '19.9', '-.-', '1.0', '-.-', 'HANPASA-AKHISAR', '(MANISA)', 'İlksel']","logger":"task.stdout"}
{"timestamp":"2025-10-25T18:28:12.738640Z","level":"info","event":"PArts bu: ['2025.10.23', '00:38:10', '39.2405', '29.0057', '10.4', '-.-', '1.8', '-.-', 'YEMISLI-SIMAV', '(KUTAHYA)', 'İlksel']","logger":"task.stdout"}
{"timestamp":"2025-10-25T18:28:12.738677Z","level":"info","event":"PArts bu: ['2025.10.23', '00:35:41', '39.1747', '28.1458', '9.7', '-.-', '1.9', '-.-', 'SINANDEDE-SINDIRGI', '(BALIKESIR)', 'İlksel']","logger":"task.stdout"}
{"timestamp":"2025-10-25T18:28:12.738712Z","level":"info","event":"PArts bu: ['2025.10.23', '00:01:22', '39.1635', '28.1570', '10.0', '-.-', '1.7', '-.-', 'SINANDEDE-SINDIRGI', '(BALIKESIR)', 'İlksel']","logger":"task.stdout"}
{"timestamp":"2025-10-25T18:28:12.738748Z","level":"info","event":"PArts bu: ['2025.10.23', '00:00:26', '39.1750', '28.1507', '11.8', '-.-', '1.5', '-.-', 'SINANDEDE-SINDIRGI', '(BALIKESIR)', 'İlksel']","logger":"task.stdout"}
{"timestamp":"2025-10-25T18:28:12.738784Z","level":"info","event":"PArts bu: ['2025.10.22', '23:58:05', '39.1850', '28.1547', '9.6', '-.-', '1.4', '-.-', 'SINANDEDE-SINDIRGI', '(BALIKESIR)', 'İlksel']","logger":"task.stdout"}
{"timestamp":"2025-10-25T18:28:12.738830Z","level":"info","event":"PArts bu: ['2025.10.22', '23:51:12', '39.2223', '28.0692', '7.3', '-.-', '1.3', '-.-', 'ALAKIR-SINDIRGI', '(BALIKESIR)', 'İlksel']","logger":"task.stdout"}
{"timestamp":"2025-10-25T18:28:12.738877Z","level":"info","event":"PArts bu: ['2025.10.22', '23:48:30', '39.1767', '28.1468', '10.0', '-.-', '1.2', '-.-', 'SINANDEDE-SINDIRGI', '(BALIKESIR)', 'İlksel']","logger":"task.stdout"}
{"timestamp":"2025-10-25T18:28:12.738915Z","level":"info","event":"PArts bu: ['2025.10.22', '23:40:58', '39.3155', '28.1840', '25.5', '-.-', '1.3', '-.-', 'KOCASINAN-SINDIRGI', '(BALIKESIR)', 'İlksel']","logger":"task.stdout"}
{"timestamp":"2025-10-25T18:28:12.738952Z","level":"info","event":"PArts bu: ['2025.10.22', '23:40:53', '36.9813', '27.6430', '5.0', '-.-', '1.8', '-.-', 'GOKOVA', 'KORFEZI', '(EGE', 'DENIZI)', 'İlksel']","logger":"task.stdout"}
{"timestamp":"2025-10-25T18:28:12.739046Z","level":"info","event":"PArts bu: ['2025.10.22', '23:33:31', '39.2068', '29.0193', '14.0', '-.-', '1.6', '-.-', 'EGIRLER-SIMAV', '(KUTAHYA)', 'İlksel']","logger":"task.stdout"}
{"timestamp":"2025-10-25T18:28:12.739108Z","level":"info","event":"PArts bu: ['2025.10.22', '23:26:53', '40.9748', '33.0223', '9.1', '-.-', '1.7', '-.-', 'CAKMAK-CERKES', '(CANKIRI)', 'İlksel']","logger":"task.stdout"}
{"timestamp":"2025-10-25T18:28:12.739150Z","level":"info","event":"PArts bu: ['2025.10.22', '23:06:49', '39.2000', '29.0587', '12.4', '-.-', '1.3', '-.-', 'KARACAOREN-SIMAV', '(KUTAHYA)', 'İlksel']","logger":"task.stdout"}
{"timestamp":"2025-10-25T18:28:12.739187Z","level":"info","event":"PArts bu: ['2025.10.22', '22:55:41', '38.1277', '36.8658', '6.4', '-.-', '1.7', '-.-', 'KAMISCIK-GOKSUN', '(KAHRAMANMARAS)', 'İlksel']","logger":"task.stdout"}
{"timestamp":"2025-10-25T18:28:12.739223Z","level":"info","event":"PArts bu: ['2025.10.22', '22:54:55', '38.1913', '38.5555', '22.5', '-.-', '1.5', '-.-', 'ULUKOY', '(MALATYA)', 'İlksel']","logger":"task.stdout"}
{"timestamp":"2025-10-25T18:28:12.739271Z","level":"info","event":"PArts bu: ['2025.10.22', '22:54:04', '36.9755', '27.6858', '8.8', '-.-', '2.8', '-.-', 'GOKOVA', 'KORFEZI', '(EGE', 'DENIZI)', 'İlksel']","logger":"task.stdout"}
{"timestamp":"2025-10-25T18:28:12.739322Z","level":"info","event":"PArts bu: ['2025.10.22', '22:30:55', '40.9728', '33.0637', '7.5', '-.-', '2.1', '-.-', 'CAKIRBAG-BAYRAMOREN', '(CANKIRI)', 'İlksel']","logger":"task.stdout"}
{"timestamp":"2025-10-25T18:28:12.739398Z","level":"info","event":"PArts bu: ['2025.10.22', '22:22:36', '38.1783', '38.6752', '5.0', '-.-', '1.9', '-.-', 'ESENLIK-PUTURGE', '(MALATYA)', 'İlksel']","logger":"task.stdout"}
{"timestamp":"2025-10-25T18:28:12.739447Z","level":"info","event":"PArts bu: ['2025.10.22', '22:18:00', '39.3843', '27.9047', '7.2', '-.-', '3.0', '-.-', 'DEDEBURNU', '(BALIKESIR)', 'İlksel']","logger":"task.stdout"}
{"timestamp":"2025-10-25T18:28:12.739491Z","level":"info","event":"PArts bu: ['2025.10.22', '21:46:37', '39.2060', '27.9352', '7.9', '-.-', '1.6', '-.-', 'DUALAR-KIRKAGAC', '(MANISA)', 'İlksel']","logger":"task.stdout"}
{"timestamp":"2025-10-25T18:28:12.739528Z","level":"info","event":"PArts bu: ['2025.10.22', '21:23:52', '39.3430', '28.2038', '14.2', '-.-', '1.0', '-.-', 'KOCABEY-SINDIRGI', '(BALIKESIR)', 'İlksel']","logger":"task.stdout"}
{"timestamp":"2025-10-25T18:28:12.739568Z","level":"info","event":"PArts bu: ['2025.10.22', '21:20:20', '39.2282', '27.9948', '9.7', '-.-', '1.5', '-.-', 'HACET-KIRKAGAC', '(MANISA)', 'İlksel']","logger":"task.stdout"}
{"timestamp":"2025-10-25T18:28:12.739604Z","level":"info","event":"PArts bu: ['2025.10.22', '21:15:49', '39.2002', '27.9282', '8.4', '-.-', '1.1', '-.-', 'DUALAR-KIRKAGAC', '(MANISA)', 'İlksel']","logger":"task.stdout"}
{"timestamp":"2025-10-25T18:28:12.739641Z","level":"info","event":"PArts bu: ['2025.10.22', '21:15:13', '40.6405', '30.5927', '5.3', '-.-', '1.4', '-.-', 'SALIHIYE-AKYAZI', '(SAKARYA)', 'İlksel']","logger":"task.stdout"}
{"timestamp":"2025-10-25T18:28:12.739677Z","level":"info","event":"PArts bu: ['2025.10.22', '21:08:55', '39.2447', '28.0200', '11.7', '-.-', '1.5', '-.-', 'KIZILGUR-SINDIRGI', '(BALIKESIR)', 'İlksel']","logger":"task.stdout"}
{"timestamp":"2025-10-25T18:28:12.739713Z","level":"info","event":"PArts bu: ['2025.10.22', '21:04:14', '39.2142', '27.9200', '15.1', '-.-', '1.4', '-.-', 'DUALAR-KIRKAGAC', '(MANISA)', 'İlksel']","logger":"task.stdout"}
{"timestamp":"2025-10-25T18:28:12.739751Z","level":"info","event":"PArts bu: ['2025.10.22', '21:03:03', '39.2605', '28.0810', '9.5', '-.-', '1.6', '-.-', 'ALACAATLI-SINDIRGI', '(BALIKESIR)', 'İlksel']","logger":"task.stdout"}
{"timestamp":"2025-10-25T18:28:12.739801Z","level":"info","event":"PArts bu: ['2025.10.22', '20:43:38', '39.2305', '27.9780', '9.1', '-.-', '3.6', '3.4', 'HACET-KIRKAGAC', '(MANISA)', 'İlksel']","logger":"task.stdout"}
{"timestamp":"2025-10-25T18:28:12.739847Z","level":"info","event":"PArts bu: ['2025.10.22', '20:12:06', '39.1668', '28.2517', '9.2', '-.-', '1.3', '-.-', 'BAYRAKLI-SINDIRGI', '(BALIKESIR)', 'İlksel']","logger":"task.stdout"}
{"timestamp":"2025-10-25T18:28:12.739884Z","level":"info","event":"PArts bu: ['2025.10.22', '20:03:44', '39.7575', '27.6295', '23.7', '-.-', '1.4', '-.-', 'PATLAK-BALYA', '(BALIKESIR)', 'İlksel']","logger":"task.stdout"}
{"timestamp":"2025-10-25T18:28:12.739946Z","level":"info","event":"PArts bu: ['2025.10.22', '19:45:03', '39.1655', '28.1688', '10.8', '-.-', '2.2', '-.-', 'SINANDEDE-SINDIRGI', '(BALIKESIR)', 'İlksel']","logger":"task.stdout"}
{"timestamp":"2025-10-25T18:28:12.739985Z","level":"info","event":"PArts bu: ['2025.10.22', '19:08:17', '38.5342', '25.3508', '5.4', '-.-', '2.3', '-.-', 'EGE', 'DENIZI', 'İlksel']","logger":"task.stdout"}
{"timestamp":"2025-10-25T18:28:12.740022Z","level":"info","event":"PArts bu: ['2025.10.22', '19:06:22', '39.2098', '29.0067', '20.8', '-.-', '1.5', '-.-', 'EGIRLER-SIMAV', '(KUTAHYA)', 'İlksel']","logger":"task.stdout"}
{"timestamp":"2025-10-25T18:28:12.740171Z","level":"info","event":"PArts bu: ['2025.10.22', '18:42:38', '37.2953', '37.0552', '1.2', '-.-', '1.4', '-.-', 'ORDEKDEDE-PAZARCIK', '(KAHRAMANMARAS)', 'İlksel']","logger":"task.stdout"}
{"timestamp":"2025-10-25T18:28:12.740283Z","level":"info","event":"PArts bu: ['2025.10.22', '18:30:17', '39.1860', '28.9670', '11.7', '-.-', '1.2', '-.-', 'EGIRLER-SIMAV', '(KUTAHYA)', 'İlksel']","logger":"task.stdout"}
{"timestamp":"2025-10-25T18:28:12.740371Z","level":"info","event":"PArts bu: ['2025.10.22', '17:54:19', '39.3545', '25.7287', '10.5', '-.-', '1.6', '-.-', 'EGE', 'DENIZI', 'İlksel']","logger":"task.stdout"}
{"timestamp":"2025-10-25T18:28:12.740451Z","level":"info","event":"PArts bu: ['2025.10.22', '17:51:41', '38.9183', '38.1468', '3.3', '-.-', '1.3', '-.-', 'KURUTTAS-ARGUVAN', '(MALATYA)', 'İlksel']","logger":"task.stdout"}
{"timestamp":"2025-10-25T18:28:12.740813Z","level":"info","event":"PArts bu: ['2025.10.22', '17:47:35', '38.9260', '38.0793', '7.2', '-.-', '1.4', '-.-', 'KOZDERE-HEKIMHAN', '(MALATYA)', 'İlksel']","logger":"task.stdout"}
{"timestamp":"2025-10-25T18:28:12.741031Z","level":"info","event":"PArts bu: ['2025.10.22', '17:45:56', '39.2270', '28.1667', '11.9', '-.-', '2.0', '-.-', 'SINDIRGI', '(BALIKESIR)', 'İlksel']","logger":"task.stdout"}
{"timestamp":"2025-10-25T18:28:12.741196Z","level":"info","event":"PArts bu: ['2025.10.22', '17:44:27', '39.2077', '29.0272', '1.0', '-.-', '1.7', '-.-', 'EGIRLER-SIMAV', '(KUTAHYA)', 'İlksel']","logger":"task.stdout"}
{"timestamp":"2025-10-25T18:28:12.741349Z","level":"info","event":"PArts bu: ['2025.10.22', '17:34:53', '39.2057', '28.1585', '9.4', '-.-', '2.2', '-.-', 'YAYLACIK-SINDIRGI', '(BALIKESIR)', 'İlksel']","logger":"task.stdout"}
{"timestamp":"2025-10-25T18:28:12.741409Z","level":"info","event":"PArts bu: ['2025.10.22', '17:34:09', '39.1852', '28.1158', '4.3', '-.-', '2.1', '-.-', 'ORMANICI-SINDIRGI', '(BALIKESIR)', 'İlksel']","logger":"task.stdout"}
{"timestamp":"2025-10-25T18:28:12.741564Z","level":"info","event":"PArts bu: ['2025.10.22', '17:16:31', '38.0373', '32.0345', '15.8', '-.-', '1.6', '-.-', 'DERBENT', '(KONYA)', 'İlksel']","logger":"task.stdout"}
{"timestamp":"2025-10-25T18:28:12.741745Z","level":"info","event":"PArts bu: ['2025.10.22', '17:12:43', '39.1598', '28.1550', '11.4', '-.-', '1.9', '-.-', 'SINANDEDE-SINDIRGI', '(BALIKESIR)', 'İlksel']","logger":"task.stdout"}
{"timestamp":"2025-10-25T18:28:12.741885Z","level":"info","event":"PArts bu: ['2025.10.22', '16:59:14', '39.6735', '27.8158', '5.4', '-.-', '1.0', '-.-', 'KABAKDERE', '(BALIKESIR)', 'İlksel']","logger":"task.stdout"}
{"timestamp":"2025-10-25T18:28:12.741979Z","level":"info","event":"PArts bu: ['2025.10.22', '16:48:34', '39.2332', '28.0782', '9.5', '-.-', '2.2', '-.-', 'KOZLU-SINDIRGI', '(BALIKESIR)', 'İlksel']","logger":"task.stdout"}
{"timestamp":"2025-10-25T18:28:12.742032Z","level":"info","event":"PArts bu: ['2025.10.22', '16:39:22', '38.8885', '38.1132', '4.1', '-.-', '2.1', '-.-', 'BALLIKAYA-HEKIMHAN', '(MALATYA)', 'İlksel']","logger":"task.stdout"}
{"timestamp":"2025-10-25T18:28:12.742094Z","level":"info","event":"PArts bu: ['2025.10.22', '16:02:26', '39.1923', '28.1215', '8.6', '-.-', '1.4', '-.-', 'ORMANICI-SINDIRGI', '(BALIKESIR)', 'İlksel']","logger":"task.stdout"}
{"timestamp":"2025-10-25T18:28:12.742150Z","level":"info","event":"PArts bu: ['2025.10.22', '15:52:37', '39.2590', '29.0255', '7.1', '-.-', '1.2', '-.-', 'KATRANDAGI-EMET', '(KUTAHYA)', 'İlksel']","logger":"task.stdout"}
{"timestamp":"2025-10-25T18:28:12.742195Z","level":"info","event":"PArts bu: ['2025.10.22', '15:51:47', '36.2933', '33.6170', '0.0', '-.-', '0.9', '-.-', 'USAKPINARI-SILIFKE', '(MERSIN)', 'İlksel']","logger":"task.stdout"}
{"timestamp":"2025-10-25T18:28:12.742239Z","level":"info","event":"PArts bu: ['2025.10.22', '15:29:11', '38.4788', '29.1825', '16.7', '-.-', '1.3', '-.-', 'KISLA-ULUBEY', '(USAK)', 'İlksel']","logger":"task.stdout"}
{"timestamp":"2025-10-25T18:28:12.742292Z","level":"info","event":"PArts bu: ['2025.10.22', '15:22:11', '40.6812', '28.2623', '7.3', '-.-', '1.9', '-.-', 'MARMARA', 'DENIZI', 'İlksel']","logger":"task.stdout"}
{"timestamp":"2025-10-25T18:28:12.742336Z","level":"info","event":"PArts bu: ['2025.10.22', '15:18:31', '40.6773', '28.2405', '6.8', '-.-', '2.3', '-.-', 'MARMARA', 'DENIZI', 'İlksel']","logger":"task.stdout"}
{"timestamp":"2025-10-25T18:28:12.742376Z","level":"info","event":"PArts bu: ['2025.10.22', '15:01:20', '36.0238', '28.9808', '9.8', '-.-', '3.0', '3.0', 'AKDENIZ', 'İlksel']","logger":"task.stdout"}
{"timestamp":"2025-10-25T18:28:12.742450Z","level":"info","event":"PArts bu: ['2025.10.22', '14:54:37', '37.0878', '28.6052', '6.3', '-.-', '2.2', '-.-', 'BALCILAR-KOYCEGIZ', '(MUGLA)', 'İlksel']","logger":"task.stdout"}
{"timestamp":"2025-10-25T18:28:12.742499Z","level":"info","event":"PArts bu: ['2025.10.22', '14:19:20', '39.2635', '28.9503', '11.2', '-.-', '1.7', '-.-', 'KARAKOCA-SIMAV', '(KUTAHYA)', 'İlksel']","logger":"task.stdout"}
{"timestamp":"2025-10-25T18:28:12.742536Z","level":"info","event":"PArts bu: ['2025.10.22', '14:18:47', '39.2572', '29.0340', '11.2', '-.-', '1.8', '-.-', 'KATRANDAGI-EMET', '(KUTAHYA)', 'İlksel']","logger":"task.stdout"}
{"timestamp":"2025-10-25T18:28:12.742578Z","level":"info","event":"PArts bu: ['2025.10.22', '14:09:46', '40.6630', '27.5917', '3.4', '-.-', '2.0', '-.-', 'MARMARA', 'DENIZI', 'İlksel']","logger":"task.stdout"}
{"timestamp":"2025-10-25T18:28:12.742616Z","level":"info","event":"PArts bu: ['2025.10.22', '13:59:07', '40.7400', '27.3950', '12.8', '-.-', '2.8', '-.-', 'GUZELKOY', 'ACIKLARI-TEKIRDAG', '(MARMARA', 'DENIZI)', 'İlksel']","logger":"task.stdout"}
{"timestamp":"2025-10-25T18:28:12.742653Z","level":"info","event":"PArts bu: ['2025.10.22', '13:52:56', '39.2135', '28.1328', '8.5', '-.-', '1.5', '-.-', 'MANDIRA-SINDIRGI', '(BALIKESIR)', 'İlksel']","logger":"task.stdout"}
{"timestamp":"2025-10-25T18:28:12.742692Z","level":"info","event":"PArts bu: ['2025.10.22', '13:21:54', '39.1942', '28.1543', '13.3', '-.-', '3.6', '3.4', 'ORMANICI-SINDIRGI', '(BALIKESIR)', 'İlksel']","logger":"task.stdout"}
{"timestamp":"2025-10-25T18:28:12.742763Z","level":"info","event":"PArts bu: ['2025.10.22', '13:18:14', '39.9428', '24.5207', '1.0', '-.-', '2.1', '-.-', 'EGE', 'DENIZI', 'İlksel']","logger":"task.stdout"}
{"timestamp":"2025-10-25T18:28:12.742804Z","level":"info","event":"PArts bu: ['2025.10.22', '13:13:54', '40.8505', '29.2917', '6.6', '-.-', '2.5', '-.-', 'TUZLA', '(ISTANBUL)', 'İlksel']","logger":"task.stdout"}
{"timestamp":"2025-10-25T18:28:12.742841Z","level":"info","event":"PArts bu: ['2025.10.22', '13:07:20', '39.3285', '29.3113', '0.0', '-.-', '1.1', '-.-', 'BAHATLAR-EMET', '(KUTAHYA)', 'İlksel']","logger":"task.stdout"}
{"timestamp":"2025-10-25T18:28:12.742882Z","level":"info","event":"PArts bu: ['2025.10.22', '13:05:22', '39.2440', '29.0128', '10.2', '-.-', '1.2', '-.-', 'YEMISLI-SIMAV', '(KUTAHYA)', 'İlksel']","logger":"task.stdout"}
{"timestamp":"2025-10-25T18:28:12.742918Z","level":"info","event":"PArts bu: ['2025.10.22', '12:55:39', '39.5712', '29.4307', '0.0', '-.-', '1.3', '-.-', 'KAYAARASI-TAVSANLI', '(KUTAHYA)', 'İlksel']","logger":"task.stdout"}
{"timestamp":"2025-10-25T18:28:12.742955Z","level":"info","event":"PArts bu: ['2025.10.22', '12:55:30', '38.4093', '37.4347', '15.9', '-.-', '1.3', '-.-', 'YALINTAS-ELBISTAN', '(KAHRAMANMARAS)', 'İlksel']","logger":"task.stdout"}
{"timestamp":"2025-10-25T18:28:12.743026Z","level":"info","event":"PArts bu: ['2025.10.22', '12:49:29', '39.1897', '28.1287', '8.9', '-.-', '1.2', '-.-', 'ORMANICI-SINDIRGI', '(BALIKESIR)', 'İlksel']","logger":"task.stdout"}
{"timestamp":"2025-10-25T18:28:12.743083Z","level":"info","event":"PArts bu: ['2025.10.22', '12:44:05', '39.2257', '28.1777', '7.9', '-.-', '1.9', '-.-', 'SINDIRGI', '(BALIKESIR)', 'İlksel']","logger":"task.stdout"}
{"timestamp":"2025-10-25T18:28:12.743122Z","level":"info","event":"PArts bu: ['2025.10.22', '12:27:01', '39.2032', '28.1768', '11.6', '-.-', '1.6', '-.-', 'YAYLACIK-SINDIRGI', '(BALIKESIR)', 'İlksel']","logger":"task.stdout"}
{"timestamp":"2025-10-25T18:28:12.743159Z","level":"info","event":"PArts bu: ['2025.10.22', '12:24:07', '37.4040', '40.3638', '6.2', '-.-', '1.6', '-.-', 'SAGMAL-MAZIDAGI', '(MARDIN)', 'İlksel']","logger":"task.stdout"}
{"timestamp":"2025-10-25T18:28:12.743195Z","level":"info","event":"PArts bu: ['2025.10.22', '12:18:33', '39.1337', '28.2112', '16.8', '-.-', '0.9', '-.-', 'KINIK-SINDIRGI', '(BALIKESIR)', 'İlksel']","logger":"task.stdout"}
{"timestamp":"2025-10-25T18:28:12.743268Z","level":"info","event":"PArts bu: ['2025.10.22', '12:15:59', '39.2247', '28.1478', '11.2', '-.-', '1.4', '-.-', 'MANDIRA-SINDIRGI', '(BALIKESIR)', 'İlksel']","logger":"task.stdout"}
{"timestamp":"2025-10-25T18:28:12.743309Z","level":"info","event":"PArts bu: ['2025.10.22', '12:11:26', '38.3647', '38.3975', '5.0', '-.-', '1.3', '-.-', 'KARAKOY', '(MALATYA)', 'İlksel']","logger":"task.stdout"}
{"timestamp":"2025-10-25T18:28:12.743344Z","level":"info","event":"PArts bu: ['2025.10.22', '12:00:06', '39.1715', '28.1845', '17.0', '-.-', '1.3', '-.-', 'AKTAS-SINDIRGI', '(BALIKESIR)', 'İlksel']","logger":"task.stdout"}
{"timestamp":"2025-10-25T18:28:12.743379Z","level":"info","event":"PArts bu: ['2025.10.22', '11:59:03', '36.2530', '33.6933', '0.0', '-.-', '1.2', '-.-', 'ISIKLI-SILIFKE', '(MERSIN)', 'İlksel']","logger":"task.stdout"}
{"timestamp":"2025-10-25T18:28:12.743416Z","level":"info","event":"PArts bu: ['2025.10.22', '11:39:47', '38.2970', '38.7350', '2.0', '-.-', '1.9', '-.-', 'KAMISTAS', '(MALATYA)', 'İlksel']","logger":"task.stdout"}
{"timestamp":"2025-10-25T18:28:12.743461Z","level":"info","event":"PArts bu: ['2025.10.22', '11:38:23', '39.2568', '27.7838', '0.0', '-.-', '1.5', '-.-', 'CEVIRCEK-SOMA', '(MANISA)', 'İlksel']","logger":"task.stdout"}
{"timestamp":"2025-10-25T18:28:12.743502Z","level":"info","event":"PArts bu: ['2025.10.22', '11:13:55', '35.8258', '25.5970', '6.8', '-.-', '2.6', '-.-', 'EGE', 'DENIZI', 'İlksel']","logger":"task.stdout"}
{"timestamp":"2025-10-25T18:28:12.743538Z","level":"info","event":"PArts bu: ['2025.10.22', '10:55:48', '39.2077', '28.0887', '9.5', '-.-', '0.8', '-.-', 'KERTIL-SINDIRGI', '(BALIKESIR)', 'İlksel']","logger":"task.stdout"}
{"timestamp":"2025-10-25T18:28:12.743574Z","level":"info","event":"PArts bu: ['2025.10.22', '10:55:05', '39.2322', '28.1412', '10.0', '-.-', '1.8', '-.-', 'MANDIRA-SINDIRGI', '(BALIKESIR)', 'İlksel']","logger":"task.stdout"}
{"timestamp":"2025-10-25T18:28:12.743609Z","level":"info","event":"PArts bu: ['2025.10.22', '10:42:38', '40.7190', '35.1920', '8.0', '-.-', '2.1', '-.-', 'GULLUCE-GUMUSHACIKOY', '(AMASYA)', 'İlksel']","logger":"task.stdout"}
{"timestamp":"2025-10-25T18:28:12.743654Z","level":"info","event":"PArts bu: ['2025.10.22', '09:45:13', '38.0313', '36.8823', '20.0', '-.-', '1.5', '-.-', 'ERICEK-GOKSUN', '(KAHRAMANMARAS)', 'İlksel']","logger":"task.stdout"}
{"timestamp":"2025-10-25T18:28:12.743699Z","level":"info","event":"PArts bu: ['2025.10.22', '09:31:50', '39.7853', '29.6280', '6.6', '-.-', '1.7', '-.-', 'CAKILKOY-DOMANIC', '(KUTAHYA)', 'İlksel']","logger":"task.stdout"}
{"timestamp":"2025-10-25T18:28:12.743738Z","level":"info","event":"PArts bu: ['2025.10.22', '09:10:32', '39.2267', '29.0315', '10.8', '-.-', '1.5', '-.-', 'EGIRLER-SIMAV', '(KUTAHYA)', 'İlksel']","logger":"task.stdout"}
{"timestamp":"2025-10-25T18:28:12.743776Z","level":"info","event":"PArts bu: ['2025.10.22', '09:03:17', '39.2223', '29.0602', '2.6', '-.-', '0.8', '-.-', 'KATRANDAGI-EMET', '(KUTAHYA)', 'İlksel']","logger":"task.stdout"}
{"timestamp":"2025-10-25T18:28:12.743812Z","level":"info","event":"PArts bu: ['2025.10.22', '08:57:31', '39.2460', '28.1093', '8.8', '-.-', '1.4', '-.-', 'KARAGUR-SINDIRGI', '(BALIKESIR)', 'İlksel']","logger":"task.stdout"}
{"timestamp":"2025-10-25T18:28:12.743853Z","level":"info","event":"PArts bu: ['2025.10.22', '08:32:58', '39.2588', '28.9992', '10.1', '-.-', '1.2', '-.-', 'YESILDERE-SIMAV', '(KUTAHYA)', 'İlksel']","logger":"task.stdout"}
{"timestamp":"2025-10-25T18:28:12.743897Z","level":"info","event":"PArts bu: ['2025.10.22', '08:23:25', '39.1823', '27.9460', '13.1', '-.-', '1.1', '-.-', 'AKKOCALI-AKHISAR', '(MANISA)', 'İlksel']","logger":"task.stdout"}
{"timestamp":"2025-10-25T18:28:12.743934Z","level":"info","event":"PArts bu: ['2025.10.22', '08:16:45', '35.2833', '30.8632', '6.6', '-.-', '2.7', '-.-', 'AKDENIZ', 'İlksel']","logger":"task.stdout"}
{"timestamp":"2025-10-25T18:28:12.743969Z","level":"info","event":"PArts bu: ['2025.10.22', '08:16:35', '38.9003', '38.0030', '14.7', '-.-', '1.6', '-.-', 'KARAKOCEK-HEKIMHAN', '(MALATYA)', 'İlksel']","logger":"task.stdout"}
{"timestamp":"2025-10-25T18:28:12.744027Z","level":"info","event":"PArts bu: ['2025.10.22', '08:08:23', '39.1522', '28.1812', '15.3', '-.-', '1.3', '-.-', 'AKTAS-SINDIRGI', '(BALIKESIR)', 'İlksel']","logger":"task.stdout"}
{"timestamp":"2025-10-25T18:28:12.744068Z","level":"info","event":"PArts bu: ['2025.10.22', '07:54:43', '39.1705', '28.8075', '7.3', '-.-', '1.1', '-.-', 'BAHTILLI-SIMAV', '(KUTAHYA)', 'İlksel']","logger":"task.stdout"}
{"timestamp":"2025-10-25T18:28:12.744126Z","level":"info","event":"PArts bu: ['2025.10.22', '07:35:36', '39.2755', '28.2403', '12.2', '-.-', '1.3', '-.-', 'YOLCUPINAR-SINDIRGI', '(BALIKESIR)', 'İlksel']","logger":"task.stdout"}
{"timestamp":"2025-10-25T18:28:12.744162Z","level":"info","event":"PArts bu: ['2025.10.22', '07:31:38', '39.2718', '28.9900', '5.4', '-.-', '2.1', '-.-', 'YESILDERE-SIMAV', '(KUTAHYA)', 'İlksel']","logger":"task.stdout"}
{"timestamp":"2025-10-25T18:28:12.744197Z","level":"info","event":"PArts bu: ['2025.10.22', '07:20:53', '38.1253', '27.3543', '6.3', '-.-', '2.0', '-.-', 'YENIKOY-TORBALI', '(IZMIR)', 'İlksel']","logger":"task.stdout"}
{"timestamp":"2025-10-25T18:28:12.744231Z","level":"info","event":"PArts bu: ['2025.10.22', '07:10:38', '39.1518', '28.1482', '15.3', '-.-', '1.3', '-.-', 'SINANDEDE-SINDIRGI', '(BALIKESIR)', 'İlksel']","logger":"task.stdout"}
{"timestamp":"2025-10-25T18:28:12.744265Z","level":"info","event":"PArts bu: ['2025.10.22', '06:50:50', '39.2443', '28.9972', '4.8', '-.-', '1.8', '-.-', 'YEMISLI-SIMAV', '(KUTAHYA)', 'İlksel']","logger":"task.stdout"}
{"timestamp":"2025-10-25T18:28:12.744299Z","level":"info","event":"PArts bu: ['2025.10.22', '06:40:15', '39.1520', '28.9452', '15.0', '-.-', '0.8', '-.-', 'NASA-SIMAV', '(KUTAHYA)', 'İlksel']","logger":"task.stdout"}
{"timestamp":"2025-10-25T18:28:12.744346Z","level":"info","event":"PArts bu: ['2025.10.22', '06:32:14', '38.5610', '38.0587', '11.9', '-.-', '1.4', '-.-', 'CIVRIL-YAZIHAN', '(MALATYA)', 'İlksel']","logger":"task.stdout"}
{"timestamp":"2025-10-25T18:28:12.744391Z","level":"info","event":"PArts bu: ['2025.10.22', '06:29:57', '39.2695', '28.1138', '9.1', '-.-', '1.7', '-.-', 'IBILLER-SINDIRGI', '(BALIKESIR)', 'İlksel']","logger":"task.stdout"}
{"timestamp":"2025-10-25T18:28:12.744427Z","level":"info","event":"PArts bu: ['2025.10.22', '06:26:47', '38.8873', '38.0840', '6.3', '-.-', '1.5', '-.-', 'KOZDERE-HEKIMHAN', '(MALATYA)', 'İlksel']","logger":"task.stdout"}
{"timestamp":"2025-10-25T18:28:12.744464Z","level":"info","event":"PArts bu: ['2025.10.22', '06:14:57', '36.4853', '28.4702', '23.2', '-.-', '1.6', '-.-', 'AKDENIZ', 'İlksel']","logger":"task.stdout"}
{"timestamp":"2025-10-25T18:28:12.744500Z","level":"info","event":"PArts bu: ['2025.10.22', '06:10:31', '39.1692', '28.1785', '11.9', '-.-', '1.0', '-.-', 'AKTAS-SINDIRGI', '(BALIKESIR)', 'İlksel']","logger":"task.stdout"}
{"timestamp":"2025-10-25T18:28:12.744535Z","level":"info","event":"PArts bu: ['2025.10.22', '06:09:19', '37.6255', '35.8172', '9.6', '-.-', '1.5', '-.-', 'CAMDERE-KOZAN', '(ADANA)', 'İlksel']","logger":"task.stdout"}
{"timestamp":"2025-10-25T18:28:12.744571Z","level":"info","event":"PArts bu: ['2025.10.22', '05:56:48', '37.7268', '36.0827', '2.1', '-.-', '1.6', '-.-', 'AKOLUK-FEKE', '(ADANA)', 'İlksel']","logger":"task.stdout"}
{"timestamp":"2025-10-25T18:28:12.744606Z","level":"info","event":"PArts bu: ['2025.10.22', '05:55:55', '39.2335', '28.0450', '9.3', '-.-', '1.1', '-.-', 'ALAKIR-SINDIRGI', '(BALIKESIR)', 'İlksel']","logger":"task.stdout"}
{"timestamp":"2025-10-25T18:28:12.744642Z","level":"info","event":"PArts bu: ['2025.10.22', '05:52:05', '39.2292', '29.0207', '12.2', '-.-', '0.9', '-.-', 'YEMISLI-SIMAV', '(KUTAHYA)', 'İlksel']","logger":"task.stdout"}
{"timestamp":"2025-10-25T18:28:12.744677Z","level":"info","event":"PArts bu: ['2025.10.22', '05:45:24', '36.6030', '28.4920', '29.5', '-.-', '4.7', '4.5', 'AKDENIZ', 'İlksel']","logger":"task.stdout"}
{"timestamp":"2025-10-25T18:28:12.744738Z","level":"info","event":"PArts bu: ['2025.10.22', '05:30:32', '38.2380', '38.1375', '12.6', '-.-', '1.1', '-.-', 'GORGU-YESILYURT', '(MALATYA)', 'İlksel']","logger":"task.stdout"}
{"timestamp":"2025-10-25T18:28:12.744772Z","level":"info","event":"PArts bu: ['2025.10.22', '05:27:45', '39.2955', '28.1652', '7.7', '-.-', '1.4', '-.-', 'CELEBILER-SINDIRGI', '(BALIKESIR)', 'İlksel']","logger":"task.stdout"}
{"timestamp":"2025-10-25T18:28:12.744806Z","level":"info","event":"PArts bu: ['2025.10.22', '05:26:33', '38.8675', '38.0983', '6.2', '-.-', '1.7', '-.-', 'BALLIKAYA-HEKIMHAN', '(MALATYA)', 'İlksel']","logger":"task.stdout"}
{"timestamp":"2025-10-25T18:28:12.744840Z","level":"info","event":"PArts bu: ['2025.10.22', '05:20:03', '38.8808', '38.1202', '18.2', '-.-', '1.1', '-.-', 'BALLIKAYA-HEKIMHAN', '(MALATYA)', 'İlksel']","logger":"task.stdout"}
{"timestamp":"2025-10-25T18:28:12.744877Z","level":"info","event":"PArts bu: ['2025.10.22', '05:15:26', '39.2455', '28.0935', '11.1', '-.-', '1.1', '-.-', 'KOZLU-SINDIRGI', '(BALIKESIR)', 'İlksel']","logger":"task.stdout"}
{"timestamp":"2025-10-25T18:28:12.744913Z","level":"info","event":"PArts bu: ['2025.10.22', '05:14:59', '38.8657', '38.0857', '5.0', '-.-', '3.1', '3.0', 'BALLIKAYA-HEKIMHAN', '(MALATYA)', 'İlksel']","logger":"task.stdout"}
{"timestamp":"2025-10-25T18:28:12.744947Z","level":"info","event":"PArts bu: ['2025.10.22', '05:08:02', '40.8005', '27.9242', '7.5', '-.-', '2.7', '-.-', 'MARMARA', 'DENIZI', 'İlksel']","logger":"task.stdout"}
{"timestamp":"2025-10-25T18:28:12.744981Z","level":"info","event":"PArts bu: ['2025.10.22', '05:04:57', '39.2073', '28.1377', '10.3', '-.-', '1.8', '-.-', 'ORMANICI-SINDIRGI', '(BALIKESIR)', 'İlksel']","logger":"task.stdout"}
{"timestamp":"2025-10-25T18:28:12.745016Z","level":"info","event":"PArts bu: ['2025.10.22', '05:00:38', '39.2402', '28.1542', '15.9', '-.-', '1.0', '-.-', 'MANDIRA-SINDIRGI', '(BALIKESIR)', 'İlksel']","logger":"task.stdout"}
{"timestamp":"2025-10-25T18:28:12.745060Z","level":"info","event":"PArts bu: ['2025.10.22', '04:58:35', '38.8680', '38.1267', '9.6', '-.-', '2.4', '-.-', 'BALLIKAYA-HEKIMHAN', '(MALATYA)', 'İlksel']","logger":"task.stdout"}
{"timestamp":"2025-10-25T18:28:12.745104Z","level":"info","event":"PArts bu: ['2025.10.22', '04:50:25', '39.1822', '41.6085', '6.8', '-.-', '1.4', '-.-', 'SAHVERDI-HINIS', '(ERZURUM)', 'İlksel']","logger":"task.stdout"}
{"timestamp":"2025-10-25T18:28:12.745148Z","level":"info","event":"PArts bu: ['2025.10.22', '04:46:54', '39.2400', '28.9850', '10.4', '-.-', '1.4', '-.-', 'YEMISLI-SIMAV', '(KUTAHYA)', 'İlksel']","logger":"task.stdout"}
{"timestamp":"2025-10-25T18:28:12.745189Z","level":"info","event":"PArts bu: ['2025.10.22', '04:30:30', '34.5957', '32.8272', '19.6', '-.-', '2.4', '-.-', 'AKDENIZ', 'İlksel']","logger":"task.stdout"}
{"timestamp":"2025-10-25T18:28:12.745233Z","level":"info","event":"PArts bu: ['2025.10.22', '04:15:50', '39.2430', '28.9823', '5.3', '-.-', '1.7', '-.-', 'YEMISLI-SIMAV', '(KUTAHYA)', 'İlksel']","logger":"task.stdout"}
{"timestamp":"2025-10-25T18:28:12.745276Z","level":"info","event":"PArts bu: ['2025.10.22', '04:04:52', '39.2465', '28.9218', '7.5', '-.-', '1.4', '-.-', 'YENILER-SIMAV', '(KUTAHYA)', 'İlksel']","logger":"task.stdout"}
{"timestamp":"2025-10-25T18:28:12.745310Z","level":"info","event":"PArts bu: ['2025.10.22', '04:04:51', '38.9162', '38.0848', '11.6', '-.-', '1.1', '-.-', 'KOZDERE-HEKIMHAN', '(MALATYA)', 'İlksel']","logger":"task.stdout"}
{"timestamp":"2025-10-25T18:28:12.745368Z","level":"info","event":"PArts bu: ['2025.10.22', '04:03:25', '38.1148', '27.3460', '13.8', '-.-', '2.4', '-.-', 'YENIKOY-TORBALI', '(IZMIR)', 'İlksel']","logger":"task.stdout"}
{"timestamp":"2025-10-25T18:28:12.745403Z","level":"info","event":"PArts bu: ['2025.10.22', '04:03:04', '38.8837', '38.1012', '13.5', '-.-', '1.3', '-.-', 'BALLIKAYA-HEKIMHAN', '(MALATYA)', 'İlksel']","logger":"task.stdout"}
{"timestamp":"2025-10-25T18:28:12.745438Z","level":"info","event":"PArts bu: ['2025.10.22', '04:01:55', '39.1743', '29.0958', '19.6', '-.-', '1.0', '-.-', 'TOKAT-HISARCIK', '(KUTAHYA)', 'İlksel']","logger":"task.stdout"}
{"timestamp":"2025-10-25T18:28:12.745492Z","level":"info","event":"PArts bu: ['2025.10.22', '04:00:19', '39.1802', '28.1217', '17.1', '-.-', '1.1', '-.-', 'ORMANICI-SINDIRGI', '(BALIKESIR)', 'İlksel']","logger":"task.stdout"}
{"timestamp":"2025-10-25T18:28:12.745527Z","level":"info","event":"PArts bu: ['2025.10.22', '03:58:19', '38.8622', '38.0575', '16.6', '-.-', '1.1', '-.-', 'IGDIR-HEKIMHAN', '(MALATYA)', 'İlksel']","logger":"task.stdout"}
{"timestamp":"2025-10-25T18:28:12.745561Z","level":"info","event":"PArts bu: ['2025.10.22', '03:54:08', '38.8685', '38.0920', '1.4', '-.-', '3.6', '3.6', 'BALLIKAYA-HEKIMHAN', '(MALATYA)', 'İlksel']","logger":"task.stdout"}
{"timestamp":"2025-10-25T18:28:12.745598Z","level":"info","event":"PArts bu: ['2025.10.22', '03:43:30', '39.2567', '28.9143', '5.6', '-.-', '2.1', '-.-', 'KAYALIDERE-SIMAV', '(KUTAHYA)', 'İlksel']","logger":"task.stdout"}
{"timestamp":"2025-10-25T18:28:12.745633Z","level":"info","event":"PArts bu: ['2025.10.22', '03:40:34', '39.1553', '28.1820', '9.1', '-.-', '1.3', '-.-', 'AKTAS-SINDIRGI', '(BALIKESIR)', 'İlksel']","logger":"task.stdout"}
{"timestamp":"2025-10-25T18:28:12.745667Z","level":"info","event":"PArts bu: ['2025.10.22', '03:16:26', '39.2463', '29.0010', '12.0', '-.-', '1.3', '-.-', 'YEMISLI-SIMAV', '(KUTAHYA)', 'İlksel']","logger":"task.stdout"}
{"timestamp":"2025-10-25T18:28:12.745701Z","level":"info","event":"PArts bu: ['2025.10.22', '03:05:50', '38.4970', '37.5042', '17.1', '-.-', '1.2', '-.-', 'KARAOGUZ-DARENDE', '(MALATYA)', 'İlksel']","logger":"task.stdout"}
{"timestamp":"2025-10-25T18:28:12.745735Z","level":"info","event":"PArts bu: ['2025.10.22', '02:59:01', '40.6477', '27.4530', '5.7', '-.-', '1.5', '-.-', 'GUZELKOY', 'ACIKLARI-TEKIRDAG', '(MARMARA', 'DENIZI)', 'İlksel']","logger":"task.stdout"}
{"timestamp":"2025-10-25T18:28:12.745770Z","level":"info","event":"PArts bu: ['2025.10.22', '02:32:57', '39.1683', '28.1715', '10.8', '-.-', '1.2', '-.-', 'SINANDEDE-SINDIRGI', '(BALIKESIR)', 'İlksel']","logger":"task.stdout"}
{"timestamp":"2025-10-25T18:28:12.745804Z","level":"info","event":"PArts bu: ['2025.10.22', '02:31:00', '39.1695', '28.1517', '10.5', '-.-', '1.6', '-.-', 'SINANDEDE-SINDIRGI', '(BALIKESIR)', 'İlksel']","logger":"task.stdout"}
{"timestamp":"2025-10-25T18:28:12.745838Z","level":"info","event":"PArts bu: ['2025.10.22', '02:29:03', '39.6505', '27.8573', '5.0', '-.-', '1.1', '-.-', 'BALIKESIR', 'İlksel']","logger":"task.stdout"}
{"timestamp":"2025-10-25T18:28:12.745872Z","level":"info","event":"PArts bu: ['2025.10.22', '02:21:53', '40.7827', '27.9558', '6.8', '-.-', '1.5', '-.-', 'MARMARA', 'DENIZI', 'İlksel']","logger":"task.stdout"}
{"timestamp":"2025-10-25T18:28:12.745906Z","level":"info","event":"PArts bu: ['2025.10.22', '01:46:48', '38.2260', '37.0865', '5.0', '-.-', '2.2', '-.-', 'IZGIN-ELBISTAN', '(KAHRAMANMARAS)', 'İlksel']","logger":"task.stdout"}
{"timestamp":"2025-10-25T18:28:12.745940Z","level":"info","event":"PArts bu: ['2025.10.22', '01:45:23', '39.1818', '29.0232', '8.3', '-.-', '0.8', '-.-', 'KARACAOREN-SIMAV', '(KUTAHYA)', 'İlksel']","logger":"task.stdout"}
{"timestamp":"2025-10-25T18:28:12.745986Z","level":"info","event":"PArts bu: ['2025.10.22', '01:41:32', '37.9198', '39.4282', '9.6', '-.-', '1.4', '-.-', 'BAGCI-SIVEREK', '(SANLIURFA)', 'İlksel']","logger":"task.stdout"}
{"timestamp":"2025-10-25T18:28:12.746034Z","level":"info","event":"PArts bu: ['2025.10.22', '01:35:32', '39.1890', '28.1017', '12.1', '-.-', '1.5', '-.-', 'KERTIL-SINDIRGI', '(BALIKESIR)', 'İlksel']","logger":"task.stdout"}
{"timestamp":"2025-10-25T18:28:12.746077Z","level":"info","event":"PArts bu: ['2025.10.22', '01:30:31', '38.1157', '38.2750', '7.8', '-.-', '1.3', '-.-', 'ALTINTAS-CELIKHAN', '(ADIYAMAN)', 'İlksel']","logger":"task.stdout"}
{"timestamp":"2025-10-25T18:28:12.746117Z","level":"info","event":"PArts bu: ['2025.10.22', '01:26:34', '38.9437', '28.9727', '10.0', '-.-', '1.5', '-.-', 'KARAPINAR-SIMAV', '(KUTAHYA)', 'İlksel']","logger":"task.stdout"}
{"timestamp":"2025-10-25T18:28:12.746172Z","level":"info","event":"PArts bu: ['2025.10.22', '01:26:31', '37.3947', '36.9103', '5.0', '-.-', '1.8', '-.-', 'GOLLUHUYUK-TURKOGLU', '(KAHRAMANMARAS)', 'İlksel']","logger":"task.stdout"}
{"timestamp":"2025-10-25T18:28:12.746218Z","level":"info","event":"PArts bu: ['2025.10.22', '01:26:24', '39.1257', '28.7797', '8.9', '-.-', '1.5', '-.-', 'HISARBEY-SIMAV', '(KUTAHYA)', 'İlksel']","logger":"task.stdout"}
{"timestamp":"2025-10-25T18:28:12.746262Z","level":"info","event":"PArts bu: ['2025.10.22', '01:19:12', '38.5027', '38.0087', '5.4', '-.-', '1.4', '-.-', 'KEKLIKPINARI-AKCADAG', '(MALATYA)', 'İlksel']","logger":"task.stdout"}
{"timestamp":"2025-10-25T18:28:12.746299Z","level":"info","event":"PArts bu: ['2025.10.22', '01:15:26', '39.1568', '28.1283', '14.7', '-.-', '1.2', '-.-', 'SINANDEDE-SINDIRGI', '(BALIKESIR)', 'İlksel']","logger":"task.stdout"}
{"timestamp":"2025-10-25T18:28:12.746334Z","level":"info","event":"PArts bu: ['2025.10.22', '00:56:48', '40.0283', '23.5913', '12.2', '-.-', '1.2', '-.-', 'YUNANISTAN', 'İlksel']","logger":"task.stdout"}
{"timestamp":"2025-10-25T18:28:12.746368Z","level":"info","event":"PArts bu: ['2025.10.22', '00:48:18', '39.1530', '28.1882', '11.2', '-.-', '1.1', '-.-', 'AKTAS-SINDIRGI', '(BALIKESIR)', 'İlksel']","logger":"task.stdout"}
{"timestamp":"2025-10-25T18:28:12.746402Z","level":"info","event":"PArts bu: ['2025.10.22', '00:34:40', '39.1908', '28.2532', '7.6', '-.-', '1.2', '-.-', 'ILICA-SINDIRGI', '(BALIKESIR)', 'İlksel']","logger":"task.stdout"}
{"timestamp":"2025-10-25T18:28:12.746437Z","level":"info","event":"PArts bu: ['2025.10.21', '23:46:45', '38.1923', '38.6715', '5.0', '-.-', '1.3', '-.-', 'ARITOPRAK-PUTURGE', '(MALATYA)', 'İlksel']","logger":"task.stdout"}
{"timestamp":"2025-10-25T18:28:12.746471Z","level":"info","event":"PArts bu: ['2025.10.21', '23:38:09', '40.8320', '27.6537', '7.5', '-.-', '1.8', '-.-', 'YENIKOY', 'ACIKLARI-TEKIRDAG', '(MARMARA', 'DENIZI)', 'İlksel']","logger":"task.stdout"}
{"timestamp":"2025-10-25T18:28:12.746507Z","level":"info","event":"PArts bu: ['2025.10.21', '23:30:23', '37.7038', '29.8353', '7.5', '-.-', '2.1', '-.-', 'ALANKOY-YESILOVA', '(BURDUR)', 'İlksel']","logger":"task.stdout"}
{"timestamp":"2025-10-25T18:28:12.746555Z","level":"info","event":"PArts bu: ['2025.10.21', '23:22:21', '39.2903', '28.0967', '15.7', '-.-', '1.3', '-.-', 'KUCUKBUKU-SINDIRGI', '(BALIKESIR)', 'İlksel']","logger":"task.stdout"}
{"timestamp":"2025-10-25T18:28:12.746592Z","level":"info","event":"PArts bu: ['2025.10.21', '23:10:15', '39.1610', '29.1595', '3.7', '-.-', '0.7', '-.-', 'ULASLAR-HISARCIK', '(KUTAHYA)', 'İlksel']","logger":"task.stdout"}
{"timestamp":"2025-10-25T18:28:12.752997Z","level":"info","event":"        tarih      saat  ...   Mw                                   yer","logger":"task.stdout"}
{"timestamp":"2025-10-25T18:28:12.753078Z","level":"info","event":"0  2025.10.25  21:13:03  ...  -.-   KOCABEY-SINDIRGI (BALIKESIR) İlksel","logger":"task.stdout"}
{"timestamp":"2025-10-25T18:28:12.753125Z","level":"info","event":"1  2025.10.25  20:59:45  ...  -.-            FETHIYE-(BALIKESIR) İlksel","logger":"task.stdout"}
{"timestamp":"2025-10-25T18:28:12.753176Z","level":"info","event":"2  2025.10.25  20:51:47  ...  3.1          GIRIT ADASI (AKDENIZ) İlksel","logger":"task.stdout"}
{"timestamp":"2025-10-25T18:28:12.753226Z","level":"info","event":"3  2025.10.25  20:15:44  ...  -.-  BAYRAKLI-SINDIRGI (BALIKESIR) İlksel","logger":"task.stdout"}
{"timestamp":"2025-10-25T18:28:12.753262Z","level":"info","event":"4  2025.10.25  20:11:58  ...  -.-       KARAKOCA-SIMAV (KUTAHYA) İlksel","logger":"task.stdout"}
{"timestamp":"2025-10-25T18:28:12.753320Z","level":"info","event":"","logger":"task.stdout"}
{"timestamp":"2025-10-25T18:28:12.753377Z","level":"info","event":"[5 rows x 9 columns]","logger":"task.stdout"}
{"timestamp":"2025-10-25T18:28:12.753141Z","level":"info","event":"Successfully scraped 500 items.","logger":"root","filename":"get_data_with_airflow.py","lineno":60}
{"timestamp":"2025-10-25T18:28:12.753684Z","level":"info","event":"Done. Returned value was: 500","logger":"airflow.task.operators.airflow.providers.standard.operators.python.PythonOperator","filename":"python.py","lineno":218}
{"timestamp":"2025-10-25T18:28:12.753865Z","level":"info","event":"Pushing xcom","ti":"RuntimeTaskInstance(id=UUID('019a1ca0-cd33-75f6-b872-4c7b055914ce'), task_id='fetch_earthquake_data', dag_id='kandilli_earthquake_data_pipeline_v4', run_id='scheduled__2025-10-25T18:00:00+00:00', try_number=3, dag_version_id=UUID('0199d36c-84f6-7616-8149-d1895cb7cd08'), map_index=-1, hostname='2ce752ad6d79', context_carrier={}, task=<Task(PythonOperator): fetch_earthquake_data>, bundle_instance=LocalDagBundle(name=dags-folder), max_tries=7, start_date=datetime.datetime(2025, 10, 25, 18, 28, 12, 17052, tzinfo=datetime.timezone.utc), end_date=None, state=<TaskInstanceState.RUNNING: 'running'>, is_mapped=False, rendered_map_index=None)","logger":"task","filename":"task_runner.py","lineno":1352}
