{"timestamp":"2025-10-09T00:00:05.069357Z","level":"info","event":"Filling up the DagBag from /opt/airflow/dags/get_data_with_airflow.py","logger":"airflow.models.dagbag.DagBag","filename":"dagbag.py","lineno":593}
{"timestamp":"2025-10-09T00:00:08.302391Z","level":"warning","event":"The `airflow.operators.python.PythonOperator` attribute is deprecated. Please use `'airflow.providers.standard.operators.python.PythonOperator'`.","category":"DeprecatedImportWarning","filename":"/opt/airflow/dags/get_data_with_airflow.py","lineno":4,"logger":"py.warnings"}
{"timestamp":"2025-10-09T00:00:08.302893Z","level":"warning","event":"The `airflow.operators.bash.BashOperator` attribute is deprecated. Please use `'airflow.providers.standard.operators.bash.BashOperator'`.","category":"DeprecatedImportWarning","filename":"/opt/airflow/dags/get_data_with_airflow.py","lineno":5,"logger":"py.warnings"}
{"timestamp":"2025-10-09T00:00:41.072103Z","level":"info","event":"Filling up the DagBag from /opt/airflow/dags/get_data_with_airflow.py","logger":"airflow.models.dagbag.DagBag","filename":"dagbag.py","lineno":593}
{"timestamp":"2025-10-09T00:00:44.821224Z","level":"warning","event":"The `airflow.operators.python.PythonOperator` attribute is deprecated. Please use `'airflow.providers.standard.operators.python.PythonOperator'`.","category":"DeprecatedImportWarning","filename":"/opt/airflow/dags/get_data_with_airflow.py","lineno":4,"logger":"py.warnings"}
{"timestamp":"2025-10-09T00:00:44.822100Z","level":"warning","event":"The `airflow.operators.bash.BashOperator` attribute is deprecated. Please use `'airflow.providers.standard.operators.bash.BashOperator'`.","category":"DeprecatedImportWarning","filename":"/opt/airflow/dags/get_data_with_airflow.py","lineno":5,"logger":"py.warnings"}
{"timestamp":"2025-10-09T00:01:23.086279Z","level":"info","event":"Filling up the DagBag from /opt/airflow/dags/get_data_with_airflow.py","logger":"airflow.models.dagbag.DagBag","filename":"dagbag.py","lineno":593}
{"timestamp":"2025-10-09T00:01:24.824753Z","level":"critical","event":"Process terminated by signal. Likely out of memory error (OOM). For more information, see https://airflow.apache.org/docs/apache-airflow/stable/troubleshooting.html#process-terminated-by-signal.","signal":-9,"signal_name":"SIGKILL","logger":"processor"}
{"timestamp":"2025-10-09T00:01:45.331335Z","level":"info","event":"Filling up the DagBag from /opt/airflow/dags/get_data_with_airflow.py","logger":"airflow.models.dagbag.DagBag","filename":"dagbag.py","lineno":593}
{"timestamp":"2025-10-09T00:01:46.473520Z","level":"warning","event":"The `airflow.operators.python.PythonOperator` attribute is deprecated. Please use `'airflow.providers.standard.operators.python.PythonOperator'`.","category":"DeprecatedImportWarning","filename":"/opt/airflow/dags/get_data_with_airflow.py","lineno":4,"logger":"py.warnings"}
{"timestamp":"2025-10-09T00:01:46.474701Z","level":"warning","event":"The `airflow.operators.bash.BashOperator` attribute is deprecated. Please use `'airflow.providers.standard.operators.bash.BashOperator'`.","category":"DeprecatedImportWarning","filename":"/opt/airflow/dags/get_data_with_airflow.py","lineno":5,"logger":"py.warnings"}
{"timestamp":"2025-10-09T00:02:17.198878Z","level":"info","event":"Filling up the DagBag from /opt/airflow/dags/get_data_with_airflow.py","logger":"airflow.models.dagbag.DagBag","filename":"dagbag.py","lineno":593}
{"timestamp":"2025-10-09T00:02:17.838617Z","level":"warning","event":"The `airflow.operators.python.PythonOperator` attribute is deprecated. Please use `'airflow.providers.standard.operators.python.PythonOperator'`.","category":"DeprecatedImportWarning","filename":"/opt/airflow/dags/get_data_with_airflow.py","lineno":4,"logger":"py.warnings"}
{"timestamp":"2025-10-09T00:02:17.839088Z","level":"warning","event":"The `airflow.operators.bash.BashOperator` attribute is deprecated. Please use `'airflow.providers.standard.operators.bash.BashOperator'`.","category":"DeprecatedImportWarning","filename":"/opt/airflow/dags/get_data_with_airflow.py","lineno":5,"logger":"py.warnings"}
{"timestamp":"2025-10-09T00:02:48.896955Z","level":"info","event":"Filling up the DagBag from /opt/airflow/dags/get_data_with_airflow.py","logger":"airflow.models.dagbag.DagBag","filename":"dagbag.py","lineno":593}
{"timestamp":"2025-10-09T00:02:49.899865Z","level":"warning","event":"The `airflow.operators.python.PythonOperator` attribute is deprecated. Please use `'airflow.providers.standard.operators.python.PythonOperator'`.","category":"DeprecatedImportWarning","filename":"/opt/airflow/dags/get_data_with_airflow.py","lineno":4,"logger":"py.warnings"}
{"timestamp":"2025-10-09T00:02:49.900223Z","level":"warning","event":"The `airflow.operators.bash.BashOperator` attribute is deprecated. Please use `'airflow.providers.standard.operators.bash.BashOperator'`.","category":"DeprecatedImportWarning","filename":"/opt/airflow/dags/get_data_with_airflow.py","lineno":5,"logger":"py.warnings"}
{"timestamp":"2025-10-09T00:03:20.616233Z","level":"info","event":"Filling up the DagBag from /opt/airflow/dags/get_data_with_airflow.py","logger":"airflow.models.dagbag.DagBag","filename":"dagbag.py","lineno":593}
{"timestamp":"2025-10-09T00:03:22.302655Z","level":"warning","event":"The `airflow.operators.python.PythonOperator` attribute is deprecated. Please use `'airflow.providers.standard.operators.python.PythonOperator'`.","category":"DeprecatedImportWarning","filename":"/opt/airflow/dags/get_data_with_airflow.py","lineno":4,"logger":"py.warnings"}
{"timestamp":"2025-10-09T00:03:22.304142Z","level":"warning","event":"The `airflow.operators.bash.BashOperator` attribute is deprecated. Please use `'airflow.providers.standard.operators.bash.BashOperator'`.","category":"DeprecatedImportWarning","filename":"/opt/airflow/dags/get_data_with_airflow.py","lineno":5,"logger":"py.warnings"}
{"timestamp":"2025-10-09T00:03:53.115836Z","level":"info","event":"Filling up the DagBag from /opt/airflow/dags/get_data_with_airflow.py","logger":"airflow.models.dagbag.DagBag","filename":"dagbag.py","lineno":593}
{"timestamp":"2025-10-09T00:03:53.492879Z","level":"warning","event":"The `airflow.operators.python.PythonOperator` attribute is deprecated. Please use `'airflow.providers.standard.operators.python.PythonOperator'`.","category":"DeprecatedImportWarning","filename":"/opt/airflow/dags/get_data_with_airflow.py","lineno":4,"logger":"py.warnings"}
{"timestamp":"2025-10-09T00:03:53.492951Z","level":"warning","event":"The `airflow.operators.bash.BashOperator` attribute is deprecated. Please use `'airflow.providers.standard.operators.bash.BashOperator'`.","category":"DeprecatedImportWarning","filename":"/opt/airflow/dags/get_data_with_airflow.py","lineno":5,"logger":"py.warnings"}
{"timestamp":"2025-10-09T00:04:24.166742Z","level":"info","event":"Filling up the DagBag from /opt/airflow/dags/get_data_with_airflow.py","logger":"airflow.models.dagbag.DagBag","filename":"dagbag.py","lineno":593}
{"timestamp":"2025-10-09T00:04:24.593966Z","level":"warning","event":"The `airflow.operators.python.PythonOperator` attribute is deprecated. Please use `'airflow.providers.standard.operators.python.PythonOperator'`.","category":"DeprecatedImportWarning","filename":"/opt/airflow/dags/get_data_with_airflow.py","lineno":4,"logger":"py.warnings"}
{"timestamp":"2025-10-09T00:04:24.594336Z","level":"warning","event":"The `airflow.operators.bash.BashOperator` attribute is deprecated. Please use `'airflow.providers.standard.operators.bash.BashOperator'`.","category":"DeprecatedImportWarning","filename":"/opt/airflow/dags/get_data_with_airflow.py","lineno":5,"logger":"py.warnings"}
{"timestamp":"2025-10-09T00:04:55.460679Z","level":"info","event":"Filling up the DagBag from /opt/airflow/dags/get_data_with_airflow.py","logger":"airflow.models.dagbag.DagBag","filename":"dagbag.py","lineno":593}
{"timestamp":"2025-10-09T00:04:55.872929Z","level":"warning","event":"The `airflow.operators.python.PythonOperator` attribute is deprecated. Please use `'airflow.providers.standard.operators.python.PythonOperator'`.","category":"DeprecatedImportWarning","filename":"/opt/airflow/dags/get_data_with_airflow.py","lineno":4,"logger":"py.warnings"}
{"timestamp":"2025-10-09T00:04:55.873205Z","level":"warning","event":"The `airflow.operators.bash.BashOperator` attribute is deprecated. Please use `'airflow.providers.standard.operators.bash.BashOperator'`.","category":"DeprecatedImportWarning","filename":"/opt/airflow/dags/get_data_with_airflow.py","lineno":5,"logger":"py.warnings"}
{"timestamp":"2025-10-09T00:05:26.580798Z","level":"info","event":"Filling up the DagBag from /opt/airflow/dags/get_data_with_airflow.py","logger":"airflow.models.dagbag.DagBag","filename":"dagbag.py","lineno":593}
{"timestamp":"2025-10-09T00:05:27.022069Z","level":"warning","event":"The `airflow.operators.python.PythonOperator` attribute is deprecated. Please use `'airflow.providers.standard.operators.python.PythonOperator'`.","category":"DeprecatedImportWarning","filename":"/opt/airflow/dags/get_data_with_airflow.py","lineno":4,"logger":"py.warnings"}
{"timestamp":"2025-10-09T00:05:27.022598Z","level":"warning","event":"The `airflow.operators.bash.BashOperator` attribute is deprecated. Please use `'airflow.providers.standard.operators.bash.BashOperator'`.","category":"DeprecatedImportWarning","filename":"/opt/airflow/dags/get_data_with_airflow.py","lineno":5,"logger":"py.warnings"}
{"timestamp":"2025-10-09T00:05:57.717997Z","level":"info","event":"Filling up the DagBag from /opt/airflow/dags/get_data_with_airflow.py","logger":"airflow.models.dagbag.DagBag","filename":"dagbag.py","lineno":593}
{"timestamp":"2025-10-09T00:06:00.655136Z","level":"warning","event":"The `airflow.operators.python.PythonOperator` attribute is deprecated. Please use `'airflow.providers.standard.operators.python.PythonOperator'`.","category":"DeprecatedImportWarning","filename":"/opt/airflow/dags/get_data_with_airflow.py","lineno":4,"logger":"py.warnings"}
{"timestamp":"2025-10-09T00:06:00.655518Z","level":"warning","event":"The `airflow.operators.bash.BashOperator` attribute is deprecated. Please use `'airflow.providers.standard.operators.bash.BashOperator'`.","category":"DeprecatedImportWarning","filename":"/opt/airflow/dags/get_data_with_airflow.py","lineno":5,"logger":"py.warnings"}
{"timestamp":"2025-10-09T00:06:31.229746Z","level":"info","event":"Filling up the DagBag from /opt/airflow/dags/get_data_with_airflow.py","logger":"airflow.models.dagbag.DagBag","filename":"dagbag.py","lineno":593}
{"timestamp":"2025-10-09T00:06:56.575717Z","level":"critical","event":"Process terminated by signal. Likely out of memory error (OOM). For more information, see https://airflow.apache.org/docs/apache-airflow/stable/troubleshooting.html#process-terminated-by-signal.","signal":-9,"signal_name":"SIGKILL","logger":"processor"}
{"timestamp":"2025-10-09T00:07:24.448460Z","level":"info","event":"Filling up the DagBag from /opt/airflow/dags/get_data_with_airflow.py","logger":"airflow.models.dagbag.DagBag","filename":"dagbag.py","lineno":593}
{"timestamp":"2025-10-09T00:07:27.666838Z","level":"warning","event":"The `airflow.operators.python.PythonOperator` attribute is deprecated. Please use `'airflow.providers.standard.operators.python.PythonOperator'`.","category":"DeprecatedImportWarning","filename":"/opt/airflow/dags/get_data_with_airflow.py","lineno":4,"logger":"py.warnings"}
{"timestamp":"2025-10-09T00:07:27.667275Z","level":"warning","event":"The `airflow.operators.bash.BashOperator` attribute is deprecated. Please use `'airflow.providers.standard.operators.bash.BashOperator'`.","category":"DeprecatedImportWarning","filename":"/opt/airflow/dags/get_data_with_airflow.py","lineno":5,"logger":"py.warnings"}
{"timestamp":"2025-10-09T00:08:08.265531Z","level":"info","event":"Filling up the DagBag from /opt/airflow/dags/get_data_with_airflow.py","logger":"airflow.models.dagbag.DagBag","filename":"dagbag.py","lineno":593}
{"timestamp":"2025-10-09T00:08:43.792647Z","level":"info","event":"Filling up the DagBag from /opt/airflow/dags/get_data_with_airflow.py","logger":"airflow.models.dagbag.DagBag","filename":"dagbag.py","lineno":593}
{"timestamp":"2025-10-09T00:08:45.535471Z","level":"warning","event":"The `airflow.operators.python.PythonOperator` attribute is deprecated. Please use `'airflow.providers.standard.operators.python.PythonOperator'`.","category":"DeprecatedImportWarning","filename":"/opt/airflow/dags/get_data_with_airflow.py","lineno":4,"logger":"py.warnings"}
{"timestamp":"2025-10-09T00:08:45.536187Z","level":"warning","event":"The `airflow.operators.bash.BashOperator` attribute is deprecated. Please use `'airflow.providers.standard.operators.bash.BashOperator'`.","category":"DeprecatedImportWarning","filename":"/opt/airflow/dags/get_data_with_airflow.py","lineno":5,"logger":"py.warnings"}
{"timestamp":"2025-10-09T00:09:15.769148Z","level":"info","event":"Filling up the DagBag from /opt/airflow/dags/get_data_with_airflow.py","logger":"airflow.models.dagbag.DagBag","filename":"dagbag.py","lineno":593}
{"timestamp":"2025-10-09T00:09:16.392723Z","level":"warning","event":"The `airflow.operators.python.PythonOperator` attribute is deprecated. Please use `'airflow.providers.standard.operators.python.PythonOperator'`.","category":"DeprecatedImportWarning","filename":"/opt/airflow/dags/get_data_with_airflow.py","lineno":4,"logger":"py.warnings"}
{"timestamp":"2025-10-09T00:09:16.393331Z","level":"warning","event":"The `airflow.operators.bash.BashOperator` attribute is deprecated. Please use `'airflow.providers.standard.operators.bash.BashOperator'`.","category":"DeprecatedImportWarning","filename":"/opt/airflow/dags/get_data_with_airflow.py","lineno":5,"logger":"py.warnings"}
{"timestamp":"2025-10-09T00:09:47.452580Z","level":"info","event":"Filling up the DagBag from /opt/airflow/dags/get_data_with_airflow.py","logger":"airflow.models.dagbag.DagBag","filename":"dagbag.py","lineno":593}
{"timestamp":"2025-10-09T00:09:49.459181Z","level":"warning","event":"The `airflow.operators.python.PythonOperator` attribute is deprecated. Please use `'airflow.providers.standard.operators.python.PythonOperator'`.","category":"DeprecatedImportWarning","filename":"/opt/airflow/dags/get_data_with_airflow.py","lineno":4,"logger":"py.warnings"}
{"timestamp":"2025-10-09T00:09:49.463510Z","level":"warning","event":"The `airflow.operators.bash.BashOperator` attribute is deprecated. Please use `'airflow.providers.standard.operators.bash.BashOperator'`.","category":"DeprecatedImportWarning","filename":"/opt/airflow/dags/get_data_with_airflow.py","lineno":5,"logger":"py.warnings"}
{"timestamp":"2025-10-09T00:10:20.425847Z","level":"info","event":"Filling up the DagBag from /opt/airflow/dags/get_data_with_airflow.py","logger":"airflow.models.dagbag.DagBag","filename":"dagbag.py","lineno":593}
{"timestamp":"2025-10-09T00:10:21.191913Z","level":"warning","event":"The `airflow.operators.python.PythonOperator` attribute is deprecated. Please use `'airflow.providers.standard.operators.python.PythonOperator'`.","category":"DeprecatedImportWarning","filename":"/opt/airflow/dags/get_data_with_airflow.py","lineno":4,"logger":"py.warnings"}
{"timestamp":"2025-10-09T00:10:21.192790Z","level":"warning","event":"The `airflow.operators.bash.BashOperator` attribute is deprecated. Please use `'airflow.providers.standard.operators.bash.BashOperator'`.","category":"DeprecatedImportWarning","filename":"/opt/airflow/dags/get_data_with_airflow.py","lineno":5,"logger":"py.warnings"}
{"timestamp":"2025-10-09T00:10:51.459751Z","level":"info","event":"Filling up the DagBag from /opt/airflow/dags/get_data_with_airflow.py","logger":"airflow.models.dagbag.DagBag","filename":"dagbag.py","lineno":593}
{"timestamp":"2025-10-09T00:10:53.507523Z","level":"warning","event":"The `airflow.operators.python.PythonOperator` attribute is deprecated. Please use `'airflow.providers.standard.operators.python.PythonOperator'`.","category":"DeprecatedImportWarning","filename":"/opt/airflow/dags/get_data_with_airflow.py","lineno":4,"logger":"py.warnings"}
{"timestamp":"2025-10-09T00:10:53.510761Z","level":"warning","event":"The `airflow.operators.bash.BashOperator` attribute is deprecated. Please use `'airflow.providers.standard.operators.bash.BashOperator'`.","category":"DeprecatedImportWarning","filename":"/opt/airflow/dags/get_data_with_airflow.py","lineno":5,"logger":"py.warnings"}
{"timestamp":"2025-10-09T00:11:29.364379Z","level":"info","event":"Filling up the DagBag from /opt/airflow/dags/get_data_with_airflow.py","logger":"airflow.models.dagbag.DagBag","filename":"dagbag.py","lineno":593}
{"timestamp":"2025-10-09T00:11:31.056314Z","level":"warning","event":"The `airflow.operators.python.PythonOperator` attribute is deprecated. Please use `'airflow.providers.standard.operators.python.PythonOperator'`.","category":"DeprecatedImportWarning","filename":"/opt/airflow/dags/get_data_with_airflow.py","lineno":4,"logger":"py.warnings"}
{"timestamp":"2025-10-09T00:11:31.056955Z","level":"warning","event":"The `airflow.operators.bash.BashOperator` attribute is deprecated. Please use `'airflow.providers.standard.operators.bash.BashOperator'`.","category":"DeprecatedImportWarning","filename":"/opt/airflow/dags/get_data_with_airflow.py","lineno":5,"logger":"py.warnings"}
{"timestamp":"2025-10-09T00:12:08.366197Z","level":"info","event":"Filling up the DagBag from /opt/airflow/dags/get_data_with_airflow.py","logger":"airflow.models.dagbag.DagBag","filename":"dagbag.py","lineno":593}
{"timestamp":"2025-10-09T00:12:09.665633Z","level":"warning","event":"The `airflow.operators.python.PythonOperator` attribute is deprecated. Please use `'airflow.providers.standard.operators.python.PythonOperator'`.","category":"DeprecatedImportWarning","filename":"/opt/airflow/dags/get_data_with_airflow.py","lineno":4,"logger":"py.warnings"}
{"timestamp":"2025-10-09T00:12:09.667377Z","level":"warning","event":"The `airflow.operators.bash.BashOperator` attribute is deprecated. Please use `'airflow.providers.standard.operators.bash.BashOperator'`.","category":"DeprecatedImportWarning","filename":"/opt/airflow/dags/get_data_with_airflow.py","lineno":5,"logger":"py.warnings"}
{"timestamp":"2025-10-09T00:13:12.351855Z","level":"info","event":"Filling up the DagBag from /opt/airflow/dags/get_data_with_airflow.py","logger":"airflow.models.dagbag.DagBag","filename":"dagbag.py","lineno":593}
{"timestamp":"2025-10-09T00:13:19.959051Z","level":"warning","event":"The `airflow.operators.python.PythonOperator` attribute is deprecated. Please use `'airflow.providers.standard.operators.python.PythonOperator'`.","category":"DeprecatedImportWarning","filename":"/opt/airflow/dags/get_data_with_airflow.py","lineno":4,"logger":"py.warnings"}
{"timestamp":"2025-10-09T00:13:19.960422Z","level":"warning","event":"The `airflow.operators.bash.BashOperator` attribute is deprecated. Please use `'airflow.providers.standard.operators.bash.BashOperator'`.","category":"DeprecatedImportWarning","filename":"/opt/airflow/dags/get_data_with_airflow.py","lineno":5,"logger":"py.warnings"}
{"timestamp":"2025-10-09T00:13:56.089065Z","level":"info","event":"Filling up the DagBag from /opt/airflow/dags/get_data_with_airflow.py","logger":"airflow.models.dagbag.DagBag","filename":"dagbag.py","lineno":593}
{"timestamp":"2025-10-09T00:13:58.271240Z","level":"warning","event":"The `airflow.operators.python.PythonOperator` attribute is deprecated. Please use `'airflow.providers.standard.operators.python.PythonOperator'`.","category":"DeprecatedImportWarning","filename":"/opt/airflow/dags/get_data_with_airflow.py","lineno":4,"logger":"py.warnings"}
{"timestamp":"2025-10-09T00:13:58.273538Z","level":"warning","event":"The `airflow.operators.bash.BashOperator` attribute is deprecated. Please use `'airflow.providers.standard.operators.bash.BashOperator'`.","category":"DeprecatedImportWarning","filename":"/opt/airflow/dags/get_data_with_airflow.py","lineno":5,"logger":"py.warnings"}
{"timestamp":"2025-10-09T00:16:59.907864Z","level":"info","event":"Filling up the DagBag from /opt/airflow/dags/get_data_with_airflow.py","logger":"airflow.models.dagbag.DagBag","filename":"dagbag.py","lineno":593}
{"timestamp":"2025-10-09T00:17:01.312180Z","level":"warning","event":"The `airflow.operators.python.PythonOperator` attribute is deprecated. Please use `'airflow.providers.standard.operators.python.PythonOperator'`.","category":"DeprecatedImportWarning","filename":"/opt/airflow/dags/get_data_with_airflow.py","lineno":4,"logger":"py.warnings"}
{"timestamp":"2025-10-09T00:17:01.312333Z","level":"warning","event":"The `airflow.operators.bash.BashOperator` attribute is deprecated. Please use `'airflow.providers.standard.operators.bash.BashOperator'`.","category":"DeprecatedImportWarning","filename":"/opt/airflow/dags/get_data_with_airflow.py","lineno":5,"logger":"py.warnings"}
{"timestamp":"2025-10-09T00:17:32.432153Z","level":"info","event":"Filling up the DagBag from /opt/airflow/dags/get_data_with_airflow.py","logger":"airflow.models.dagbag.DagBag","filename":"dagbag.py","lineno":593}
{"timestamp":"2025-10-09T00:17:32.703909Z","level":"warning","event":"The `airflow.operators.python.PythonOperator` attribute is deprecated. Please use `'airflow.providers.standard.operators.python.PythonOperator'`.","category":"DeprecatedImportWarning","filename":"/opt/airflow/dags/get_data_with_airflow.py","lineno":4,"logger":"py.warnings"}
{"timestamp":"2025-10-09T00:17:32.704002Z","level":"warning","event":"The `airflow.operators.bash.BashOperator` attribute is deprecated. Please use `'airflow.providers.standard.operators.bash.BashOperator'`.","category":"DeprecatedImportWarning","filename":"/opt/airflow/dags/get_data_with_airflow.py","lineno":5,"logger":"py.warnings"}
{"timestamp":"2025-10-09T00:18:03.239451Z","level":"info","event":"Filling up the DagBag from /opt/airflow/dags/get_data_with_airflow.py","logger":"airflow.models.dagbag.DagBag","filename":"dagbag.py","lineno":593}
{"timestamp":"2025-10-09T00:18:03.532183Z","level":"warning","event":"The `airflow.operators.python.PythonOperator` attribute is deprecated. Please use `'airflow.providers.standard.operators.python.PythonOperator'`.","category":"DeprecatedImportWarning","filename":"/opt/airflow/dags/get_data_with_airflow.py","lineno":4,"logger":"py.warnings"}
{"timestamp":"2025-10-09T00:18:03.532531Z","level":"warning","event":"The `airflow.operators.bash.BashOperator` attribute is deprecated. Please use `'airflow.providers.standard.operators.bash.BashOperator'`.","category":"DeprecatedImportWarning","filename":"/opt/airflow/dags/get_data_with_airflow.py","lineno":5,"logger":"py.warnings"}
{"timestamp":"2025-10-09T00:18:34.050790Z","level":"info","event":"Filling up the DagBag from /opt/airflow/dags/get_data_with_airflow.py","logger":"airflow.models.dagbag.DagBag","filename":"dagbag.py","lineno":593}
{"timestamp":"2025-10-09T00:18:34.401323Z","level":"warning","event":"The `airflow.operators.python.PythonOperator` attribute is deprecated. Please use `'airflow.providers.standard.operators.python.PythonOperator'`.","category":"DeprecatedImportWarning","filename":"/opt/airflow/dags/get_data_with_airflow.py","lineno":4,"logger":"py.warnings"}
{"timestamp":"2025-10-09T00:18:34.401791Z","level":"warning","event":"The `airflow.operators.bash.BashOperator` attribute is deprecated. Please use `'airflow.providers.standard.operators.bash.BashOperator'`.","category":"DeprecatedImportWarning","filename":"/opt/airflow/dags/get_data_with_airflow.py","lineno":5,"logger":"py.warnings"}
{"timestamp":"2025-10-09T00:18:45.588411Z","level":"info","event":"Filling up the DagBag from /opt/airflow/dags/get_data_with_airflow.py","logger":"airflow.models.dagbag.DagBag","filename":"dagbag.py","lineno":593}
{"timestamp":"2025-10-09T00:18:45.974169Z","level":"warning","event":"The `airflow.operators.python.PythonOperator` attribute is deprecated. Please use `'airflow.providers.standard.operators.python.PythonOperator'`.","category":"DeprecatedImportWarning","filename":"/opt/airflow/dags/get_data_with_airflow.py","lineno":4,"logger":"py.warnings"}
{"timestamp":"2025-10-09T00:18:45.974299Z","level":"warning","event":"The `airflow.operators.bash.BashOperator` attribute is deprecated. Please use `'airflow.providers.standard.operators.bash.BashOperator'`.","category":"DeprecatedImportWarning","filename":"/opt/airflow/dags/get_data_with_airflow.py","lineno":5,"logger":"py.warnings"}
{"timestamp":"2025-10-09T00:19:16.569204Z","level":"info","event":"Filling up the DagBag from /opt/airflow/dags/get_data_with_airflow.py","logger":"airflow.models.dagbag.DagBag","filename":"dagbag.py","lineno":593}
{"timestamp":"2025-10-09T00:19:17.176285Z","level":"warning","event":"The `airflow.operators.python.PythonOperator` attribute is deprecated. Please use `'airflow.providers.standard.operators.python.PythonOperator'`.","category":"DeprecatedImportWarning","filename":"/opt/airflow/dags/get_data_with_airflow.py","lineno":4,"logger":"py.warnings"}
{"timestamp":"2025-10-09T00:19:17.176437Z","level":"warning","event":"The `airflow.operators.bash.BashOperator` attribute is deprecated. Please use `'airflow.providers.standard.operators.bash.BashOperator'`.","category":"DeprecatedImportWarning","filename":"/opt/airflow/dags/get_data_with_airflow.py","lineno":5,"logger":"py.warnings"}
{"timestamp":"2025-10-09T00:19:47.638349Z","level":"info","event":"Filling up the DagBag from /opt/airflow/dags/get_data_with_airflow.py","logger":"airflow.models.dagbag.DagBag","filename":"dagbag.py","lineno":593}
{"timestamp":"2025-10-09T00:19:47.897368Z","level":"warning","event":"The `airflow.operators.python.PythonOperator` attribute is deprecated. Please use `'airflow.providers.standard.operators.python.PythonOperator'`.","category":"DeprecatedImportWarning","filename":"/opt/airflow/dags/get_data_with_airflow.py","lineno":4,"logger":"py.warnings"}
{"timestamp":"2025-10-09T00:19:47.897710Z","level":"warning","event":"The `airflow.operators.bash.BashOperator` attribute is deprecated. Please use `'airflow.providers.standard.operators.bash.BashOperator'`.","category":"DeprecatedImportWarning","filename":"/opt/airflow/dags/get_data_with_airflow.py","lineno":5,"logger":"py.warnings"}
{"timestamp":"2025-10-09T00:20:18.420555Z","level":"info","event":"Filling up the DagBag from /opt/airflow/dags/get_data_with_airflow.py","logger":"airflow.models.dagbag.DagBag","filename":"dagbag.py","lineno":593}
{"timestamp":"2025-10-09T00:20:18.671244Z","level":"warning","event":"The `airflow.operators.python.PythonOperator` attribute is deprecated. Please use `'airflow.providers.standard.operators.python.PythonOperator'`.","category":"DeprecatedImportWarning","filename":"/opt/airflow/dags/get_data_with_airflow.py","lineno":4,"logger":"py.warnings"}
{"timestamp":"2025-10-09T00:20:18.671331Z","level":"warning","event":"The `airflow.operators.bash.BashOperator` attribute is deprecated. Please use `'airflow.providers.standard.operators.bash.BashOperator'`.","category":"DeprecatedImportWarning","filename":"/opt/airflow/dags/get_data_with_airflow.py","lineno":5,"logger":"py.warnings"}
{"timestamp":"2025-10-09T00:20:49.107487Z","level":"info","event":"Filling up the DagBag from /opt/airflow/dags/get_data_with_airflow.py","logger":"airflow.models.dagbag.DagBag","filename":"dagbag.py","lineno":593}
{"timestamp":"2025-10-09T00:20:49.445745Z","level":"warning","event":"The `airflow.operators.python.PythonOperator` attribute is deprecated. Please use `'airflow.providers.standard.operators.python.PythonOperator'`.","category":"DeprecatedImportWarning","filename":"/opt/airflow/dags/get_data_with_airflow.py","lineno":4,"logger":"py.warnings"}
{"timestamp":"2025-10-09T00:20:49.446114Z","level":"warning","event":"The `airflow.operators.bash.BashOperator` attribute is deprecated. Please use `'airflow.providers.standard.operators.bash.BashOperator'`.","category":"DeprecatedImportWarning","filename":"/opt/airflow/dags/get_data_with_airflow.py","lineno":5,"logger":"py.warnings"}
{"timestamp":"2025-10-09T00:21:20.067753Z","level":"info","event":"Filling up the DagBag from /opt/airflow/dags/get_data_with_airflow.py","logger":"airflow.models.dagbag.DagBag","filename":"dagbag.py","lineno":593}
{"timestamp":"2025-10-09T00:21:20.390640Z","level":"warning","event":"The `airflow.operators.python.PythonOperator` attribute is deprecated. Please use `'airflow.providers.standard.operators.python.PythonOperator'`.","category":"DeprecatedImportWarning","filename":"/opt/airflow/dags/get_data_with_airflow.py","lineno":4,"logger":"py.warnings"}
{"timestamp":"2025-10-09T00:21:20.390771Z","level":"warning","event":"The `airflow.operators.bash.BashOperator` attribute is deprecated. Please use `'airflow.providers.standard.operators.bash.BashOperator'`.","category":"DeprecatedImportWarning","filename":"/opt/airflow/dags/get_data_with_airflow.py","lineno":5,"logger":"py.warnings"}
{"timestamp":"2025-10-09T00:21:50.832023Z","level":"info","event":"Filling up the DagBag from /opt/airflow/dags/get_data_with_airflow.py","logger":"airflow.models.dagbag.DagBag","filename":"dagbag.py","lineno":593}
{"timestamp":"2025-10-09T00:21:51.084627Z","level":"warning","event":"The `airflow.operators.python.PythonOperator` attribute is deprecated. Please use `'airflow.providers.standard.operators.python.PythonOperator'`.","category":"DeprecatedImportWarning","filename":"/opt/airflow/dags/get_data_with_airflow.py","lineno":4,"logger":"py.warnings"}
{"timestamp":"2025-10-09T00:21:51.085085Z","level":"warning","event":"The `airflow.operators.bash.BashOperator` attribute is deprecated. Please use `'airflow.providers.standard.operators.bash.BashOperator'`.","category":"DeprecatedImportWarning","filename":"/opt/airflow/dags/get_data_with_airflow.py","lineno":5,"logger":"py.warnings"}
{"timestamp":"2025-10-09T00:52:03.545554Z","level":"info","event":"Filling up the DagBag from /opt/airflow/dags/get_data_with_airflow.py","logger":"airflow.models.dagbag.DagBag","filename":"dagbag.py","lineno":593}
{"timestamp":"2025-10-09T00:52:03.855083Z","level":"warning","event":"The `airflow.operators.python.PythonOperator` attribute is deprecated. Please use `'airflow.providers.standard.operators.python.PythonOperator'`.","category":"DeprecatedImportWarning","filename":"/opt/airflow/dags/get_data_with_airflow.py","lineno":4,"logger":"py.warnings"}
{"timestamp":"2025-10-09T00:52:03.855184Z","level":"warning","event":"The `airflow.operators.bash.BashOperator` attribute is deprecated. Please use `'airflow.providers.standard.operators.bash.BashOperator'`.","category":"DeprecatedImportWarning","filename":"/opt/airflow/dags/get_data_with_airflow.py","lineno":5,"logger":"py.warnings"}
{"timestamp":"2025-10-09T02:13:32.230841Z","level":"info","event":"Filling up the DagBag from /opt/airflow/dags/get_data_with_airflow.py","logger":"airflow.models.dagbag.DagBag","filename":"dagbag.py","lineno":593}
{"timestamp":"2025-10-09T02:13:32.740674Z","level":"warning","event":"The `airflow.operators.python.PythonOperator` attribute is deprecated. Please use `'airflow.providers.standard.operators.python.PythonOperator'`.","category":"DeprecatedImportWarning","filename":"/opt/airflow/dags/get_data_with_airflow.py","lineno":4,"logger":"py.warnings"}
{"timestamp":"2025-10-09T02:13:32.741707Z","level":"warning","event":"The `airflow.operators.bash.BashOperator` attribute is deprecated. Please use `'airflow.providers.standard.operators.bash.BashOperator'`.","category":"DeprecatedImportWarning","filename":"/opt/airflow/dags/get_data_with_airflow.py","lineno":5,"logger":"py.warnings"}
{"timestamp":"2025-10-09T03:28:59.393260Z","level":"info","event":"Filling up the DagBag from /opt/airflow/dags/get_data_with_airflow.py","logger":"airflow.models.dagbag.DagBag","filename":"dagbag.py","lineno":593}
{"timestamp":"2025-10-09T03:28:59.778832Z","level":"warning","event":"The `airflow.operators.python.PythonOperator` attribute is deprecated. Please use `'airflow.providers.standard.operators.python.PythonOperator'`.","category":"DeprecatedImportWarning","filename":"/opt/airflow/dags/get_data_with_airflow.py","lineno":4,"logger":"py.warnings"}
{"timestamp":"2025-10-09T03:28:59.778970Z","level":"warning","event":"The `airflow.operators.bash.BashOperator` attribute is deprecated. Please use `'airflow.providers.standard.operators.bash.BashOperator'`.","category":"DeprecatedImportWarning","filename":"/opt/airflow/dags/get_data_with_airflow.py","lineno":5,"logger":"py.warnings"}
{"timestamp":"2025-10-09T04:48:39.682150Z","level":"info","event":"Filling up the DagBag from /opt/airflow/dags/get_data_with_airflow.py","logger":"airflow.models.dagbag.DagBag","filename":"dagbag.py","lineno":593}
{"timestamp":"2025-10-09T04:48:40.220564Z","level":"warning","event":"The `airflow.operators.python.PythonOperator` attribute is deprecated. Please use `'airflow.providers.standard.operators.python.PythonOperator'`.","category":"DeprecatedImportWarning","filename":"/opt/airflow/dags/get_data_with_airflow.py","lineno":4,"logger":"py.warnings"}
{"timestamp":"2025-10-09T04:48:40.220881Z","level":"warning","event":"The `airflow.operators.bash.BashOperator` attribute is deprecated. Please use `'airflow.providers.standard.operators.bash.BashOperator'`.","category":"DeprecatedImportWarning","filename":"/opt/airflow/dags/get_data_with_airflow.py","lineno":5,"logger":"py.warnings"}
{"timestamp":"2025-10-09T05:45:37.122384Z","level":"info","event":"Filling up the DagBag from /opt/airflow/dags/get_data_with_airflow.py","logger":"airflow.models.dagbag.DagBag","filename":"dagbag.py","lineno":593}
{"timestamp":"2025-10-09T05:45:37.574560Z","level":"warning","event":"The `airflow.operators.python.PythonOperator` attribute is deprecated. Please use `'airflow.providers.standard.operators.python.PythonOperator'`.","category":"DeprecatedImportWarning","filename":"/opt/airflow/dags/get_data_with_airflow.py","lineno":4,"logger":"py.warnings"}
{"timestamp":"2025-10-09T05:45:37.574714Z","level":"warning","event":"The `airflow.operators.bash.BashOperator` attribute is deprecated. Please use `'airflow.providers.standard.operators.bash.BashOperator'`.","category":"DeprecatedImportWarning","filename":"/opt/airflow/dags/get_data_with_airflow.py","lineno":5,"logger":"py.warnings"}
{"timestamp":"2025-10-09T07:06:14.613056Z","level":"info","event":"Filling up the DagBag from /opt/airflow/dags/get_data_with_airflow.py","logger":"airflow.models.dagbag.DagBag","filename":"dagbag.py","lineno":593}
{"timestamp":"2025-10-09T07:06:15.460821Z","level":"warning","event":"The `airflow.operators.python.PythonOperator` attribute is deprecated. Please use `'airflow.providers.standard.operators.python.PythonOperator'`.","category":"DeprecatedImportWarning","filename":"/opt/airflow/dags/get_data_with_airflow.py","lineno":4,"logger":"py.warnings"}
{"timestamp":"2025-10-09T07:06:15.461971Z","level":"warning","event":"The `airflow.operators.bash.BashOperator` attribute is deprecated. Please use `'airflow.providers.standard.operators.bash.BashOperator'`.","category":"DeprecatedImportWarning","filename":"/opt/airflow/dags/get_data_with_airflow.py","lineno":5,"logger":"py.warnings"}
{"timestamp":"2025-10-09T08:17:10.097250Z","level":"info","event":"Filling up the DagBag from /opt/airflow/dags/get_data_with_airflow.py","logger":"airflow.models.dagbag.DagBag","filename":"dagbag.py","lineno":593}
{"timestamp":"2025-10-09T08:17:11.231384Z","level":"warning","event":"The `airflow.operators.python.PythonOperator` attribute is deprecated. Please use `'airflow.providers.standard.operators.python.PythonOperator'`.","category":"DeprecatedImportWarning","filename":"/opt/airflow/dags/get_data_with_airflow.py","lineno":4,"logger":"py.warnings"}
{"timestamp":"2025-10-09T08:17:11.232139Z","level":"warning","event":"The `airflow.operators.bash.BashOperator` attribute is deprecated. Please use `'airflow.providers.standard.operators.bash.BashOperator'`.","category":"DeprecatedImportWarning","filename":"/opt/airflow/dags/get_data_with_airflow.py","lineno":5,"logger":"py.warnings"}
{"timestamp":"2025-10-09T08:51:33.056369Z","level":"info","event":"Filling up the DagBag from /opt/airflow/dags/get_data_with_airflow.py","logger":"airflow.models.dagbag.DagBag","filename":"dagbag.py","lineno":593}
{"timestamp":"2025-10-09T08:51:33.425099Z","level":"warning","event":"The `airflow.operators.python.PythonOperator` attribute is deprecated. Please use `'airflow.providers.standard.operators.python.PythonOperator'`.","category":"DeprecatedImportWarning","filename":"/opt/airflow/dags/get_data_with_airflow.py","lineno":4,"logger":"py.warnings"}
{"timestamp":"2025-10-09T08:51:33.425198Z","level":"warning","event":"The `airflow.operators.bash.BashOperator` attribute is deprecated. Please use `'airflow.providers.standard.operators.bash.BashOperator'`.","category":"DeprecatedImportWarning","filename":"/opt/airflow/dags/get_data_with_airflow.py","lineno":5,"logger":"py.warnings"}
{"timestamp":"2025-10-09T10:07:57.770853Z","level":"info","event":"Filling up the DagBag from /opt/airflow/dags/get_data_with_airflow.py","logger":"airflow.models.dagbag.DagBag","filename":"dagbag.py","lineno":593}
{"timestamp":"2025-10-09T10:07:58.397077Z","level":"warning","event":"The `airflow.operators.python.PythonOperator` attribute is deprecated. Please use `'airflow.providers.standard.operators.python.PythonOperator'`.","category":"DeprecatedImportWarning","filename":"/opt/airflow/dags/get_data_with_airflow.py","lineno":4,"logger":"py.warnings"}
{"timestamp":"2025-10-09T10:07:58.397300Z","level":"warning","event":"The `airflow.operators.bash.BashOperator` attribute is deprecated. Please use `'airflow.providers.standard.operators.bash.BashOperator'`.","category":"DeprecatedImportWarning","filename":"/opt/airflow/dags/get_data_with_airflow.py","lineno":5,"logger":"py.warnings"}
{"timestamp":"2025-10-09T11:20:10.816539Z","level":"info","event":"Filling up the DagBag from /opt/airflow/dags/get_data_with_airflow.py","logger":"airflow.models.dagbag.DagBag","filename":"dagbag.py","lineno":593}
{"timestamp":"2025-10-09T11:20:11.298789Z","level":"warning","event":"The `airflow.operators.python.PythonOperator` attribute is deprecated. Please use `'airflow.providers.standard.operators.python.PythonOperator'`.","category":"DeprecatedImportWarning","filename":"/opt/airflow/dags/get_data_with_airflow.py","lineno":4,"logger":"py.warnings"}
{"timestamp":"2025-10-09T11:20:11.299109Z","level":"warning","event":"The `airflow.operators.bash.BashOperator` attribute is deprecated. Please use `'airflow.providers.standard.operators.bash.BashOperator'`.","category":"DeprecatedImportWarning","filename":"/opt/airflow/dags/get_data_with_airflow.py","lineno":5,"logger":"py.warnings"}
{"timestamp":"2025-10-09T12:21:10.847779Z","level":"info","event":"Filling up the DagBag from /opt/airflow/dags/get_data_with_airflow.py","logger":"airflow.models.dagbag.DagBag","filename":"dagbag.py","lineno":593}
{"timestamp":"2025-10-09T12:21:11.203264Z","level":"warning","event":"The `airflow.operators.python.PythonOperator` attribute is deprecated. Please use `'airflow.providers.standard.operators.python.PythonOperator'`.","category":"DeprecatedImportWarning","filename":"/opt/airflow/dags/get_data_with_airflow.py","lineno":4,"logger":"py.warnings"}
{"timestamp":"2025-10-09T12:21:11.203364Z","level":"warning","event":"The `airflow.operators.bash.BashOperator` attribute is deprecated. Please use `'airflow.providers.standard.operators.bash.BashOperator'`.","category":"DeprecatedImportWarning","filename":"/opt/airflow/dags/get_data_with_airflow.py","lineno":5,"logger":"py.warnings"}
{"timestamp":"2025-10-09T12:49:04.869447Z","level":"info","event":"Filling up the DagBag from /opt/airflow/dags/get_data_with_airflow.py","logger":"airflow.models.dagbag.DagBag","filename":"dagbag.py","lineno":593}
{"timestamp":"2025-10-09T12:49:05.482011Z","level":"warning","event":"The `airflow.operators.python.PythonOperator` attribute is deprecated. Please use `'airflow.providers.standard.operators.python.PythonOperator'`.","category":"DeprecatedImportWarning","filename":"/opt/airflow/dags/get_data_with_airflow.py","lineno":4,"logger":"py.warnings"}
{"timestamp":"2025-10-09T12:49:05.482149Z","level":"warning","event":"The `airflow.operators.bash.BashOperator` attribute is deprecated. Please use `'airflow.providers.standard.operators.bash.BashOperator'`.","category":"DeprecatedImportWarning","filename":"/opt/airflow/dags/get_data_with_airflow.py","lineno":5,"logger":"py.warnings"}
{"timestamp":"2025-10-09T12:49:36.046309Z","level":"info","event":"Filling up the DagBag from /opt/airflow/dags/get_data_with_airflow.py","logger":"airflow.models.dagbag.DagBag","filename":"dagbag.py","lineno":593}
{"timestamp":"2025-10-09T12:49:36.374404Z","level":"warning","event":"The `airflow.operators.python.PythonOperator` attribute is deprecated. Please use `'airflow.providers.standard.operators.python.PythonOperator'`.","category":"DeprecatedImportWarning","filename":"/opt/airflow/dags/get_data_with_airflow.py","lineno":4,"logger":"py.warnings"}
{"timestamp":"2025-10-09T12:49:36.374528Z","level":"warning","event":"The `airflow.operators.bash.BashOperator` attribute is deprecated. Please use `'airflow.providers.standard.operators.bash.BashOperator'`.","category":"DeprecatedImportWarning","filename":"/opt/airflow/dags/get_data_with_airflow.py","lineno":5,"logger":"py.warnings"}
{"timestamp":"2025-10-09T12:50:06.972689Z","level":"info","event":"Filling up the DagBag from /opt/airflow/dags/get_data_with_airflow.py","logger":"airflow.models.dagbag.DagBag","filename":"dagbag.py","lineno":593}
{"timestamp":"2025-10-09T12:50:07.259641Z","level":"warning","event":"The `airflow.operators.python.PythonOperator` attribute is deprecated. Please use `'airflow.providers.standard.operators.python.PythonOperator'`.","category":"DeprecatedImportWarning","filename":"/opt/airflow/dags/get_data_with_airflow.py","lineno":4,"logger":"py.warnings"}
{"timestamp":"2025-10-09T12:50:07.259929Z","level":"warning","event":"The `airflow.operators.bash.BashOperator` attribute is deprecated. Please use `'airflow.providers.standard.operators.bash.BashOperator'`.","category":"DeprecatedImportWarning","filename":"/opt/airflow/dags/get_data_with_airflow.py","lineno":5,"logger":"py.warnings"}
{"timestamp":"2025-10-09T12:50:37.755554Z","level":"info","event":"Filling up the DagBag from /opt/airflow/dags/get_data_with_airflow.py","logger":"airflow.models.dagbag.DagBag","filename":"dagbag.py","lineno":593}
{"timestamp":"2025-10-09T12:50:38.029347Z","level":"warning","event":"The `airflow.operators.python.PythonOperator` attribute is deprecated. Please use `'airflow.providers.standard.operators.python.PythonOperator'`.","category":"DeprecatedImportWarning","filename":"/opt/airflow/dags/get_data_with_airflow.py","lineno":4,"logger":"py.warnings"}
{"timestamp":"2025-10-09T12:50:38.029428Z","level":"warning","event":"The `airflow.operators.bash.BashOperator` attribute is deprecated. Please use `'airflow.providers.standard.operators.bash.BashOperator'`.","category":"DeprecatedImportWarning","filename":"/opt/airflow/dags/get_data_with_airflow.py","lineno":5,"logger":"py.warnings"}
{"timestamp":"2025-10-09T12:51:08.459772Z","level":"info","event":"Filling up the DagBag from /opt/airflow/dags/get_data_with_airflow.py","logger":"airflow.models.dagbag.DagBag","filename":"dagbag.py","lineno":593}
{"timestamp":"2025-10-09T12:51:08.753657Z","level":"warning","event":"The `airflow.operators.python.PythonOperator` attribute is deprecated. Please use `'airflow.providers.standard.operators.python.PythonOperator'`.","category":"DeprecatedImportWarning","filename":"/opt/airflow/dags/get_data_with_airflow.py","lineno":4,"logger":"py.warnings"}
{"timestamp":"2025-10-09T12:51:08.753745Z","level":"warning","event":"The `airflow.operators.bash.BashOperator` attribute is deprecated. Please use `'airflow.providers.standard.operators.bash.BashOperator'`.","category":"DeprecatedImportWarning","filename":"/opt/airflow/dags/get_data_with_airflow.py","lineno":5,"logger":"py.warnings"}
{"timestamp":"2025-10-09T12:51:39.443237Z","level":"info","event":"Filling up the DagBag from /opt/airflow/dags/get_data_with_airflow.py","logger":"airflow.models.dagbag.DagBag","filename":"dagbag.py","lineno":593}
{"timestamp":"2025-10-09T12:51:39.815688Z","level":"warning","event":"The `airflow.operators.python.PythonOperator` attribute is deprecated. Please use `'airflow.providers.standard.operators.python.PythonOperator'`.","category":"DeprecatedImportWarning","filename":"/opt/airflow/dags/get_data_with_airflow.py","lineno":4,"logger":"py.warnings"}
{"timestamp":"2025-10-09T12:51:39.815767Z","level":"warning","event":"The `airflow.operators.bash.BashOperator` attribute is deprecated. Please use `'airflow.providers.standard.operators.bash.BashOperator'`.","category":"DeprecatedImportWarning","filename":"/opt/airflow/dags/get_data_with_airflow.py","lineno":5,"logger":"py.warnings"}
{"timestamp":"2025-10-09T12:52:10.358165Z","level":"info","event":"Filling up the DagBag from /opt/airflow/dags/get_data_with_airflow.py","logger":"airflow.models.dagbag.DagBag","filename":"dagbag.py","lineno":593}
{"timestamp":"2025-10-09T12:52:10.789496Z","level":"warning","event":"The `airflow.operators.python.PythonOperator` attribute is deprecated. Please use `'airflow.providers.standard.operators.python.PythonOperator'`.","category":"DeprecatedImportWarning","filename":"/opt/airflow/dags/get_data_with_airflow.py","lineno":4,"logger":"py.warnings"}
{"timestamp":"2025-10-09T12:52:10.789818Z","level":"warning","event":"The `airflow.operators.bash.BashOperator` attribute is deprecated. Please use `'airflow.providers.standard.operators.bash.BashOperator'`.","category":"DeprecatedImportWarning","filename":"/opt/airflow/dags/get_data_with_airflow.py","lineno":5,"logger":"py.warnings"}
{"timestamp":"2025-10-09T12:52:41.347048Z","level":"info","event":"Filling up the DagBag from /opt/airflow/dags/get_data_with_airflow.py","logger":"airflow.models.dagbag.DagBag","filename":"dagbag.py","lineno":593}
{"timestamp":"2025-10-09T12:52:41.640659Z","level":"warning","event":"The `airflow.operators.python.PythonOperator` attribute is deprecated. Please use `'airflow.providers.standard.operators.python.PythonOperator'`.","category":"DeprecatedImportWarning","filename":"/opt/airflow/dags/get_data_with_airflow.py","lineno":4,"logger":"py.warnings"}
{"timestamp":"2025-10-09T12:52:41.640765Z","level":"warning","event":"The `airflow.operators.bash.BashOperator` attribute is deprecated. Please use `'airflow.providers.standard.operators.bash.BashOperator'`.","category":"DeprecatedImportWarning","filename":"/opt/airflow/dags/get_data_with_airflow.py","lineno":5,"logger":"py.warnings"}
{"timestamp":"2025-10-09T12:53:12.086826Z","level":"info","event":"Filling up the DagBag from /opt/airflow/dags/get_data_with_airflow.py","logger":"airflow.models.dagbag.DagBag","filename":"dagbag.py","lineno":593}
{"timestamp":"2025-10-09T12:53:12.342774Z","level":"warning","event":"The `airflow.operators.python.PythonOperator` attribute is deprecated. Please use `'airflow.providers.standard.operators.python.PythonOperator'`.","category":"DeprecatedImportWarning","filename":"/opt/airflow/dags/get_data_with_airflow.py","lineno":4,"logger":"py.warnings"}
{"timestamp":"2025-10-09T12:53:12.342860Z","level":"warning","event":"The `airflow.operators.bash.BashOperator` attribute is deprecated. Please use `'airflow.providers.standard.operators.bash.BashOperator'`.","category":"DeprecatedImportWarning","filename":"/opt/airflow/dags/get_data_with_airflow.py","lineno":5,"logger":"py.warnings"}
{"timestamp":"2025-10-09T12:53:42.822204Z","level":"info","event":"Filling up the DagBag from /opt/airflow/dags/get_data_with_airflow.py","logger":"airflow.models.dagbag.DagBag","filename":"dagbag.py","lineno":593}
{"timestamp":"2025-10-09T12:53:43.202060Z","level":"warning","event":"The `airflow.operators.python.PythonOperator` attribute is deprecated. Please use `'airflow.providers.standard.operators.python.PythonOperator'`.","category":"DeprecatedImportWarning","filename":"/opt/airflow/dags/get_data_with_airflow.py","lineno":4,"logger":"py.warnings"}
{"timestamp":"2025-10-09T12:53:43.202180Z","level":"warning","event":"The `airflow.operators.bash.BashOperator` attribute is deprecated. Please use `'airflow.providers.standard.operators.bash.BashOperator'`.","category":"DeprecatedImportWarning","filename":"/opt/airflow/dags/get_data_with_airflow.py","lineno":5,"logger":"py.warnings"}
{"timestamp":"2025-10-09T12:54:13.898297Z","level":"info","event":"Filling up the DagBag from /opt/airflow/dags/get_data_with_airflow.py","logger":"airflow.models.dagbag.DagBag","filename":"dagbag.py","lineno":593}
{"timestamp":"2025-10-09T12:54:14.490803Z","level":"warning","event":"The `airflow.operators.python.PythonOperator` attribute is deprecated. Please use `'airflow.providers.standard.operators.python.PythonOperator'`.","category":"DeprecatedImportWarning","filename":"/opt/airflow/dags/get_data_with_airflow.py","lineno":4,"logger":"py.warnings"}
{"timestamp":"2025-10-09T12:54:14.491615Z","level":"warning","event":"The `airflow.operators.bash.BashOperator` attribute is deprecated. Please use `'airflow.providers.standard.operators.bash.BashOperator'`.","category":"DeprecatedImportWarning","filename":"/opt/airflow/dags/get_data_with_airflow.py","lineno":5,"logger":"py.warnings"}
{"timestamp":"2025-10-09T12:54:44.935562Z","level":"info","event":"Filling up the DagBag from /opt/airflow/dags/get_data_with_airflow.py","logger":"airflow.models.dagbag.DagBag","filename":"dagbag.py","lineno":593}
{"timestamp":"2025-10-09T12:54:45.220234Z","level":"warning","event":"The `airflow.operators.python.PythonOperator` attribute is deprecated. Please use `'airflow.providers.standard.operators.python.PythonOperator'`.","category":"DeprecatedImportWarning","filename":"/opt/airflow/dags/get_data_with_airflow.py","lineno":4,"logger":"py.warnings"}
{"timestamp":"2025-10-09T12:54:45.220800Z","level":"warning","event":"The `airflow.operators.bash.BashOperator` attribute is deprecated. Please use `'airflow.providers.standard.operators.bash.BashOperator'`.","category":"DeprecatedImportWarning","filename":"/opt/airflow/dags/get_data_with_airflow.py","lineno":5,"logger":"py.warnings"}
{"timestamp":"2025-10-09T12:55:15.759514Z","level":"info","event":"Filling up the DagBag from /opt/airflow/dags/get_data_with_airflow.py","logger":"airflow.models.dagbag.DagBag","filename":"dagbag.py","lineno":593}
{"timestamp":"2025-10-09T12:55:16.088853Z","level":"warning","event":"The `airflow.operators.python.PythonOperator` attribute is deprecated. Please use `'airflow.providers.standard.operators.python.PythonOperator'`.","category":"DeprecatedImportWarning","filename":"/opt/airflow/dags/get_data_with_airflow.py","lineno":4,"logger":"py.warnings"}
{"timestamp":"2025-10-09T12:55:16.090472Z","level":"warning","event":"The `airflow.operators.bash.BashOperator` attribute is deprecated. Please use `'airflow.providers.standard.operators.bash.BashOperator'`.","category":"DeprecatedImportWarning","filename":"/opt/airflow/dags/get_data_with_airflow.py","lineno":5,"logger":"py.warnings"}
{"timestamp":"2025-10-09T12:55:46.623440Z","level":"info","event":"Filling up the DagBag from /opt/airflow/dags/get_data_with_airflow.py","logger":"airflow.models.dagbag.DagBag","filename":"dagbag.py","lineno":593}
{"timestamp":"2025-10-09T12:55:46.918006Z","level":"warning","event":"The `airflow.operators.python.PythonOperator` attribute is deprecated. Please use `'airflow.providers.standard.operators.python.PythonOperator'`.","category":"DeprecatedImportWarning","filename":"/opt/airflow/dags/get_data_with_airflow.py","lineno":4,"logger":"py.warnings"}
{"timestamp":"2025-10-09T12:55:46.918112Z","level":"warning","event":"The `airflow.operators.bash.BashOperator` attribute is deprecated. Please use `'airflow.providers.standard.operators.bash.BashOperator'`.","category":"DeprecatedImportWarning","filename":"/opt/airflow/dags/get_data_with_airflow.py","lineno":5,"logger":"py.warnings"}
{"timestamp":"2025-10-09T12:56:17.457254Z","level":"info","event":"Filling up the DagBag from /opt/airflow/dags/get_data_with_airflow.py","logger":"airflow.models.dagbag.DagBag","filename":"dagbag.py","lineno":593}
{"timestamp":"2025-10-09T12:56:17.789989Z","level":"warning","event":"The `airflow.operators.python.PythonOperator` attribute is deprecated. Please use `'airflow.providers.standard.operators.python.PythonOperator'`.","category":"DeprecatedImportWarning","filename":"/opt/airflow/dags/get_data_with_airflow.py","lineno":4,"logger":"py.warnings"}
{"timestamp":"2025-10-09T12:56:17.790127Z","level":"warning","event":"The `airflow.operators.bash.BashOperator` attribute is deprecated. Please use `'airflow.providers.standard.operators.bash.BashOperator'`.","category":"DeprecatedImportWarning","filename":"/opt/airflow/dags/get_data_with_airflow.py","lineno":5,"logger":"py.warnings"}
{"timestamp":"2025-10-09T12:56:48.326805Z","level":"info","event":"Filling up the DagBag from /opt/airflow/dags/get_data_with_airflow.py","logger":"airflow.models.dagbag.DagBag","filename":"dagbag.py","lineno":593}
{"timestamp":"2025-10-09T12:56:48.613083Z","level":"warning","event":"The `airflow.operators.python.PythonOperator` attribute is deprecated. Please use `'airflow.providers.standard.operators.python.PythonOperator'`.","category":"DeprecatedImportWarning","filename":"/opt/airflow/dags/get_data_with_airflow.py","lineno":4,"logger":"py.warnings"}
{"timestamp":"2025-10-09T12:56:48.613356Z","level":"warning","event":"The `airflow.operators.bash.BashOperator` attribute is deprecated. Please use `'airflow.providers.standard.operators.bash.BashOperator'`.","category":"DeprecatedImportWarning","filename":"/opt/airflow/dags/get_data_with_airflow.py","lineno":5,"logger":"py.warnings"}
{"timestamp":"2025-10-09T12:57:19.092910Z","level":"info","event":"Filling up the DagBag from /opt/airflow/dags/get_data_with_airflow.py","logger":"airflow.models.dagbag.DagBag","filename":"dagbag.py","lineno":593}
{"timestamp":"2025-10-09T12:57:19.680326Z","level":"warning","event":"The `airflow.operators.python.PythonOperator` attribute is deprecated. Please use `'airflow.providers.standard.operators.python.PythonOperator'`.","category":"DeprecatedImportWarning","filename":"/opt/airflow/dags/get_data_with_airflow.py","lineno":4,"logger":"py.warnings"}
{"timestamp":"2025-10-09T12:57:19.680476Z","level":"warning","event":"The `airflow.operators.bash.BashOperator` attribute is deprecated. Please use `'airflow.providers.standard.operators.bash.BashOperator'`.","category":"DeprecatedImportWarning","filename":"/opt/airflow/dags/get_data_with_airflow.py","lineno":5,"logger":"py.warnings"}
{"timestamp":"2025-10-09T12:57:50.197855Z","level":"info","event":"Filling up the DagBag from /opt/airflow/dags/get_data_with_airflow.py","logger":"airflow.models.dagbag.DagBag","filename":"dagbag.py","lineno":593}
{"timestamp":"2025-10-09T12:57:50.540509Z","level":"warning","event":"The `airflow.operators.python.PythonOperator` attribute is deprecated. Please use `'airflow.providers.standard.operators.python.PythonOperator'`.","category":"DeprecatedImportWarning","filename":"/opt/airflow/dags/get_data_with_airflow.py","lineno":4,"logger":"py.warnings"}
{"timestamp":"2025-10-09T12:57:50.540595Z","level":"warning","event":"The `airflow.operators.bash.BashOperator` attribute is deprecated. Please use `'airflow.providers.standard.operators.bash.BashOperator'`.","category":"DeprecatedImportWarning","filename":"/opt/airflow/dags/get_data_with_airflow.py","lineno":5,"logger":"py.warnings"}
{"timestamp":"2025-10-09T12:58:20.985896Z","level":"info","event":"Filling up the DagBag from /opt/airflow/dags/get_data_with_airflow.py","logger":"airflow.models.dagbag.DagBag","filename":"dagbag.py","lineno":593}
{"timestamp":"2025-10-09T12:58:21.278067Z","level":"warning","event":"The `airflow.operators.python.PythonOperator` attribute is deprecated. Please use `'airflow.providers.standard.operators.python.PythonOperator'`.","category":"DeprecatedImportWarning","filename":"/opt/airflow/dags/get_data_with_airflow.py","lineno":4,"logger":"py.warnings"}
{"timestamp":"2025-10-09T12:58:21.278171Z","level":"warning","event":"The `airflow.operators.bash.BashOperator` attribute is deprecated. Please use `'airflow.providers.standard.operators.bash.BashOperator'`.","category":"DeprecatedImportWarning","filename":"/opt/airflow/dags/get_data_with_airflow.py","lineno":5,"logger":"py.warnings"}
{"timestamp":"2025-10-09T12:58:51.870443Z","level":"info","event":"Filling up the DagBag from /opt/airflow/dags/get_data_with_airflow.py","logger":"airflow.models.dagbag.DagBag","filename":"dagbag.py","lineno":593}
{"timestamp":"2025-10-09T12:58:52.180014Z","level":"warning","event":"The `airflow.operators.python.PythonOperator` attribute is deprecated. Please use `'airflow.providers.standard.operators.python.PythonOperator'`.","category":"DeprecatedImportWarning","filename":"/opt/airflow/dags/get_data_with_airflow.py","lineno":4,"logger":"py.warnings"}
{"timestamp":"2025-10-09T12:58:52.180104Z","level":"warning","event":"The `airflow.operators.bash.BashOperator` attribute is deprecated. Please use `'airflow.providers.standard.operators.bash.BashOperator'`.","category":"DeprecatedImportWarning","filename":"/opt/airflow/dags/get_data_with_airflow.py","lineno":5,"logger":"py.warnings"}
{"timestamp":"2025-10-09T12:59:22.646421Z","level":"info","event":"Filling up the DagBag from /opt/airflow/dags/get_data_with_airflow.py","logger":"airflow.models.dagbag.DagBag","filename":"dagbag.py","lineno":593}
{"timestamp":"2025-10-09T12:59:22.924217Z","level":"warning","event":"The `airflow.operators.python.PythonOperator` attribute is deprecated. Please use `'airflow.providers.standard.operators.python.PythonOperator'`.","category":"DeprecatedImportWarning","filename":"/opt/airflow/dags/get_data_with_airflow.py","lineno":4,"logger":"py.warnings"}
{"timestamp":"2025-10-09T12:59:22.924907Z","level":"warning","event":"The `airflow.operators.bash.BashOperator` attribute is deprecated. Please use `'airflow.providers.standard.operators.bash.BashOperator'`.","category":"DeprecatedImportWarning","filename":"/opt/airflow/dags/get_data_with_airflow.py","lineno":5,"logger":"py.warnings"}
{"timestamp":"2025-10-09T12:59:53.474489Z","level":"info","event":"Filling up the DagBag from /opt/airflow/dags/get_data_with_airflow.py","logger":"airflow.models.dagbag.DagBag","filename":"dagbag.py","lineno":593}
{"timestamp":"2025-10-09T12:59:53.847911Z","level":"warning","event":"The `airflow.operators.python.PythonOperator` attribute is deprecated. Please use `'airflow.providers.standard.operators.python.PythonOperator'`.","category":"DeprecatedImportWarning","filename":"/opt/airflow/dags/get_data_with_airflow.py","lineno":4,"logger":"py.warnings"}
{"timestamp":"2025-10-09T12:59:53.848003Z","level":"warning","event":"The `airflow.operators.bash.BashOperator` attribute is deprecated. Please use `'airflow.providers.standard.operators.bash.BashOperator'`.","category":"DeprecatedImportWarning","filename":"/opt/airflow/dags/get_data_with_airflow.py","lineno":5,"logger":"py.warnings"}
{"timestamp":"2025-10-09T13:00:24.316390Z","level":"info","event":"Filling up the DagBag from /opt/airflow/dags/get_data_with_airflow.py","logger":"airflow.models.dagbag.DagBag","filename":"dagbag.py","lineno":593}
{"timestamp":"2025-10-09T13:00:24.654662Z","level":"warning","event":"The `airflow.operators.python.PythonOperator` attribute is deprecated. Please use `'airflow.providers.standard.operators.python.PythonOperator'`.","category":"DeprecatedImportWarning","filename":"/opt/airflow/dags/get_data_with_airflow.py","lineno":4,"logger":"py.warnings"}
{"timestamp":"2025-10-09T13:00:24.655105Z","level":"warning","event":"The `airflow.operators.bash.BashOperator` attribute is deprecated. Please use `'airflow.providers.standard.operators.bash.BashOperator'`.","category":"DeprecatedImportWarning","filename":"/opt/airflow/dags/get_data_with_airflow.py","lineno":5,"logger":"py.warnings"}
{"timestamp":"2025-10-09T13:00:55.073832Z","level":"info","event":"Filling up the DagBag from /opt/airflow/dags/get_data_with_airflow.py","logger":"airflow.models.dagbag.DagBag","filename":"dagbag.py","lineno":593}
{"timestamp":"2025-10-09T13:00:55.482434Z","level":"warning","event":"The `airflow.operators.python.PythonOperator` attribute is deprecated. Please use `'airflow.providers.standard.operators.python.PythonOperator'`.","category":"DeprecatedImportWarning","filename":"/opt/airflow/dags/get_data_with_airflow.py","lineno":4,"logger":"py.warnings"}
{"timestamp":"2025-10-09T13:00:55.482597Z","level":"warning","event":"The `airflow.operators.bash.BashOperator` attribute is deprecated. Please use `'airflow.providers.standard.operators.bash.BashOperator'`.","category":"DeprecatedImportWarning","filename":"/opt/airflow/dags/get_data_with_airflow.py","lineno":5,"logger":"py.warnings"}
{"timestamp":"2025-10-09T13:01:25.857702Z","level":"info","event":"Filling up the DagBag from /opt/airflow/dags/get_data_with_airflow.py","logger":"airflow.models.dagbag.DagBag","filename":"dagbag.py","lineno":593}
{"timestamp":"2025-10-09T13:01:26.201551Z","level":"warning","event":"The `airflow.operators.python.PythonOperator` attribute is deprecated. Please use `'airflow.providers.standard.operators.python.PythonOperator'`.","category":"DeprecatedImportWarning","filename":"/opt/airflow/dags/get_data_with_airflow.py","lineno":4,"logger":"py.warnings"}
{"timestamp":"2025-10-09T13:01:26.201655Z","level":"warning","event":"The `airflow.operators.bash.BashOperator` attribute is deprecated. Please use `'airflow.providers.standard.operators.bash.BashOperator'`.","category":"DeprecatedImportWarning","filename":"/opt/airflow/dags/get_data_with_airflow.py","lineno":5,"logger":"py.warnings"}
{"timestamp":"2025-10-09T13:01:56.720415Z","level":"info","event":"Filling up the DagBag from /opt/airflow/dags/get_data_with_airflow.py","logger":"airflow.models.dagbag.DagBag","filename":"dagbag.py","lineno":593}
{"timestamp":"2025-10-09T13:01:57.104074Z","level":"warning","event":"The `airflow.operators.python.PythonOperator` attribute is deprecated. Please use `'airflow.providers.standard.operators.python.PythonOperator'`.","category":"DeprecatedImportWarning","filename":"/opt/airflow/dags/get_data_with_airflow.py","lineno":4,"logger":"py.warnings"}
{"timestamp":"2025-10-09T13:01:57.104642Z","level":"warning","event":"The `airflow.operators.bash.BashOperator` attribute is deprecated. Please use `'airflow.providers.standard.operators.bash.BashOperator'`.","category":"DeprecatedImportWarning","filename":"/opt/airflow/dags/get_data_with_airflow.py","lineno":5,"logger":"py.warnings"}
{"timestamp":"2025-10-09T13:02:27.269446Z","level":"info","event":"Filling up the DagBag from /opt/airflow/dags/get_data_with_airflow.py","logger":"airflow.models.dagbag.DagBag","filename":"dagbag.py","lineno":593}
{"timestamp":"2025-10-09T13:02:27.645947Z","level":"warning","event":"The `airflow.operators.python.PythonOperator` attribute is deprecated. Please use `'airflow.providers.standard.operators.python.PythonOperator'`.","category":"DeprecatedImportWarning","filename":"/opt/airflow/dags/get_data_with_airflow.py","lineno":4,"logger":"py.warnings"}
{"timestamp":"2025-10-09T13:02:27.646262Z","level":"warning","event":"The `airflow.operators.bash.BashOperator` attribute is deprecated. Please use `'airflow.providers.standard.operators.bash.BashOperator'`.","category":"DeprecatedImportWarning","filename":"/opt/airflow/dags/get_data_with_airflow.py","lineno":5,"logger":"py.warnings"}
{"timestamp":"2025-10-09T13:32:11.448861Z","level":"info","event":"Filling up the DagBag from /opt/airflow/dags/get_data_with_airflow.py","logger":"airflow.models.dagbag.DagBag","filename":"dagbag.py","lineno":593}
{"timestamp":"2025-10-09T13:32:11.762194Z","level":"warning","event":"The `airflow.operators.python.PythonOperator` attribute is deprecated. Please use `'airflow.providers.standard.operators.python.PythonOperator'`.","category":"DeprecatedImportWarning","filename":"/opt/airflow/dags/get_data_with_airflow.py","lineno":4,"logger":"py.warnings"}
{"timestamp":"2025-10-09T13:32:11.763029Z","level":"warning","event":"The `airflow.operators.bash.BashOperator` attribute is deprecated. Please use `'airflow.providers.standard.operators.bash.BashOperator'`.","category":"DeprecatedImportWarning","filename":"/opt/airflow/dags/get_data_with_airflow.py","lineno":5,"logger":"py.warnings"}
{"timestamp":"2025-10-09T14:54:37.595368Z","level":"info","event":"Filling up the DagBag from /opt/airflow/dags/get_data_with_airflow.py","logger":"airflow.models.dagbag.DagBag","filename":"dagbag.py","lineno":593}
{"timestamp":"2025-10-09T14:54:38.931237Z","level":"warning","event":"The `airflow.operators.python.PythonOperator` attribute is deprecated. Please use `'airflow.providers.standard.operators.python.PythonOperator'`.","category":"DeprecatedImportWarning","filename":"/opt/airflow/dags/get_data_with_airflow.py","lineno":4,"logger":"py.warnings"}
{"timestamp":"2025-10-09T14:54:38.932526Z","level":"warning","event":"The `airflow.operators.bash.BashOperator` attribute is deprecated. Please use `'airflow.providers.standard.operators.bash.BashOperator'`.","category":"DeprecatedImportWarning","filename":"/opt/airflow/dags/get_data_with_airflow.py","lineno":5,"logger":"py.warnings"}
{"timestamp":"2025-10-09T16:04:09.554612Z","level":"info","event":"Filling up the DagBag from /opt/airflow/dags/get_data_with_airflow.py","logger":"airflow.models.dagbag.DagBag","filename":"dagbag.py","lineno":593}
{"timestamp":"2025-10-09T16:04:09.961844Z","level":"warning","event":"The `airflow.operators.python.PythonOperator` attribute is deprecated. Please use `'airflow.providers.standard.operators.python.PythonOperator'`.","category":"DeprecatedImportWarning","filename":"/opt/airflow/dags/get_data_with_airflow.py","lineno":4,"logger":"py.warnings"}
{"timestamp":"2025-10-09T16:04:09.962179Z","level":"warning","event":"The `airflow.operators.bash.BashOperator` attribute is deprecated. Please use `'airflow.providers.standard.operators.bash.BashOperator'`.","category":"DeprecatedImportWarning","filename":"/opt/airflow/dags/get_data_with_airflow.py","lineno":5,"logger":"py.warnings"}
{"timestamp":"2025-10-09T17:05:17.018367Z","level":"info","event":"Filling up the DagBag from /opt/airflow/dags/get_data_with_airflow.py","logger":"airflow.models.dagbag.DagBag","filename":"dagbag.py","lineno":593}
{"timestamp":"2025-10-09T17:05:18.245732Z","level":"warning","event":"The `airflow.operators.python.PythonOperator` attribute is deprecated. Please use `'airflow.providers.standard.operators.python.PythonOperator'`.","category":"DeprecatedImportWarning","filename":"/opt/airflow/dags/get_data_with_airflow.py","lineno":4,"logger":"py.warnings"}
{"timestamp":"2025-10-09T17:05:18.246819Z","level":"warning","event":"The `airflow.operators.bash.BashOperator` attribute is deprecated. Please use `'airflow.providers.standard.operators.bash.BashOperator'`.","category":"DeprecatedImportWarning","filename":"/opt/airflow/dags/get_data_with_airflow.py","lineno":5,"logger":"py.warnings"}
{"timestamp":"2025-10-09T17:17:21.667635Z","level":"info","event":"Filling up the DagBag from /opt/airflow/dags/get_data_with_airflow.py","logger":"airflow.models.dagbag.DagBag","filename":"dagbag.py","lineno":593}
{"timestamp":"2025-10-09T17:17:22.273571Z","level":"warning","event":"The `airflow.operators.python.PythonOperator` attribute is deprecated. Please use `'airflow.providers.standard.operators.python.PythonOperator'`.","category":"DeprecatedImportWarning","filename":"/opt/airflow/dags/get_data_with_airflow.py","lineno":4,"logger":"py.warnings"}
{"timestamp":"2025-10-09T17:17:22.274441Z","level":"warning","event":"The `airflow.operators.bash.BashOperator` attribute is deprecated. Please use `'airflow.providers.standard.operators.bash.BashOperator'`.","category":"DeprecatedImportWarning","filename":"/opt/airflow/dags/get_data_with_airflow.py","lineno":5,"logger":"py.warnings"}
{"timestamp":"2025-10-09T17:35:45.342584Z","level":"info","event":"Filling up the DagBag from /opt/airflow/dags/get_data_with_airflow.py","logger":"airflow.models.dagbag.DagBag","filename":"dagbag.py","lineno":593}
{"timestamp":"2025-10-09T17:35:45.928442Z","level":"warning","event":"The `airflow.operators.python.PythonOperator` attribute is deprecated. Please use `'airflow.providers.standard.operators.python.PythonOperator'`.","category":"DeprecatedImportWarning","filename":"/opt/airflow/dags/get_data_with_airflow.py","lineno":4,"logger":"py.warnings"}
{"timestamp":"2025-10-09T17:35:45.928533Z","level":"warning","event":"The `airflow.operators.bash.BashOperator` attribute is deprecated. Please use `'airflow.providers.standard.operators.bash.BashOperator'`.","category":"DeprecatedImportWarning","filename":"/opt/airflow/dags/get_data_with_airflow.py","lineno":5,"logger":"py.warnings"}
{"timestamp":"2025-10-09T17:59:05.350056Z","level":"info","event":"Filling up the DagBag from /opt/airflow/dags/get_data_with_airflow.py","logger":"airflow.models.dagbag.DagBag","filename":"dagbag.py","lineno":593}
{"timestamp":"2025-10-09T17:59:06.482920Z","level":"warning","event":"The `airflow.operators.python.PythonOperator` attribute is deprecated. Please use `'airflow.providers.standard.operators.python.PythonOperator'`.","category":"DeprecatedImportWarning","filename":"/opt/airflow/dags/get_data_with_airflow.py","lineno":4,"logger":"py.warnings"}
{"timestamp":"2025-10-09T17:59:06.484423Z","level":"warning","event":"The `airflow.operators.bash.BashOperator` attribute is deprecated. Please use `'airflow.providers.standard.operators.bash.BashOperator'`.","category":"DeprecatedImportWarning","filename":"/opt/airflow/dags/get_data_with_airflow.py","lineno":5,"logger":"py.warnings"}
{"timestamp":"2025-10-09T17:59:37.762004Z","level":"info","event":"Filling up the DagBag from /opt/airflow/dags/get_data_with_airflow.py","logger":"airflow.models.dagbag.DagBag","filename":"dagbag.py","lineno":593}
{"timestamp":"2025-10-09T17:59:39.809623Z","level":"warning","event":"The `airflow.operators.python.PythonOperator` attribute is deprecated. Please use `'airflow.providers.standard.operators.python.PythonOperator'`.","category":"DeprecatedImportWarning","filename":"/opt/airflow/dags/get_data_with_airflow.py","lineno":4,"logger":"py.warnings"}
{"timestamp":"2025-10-09T17:59:39.811998Z","level":"warning","event":"The `airflow.operators.bash.BashOperator` attribute is deprecated. Please use `'airflow.providers.standard.operators.bash.BashOperator'`.","category":"DeprecatedImportWarning","filename":"/opt/airflow/dags/get_data_with_airflow.py","lineno":5,"logger":"py.warnings"}
{"timestamp":"2025-10-09T18:00:11.653040Z","level":"info","event":"Filling up the DagBag from /opt/airflow/dags/get_data_with_airflow.py","logger":"airflow.models.dagbag.DagBag","filename":"dagbag.py","lineno":593}
{"timestamp":"2025-10-09T18:00:12.399590Z","level":"warning","event":"The `airflow.operators.python.PythonOperator` attribute is deprecated. Please use `'airflow.providers.standard.operators.python.PythonOperator'`.","category":"DeprecatedImportWarning","filename":"/opt/airflow/dags/get_data_with_airflow.py","lineno":4,"logger":"py.warnings"}
{"timestamp":"2025-10-09T18:00:12.400257Z","level":"warning","event":"The `airflow.operators.bash.BashOperator` attribute is deprecated. Please use `'airflow.providers.standard.operators.bash.BashOperator'`.","category":"DeprecatedImportWarning","filename":"/opt/airflow/dags/get_data_with_airflow.py","lineno":5,"logger":"py.warnings"}
{"timestamp":"2025-10-09T18:00:43.578864Z","level":"info","event":"Filling up the DagBag from /opt/airflow/dags/get_data_with_airflow.py","logger":"airflow.models.dagbag.DagBag","filename":"dagbag.py","lineno":593}
{"timestamp":"2025-10-09T18:00:44.978961Z","level":"warning","event":"The `airflow.operators.python.PythonOperator` attribute is deprecated. Please use `'airflow.providers.standard.operators.python.PythonOperator'`.","category":"DeprecatedImportWarning","filename":"/opt/airflow/dags/get_data_with_airflow.py","lineno":4,"logger":"py.warnings"}
{"timestamp":"2025-10-09T18:00:44.979265Z","level":"warning","event":"The `airflow.operators.bash.BashOperator` attribute is deprecated. Please use `'airflow.providers.standard.operators.bash.BashOperator'`.","category":"DeprecatedImportWarning","filename":"/opt/airflow/dags/get_data_with_airflow.py","lineno":5,"logger":"py.warnings"}
{"timestamp":"2025-10-09T18:01:15.587077Z","level":"info","event":"Filling up the DagBag from /opt/airflow/dags/get_data_with_airflow.py","logger":"airflow.models.dagbag.DagBag","filename":"dagbag.py","lineno":593}
{"timestamp":"2025-10-09T18:01:16.037277Z","level":"warning","event":"The `airflow.operators.python.PythonOperator` attribute is deprecated. Please use `'airflow.providers.standard.operators.python.PythonOperator'`.","category":"DeprecatedImportWarning","filename":"/opt/airflow/dags/get_data_with_airflow.py","lineno":4,"logger":"py.warnings"}
{"timestamp":"2025-10-09T18:01:16.037365Z","level":"warning","event":"The `airflow.operators.bash.BashOperator` attribute is deprecated. Please use `'airflow.providers.standard.operators.bash.BashOperator'`.","category":"DeprecatedImportWarning","filename":"/opt/airflow/dags/get_data_with_airflow.py","lineno":5,"logger":"py.warnings"}
{"timestamp":"2025-10-09T18:01:46.610713Z","level":"info","event":"Filling up the DagBag from /opt/airflow/dags/get_data_with_airflow.py","logger":"airflow.models.dagbag.DagBag","filename":"dagbag.py","lineno":593}
{"timestamp":"2025-10-09T18:01:47.047899Z","level":"warning","event":"The `airflow.operators.python.PythonOperator` attribute is deprecated. Please use `'airflow.providers.standard.operators.python.PythonOperator'`.","category":"DeprecatedImportWarning","filename":"/opt/airflow/dags/get_data_with_airflow.py","lineno":4,"logger":"py.warnings"}
{"timestamp":"2025-10-09T18:01:47.048199Z","level":"warning","event":"The `airflow.operators.bash.BashOperator` attribute is deprecated. Please use `'airflow.providers.standard.operators.bash.BashOperator'`.","category":"DeprecatedImportWarning","filename":"/opt/airflow/dags/get_data_with_airflow.py","lineno":5,"logger":"py.warnings"}
{"timestamp":"2025-10-09T18:02:17.618403Z","level":"info","event":"Filling up the DagBag from /opt/airflow/dags/get_data_with_airflow.py","logger":"airflow.models.dagbag.DagBag","filename":"dagbag.py","lineno":593}
{"timestamp":"2025-10-09T18:02:18.033468Z","level":"warning","event":"The `airflow.operators.python.PythonOperator` attribute is deprecated. Please use `'airflow.providers.standard.operators.python.PythonOperator'`.","category":"DeprecatedImportWarning","filename":"/opt/airflow/dags/get_data_with_airflow.py","lineno":4,"logger":"py.warnings"}
{"timestamp":"2025-10-09T18:02:18.033721Z","level":"warning","event":"The `airflow.operators.bash.BashOperator` attribute is deprecated. Please use `'airflow.providers.standard.operators.bash.BashOperator'`.","category":"DeprecatedImportWarning","filename":"/opt/airflow/dags/get_data_with_airflow.py","lineno":5,"logger":"py.warnings"}
{"timestamp":"2025-10-09T18:02:48.780180Z","level":"info","event":"Filling up the DagBag from /opt/airflow/dags/get_data_with_airflow.py","logger":"airflow.models.dagbag.DagBag","filename":"dagbag.py","lineno":593}
{"timestamp":"2025-10-09T18:02:49.183392Z","level":"warning","event":"The `airflow.operators.python.PythonOperator` attribute is deprecated. Please use `'airflow.providers.standard.operators.python.PythonOperator'`.","category":"DeprecatedImportWarning","filename":"/opt/airflow/dags/get_data_with_airflow.py","lineno":4,"logger":"py.warnings"}
{"timestamp":"2025-10-09T18:02:49.183486Z","level":"warning","event":"The `airflow.operators.bash.BashOperator` attribute is deprecated. Please use `'airflow.providers.standard.operators.bash.BashOperator'`.","category":"DeprecatedImportWarning","filename":"/opt/airflow/dags/get_data_with_airflow.py","lineno":5,"logger":"py.warnings"}
{"timestamp":"2025-10-09T18:03:19.789597Z","level":"info","event":"Filling up the DagBag from /opt/airflow/dags/get_data_with_airflow.py","logger":"airflow.models.dagbag.DagBag","filename":"dagbag.py","lineno":593}
{"timestamp":"2025-10-09T18:03:20.192763Z","level":"warning","event":"The `airflow.operators.python.PythonOperator` attribute is deprecated. Please use `'airflow.providers.standard.operators.python.PythonOperator'`.","category":"DeprecatedImportWarning","filename":"/opt/airflow/dags/get_data_with_airflow.py","lineno":4,"logger":"py.warnings"}
{"timestamp":"2025-10-09T18:03:20.193646Z","level":"warning","event":"The `airflow.operators.bash.BashOperator` attribute is deprecated. Please use `'airflow.providers.standard.operators.bash.BashOperator'`.","category":"DeprecatedImportWarning","filename":"/opt/airflow/dags/get_data_with_airflow.py","lineno":5,"logger":"py.warnings"}
{"timestamp":"2025-10-09T18:03:50.730408Z","level":"info","event":"Filling up the DagBag from /opt/airflow/dags/get_data_with_airflow.py","logger":"airflow.models.dagbag.DagBag","filename":"dagbag.py","lineno":593}
{"timestamp":"2025-10-09T18:03:51.108186Z","level":"warning","event":"The `airflow.operators.python.PythonOperator` attribute is deprecated. Please use `'airflow.providers.standard.operators.python.PythonOperator'`.","category":"DeprecatedImportWarning","filename":"/opt/airflow/dags/get_data_with_airflow.py","lineno":4,"logger":"py.warnings"}
{"timestamp":"2025-10-09T18:03:51.108444Z","level":"warning","event":"The `airflow.operators.bash.BashOperator` attribute is deprecated. Please use `'airflow.providers.standard.operators.bash.BashOperator'`.","category":"DeprecatedImportWarning","filename":"/opt/airflow/dags/get_data_with_airflow.py","lineno":5,"logger":"py.warnings"}
{"timestamp":"2025-10-09T18:04:21.642853Z","level":"info","event":"Filling up the DagBag from /opt/airflow/dags/get_data_with_airflow.py","logger":"airflow.models.dagbag.DagBag","filename":"dagbag.py","lineno":593}
{"timestamp":"2025-10-09T18:04:22.000695Z","level":"warning","event":"The `airflow.operators.python.PythonOperator` attribute is deprecated. Please use `'airflow.providers.standard.operators.python.PythonOperator'`.","category":"DeprecatedImportWarning","filename":"/opt/airflow/dags/get_data_with_airflow.py","lineno":4,"logger":"py.warnings"}
{"timestamp":"2025-10-09T18:04:22.001021Z","level":"warning","event":"The `airflow.operators.bash.BashOperator` attribute is deprecated. Please use `'airflow.providers.standard.operators.bash.BashOperator'`.","category":"DeprecatedImportWarning","filename":"/opt/airflow/dags/get_data_with_airflow.py","lineno":5,"logger":"py.warnings"}
{"timestamp":"2025-10-09T18:04:52.549433Z","level":"info","event":"Filling up the DagBag from /opt/airflow/dags/get_data_with_airflow.py","logger":"airflow.models.dagbag.DagBag","filename":"dagbag.py","lineno":593}
{"timestamp":"2025-10-09T18:04:52.889395Z","level":"warning","event":"The `airflow.operators.python.PythonOperator` attribute is deprecated. Please use `'airflow.providers.standard.operators.python.PythonOperator'`.","category":"DeprecatedImportWarning","filename":"/opt/airflow/dags/get_data_with_airflow.py","lineno":4,"logger":"py.warnings"}
{"timestamp":"2025-10-09T18:04:52.890147Z","level":"warning","event":"The `airflow.operators.bash.BashOperator` attribute is deprecated. Please use `'airflow.providers.standard.operators.bash.BashOperator'`.","category":"DeprecatedImportWarning","filename":"/opt/airflow/dags/get_data_with_airflow.py","lineno":5,"logger":"py.warnings"}
{"timestamp":"2025-10-09T18:05:23.461287Z","level":"info","event":"Filling up the DagBag from /opt/airflow/dags/get_data_with_airflow.py","logger":"airflow.models.dagbag.DagBag","filename":"dagbag.py","lineno":593}
{"timestamp":"2025-10-09T18:05:23.816841Z","level":"warning","event":"The `airflow.operators.python.PythonOperator` attribute is deprecated. Please use `'airflow.providers.standard.operators.python.PythonOperator'`.","category":"DeprecatedImportWarning","filename":"/opt/airflow/dags/get_data_with_airflow.py","lineno":4,"logger":"py.warnings"}
{"timestamp":"2025-10-09T18:05:23.816981Z","level":"warning","event":"The `airflow.operators.bash.BashOperator` attribute is deprecated. Please use `'airflow.providers.standard.operators.bash.BashOperator'`.","category":"DeprecatedImportWarning","filename":"/opt/airflow/dags/get_data_with_airflow.py","lineno":5,"logger":"py.warnings"}
{"timestamp":"2025-10-09T18:05:54.420050Z","level":"info","event":"Filling up the DagBag from /opt/airflow/dags/get_data_with_airflow.py","logger":"airflow.models.dagbag.DagBag","filename":"dagbag.py","lineno":593}
{"timestamp":"2025-10-09T18:05:54.864583Z","level":"warning","event":"The `airflow.operators.python.PythonOperator` attribute is deprecated. Please use `'airflow.providers.standard.operators.python.PythonOperator'`.","category":"DeprecatedImportWarning","filename":"/opt/airflow/dags/get_data_with_airflow.py","lineno":4,"logger":"py.warnings"}
{"timestamp":"2025-10-09T18:05:54.864693Z","level":"warning","event":"The `airflow.operators.bash.BashOperator` attribute is deprecated. Please use `'airflow.providers.standard.operators.bash.BashOperator'`.","category":"DeprecatedImportWarning","filename":"/opt/airflow/dags/get_data_with_airflow.py","lineno":5,"logger":"py.warnings"}
{"timestamp":"2025-10-09T18:06:25.382104Z","level":"info","event":"Filling up the DagBag from /opt/airflow/dags/get_data_with_airflow.py","logger":"airflow.models.dagbag.DagBag","filename":"dagbag.py","lineno":593}
{"timestamp":"2025-10-09T18:06:25.791663Z","level":"warning","event":"The `airflow.operators.python.PythonOperator` attribute is deprecated. Please use `'airflow.providers.standard.operators.python.PythonOperator'`.","category":"DeprecatedImportWarning","filename":"/opt/airflow/dags/get_data_with_airflow.py","lineno":4,"logger":"py.warnings"}
{"timestamp":"2025-10-09T18:06:25.791738Z","level":"warning","event":"The `airflow.operators.bash.BashOperator` attribute is deprecated. Please use `'airflow.providers.standard.operators.bash.BashOperator'`.","category":"DeprecatedImportWarning","filename":"/opt/airflow/dags/get_data_with_airflow.py","lineno":5,"logger":"py.warnings"}
{"timestamp":"2025-10-09T18:06:56.312334Z","level":"info","event":"Filling up the DagBag from /opt/airflow/dags/get_data_with_airflow.py","logger":"airflow.models.dagbag.DagBag","filename":"dagbag.py","lineno":593}
{"timestamp":"2025-10-09T18:06:56.604886Z","level":"warning","event":"The `airflow.operators.python.PythonOperator` attribute is deprecated. Please use `'airflow.providers.standard.operators.python.PythonOperator'`.","category":"DeprecatedImportWarning","filename":"/opt/airflow/dags/get_data_with_airflow.py","lineno":4,"logger":"py.warnings"}
{"timestamp":"2025-10-09T18:06:56.605136Z","level":"warning","event":"The `airflow.operators.bash.BashOperator` attribute is deprecated. Please use `'airflow.providers.standard.operators.bash.BashOperator'`.","category":"DeprecatedImportWarning","filename":"/opt/airflow/dags/get_data_with_airflow.py","lineno":5,"logger":"py.warnings"}
{"timestamp":"2025-10-09T18:07:27.152888Z","level":"info","event":"Filling up the DagBag from /opt/airflow/dags/get_data_with_airflow.py","logger":"airflow.models.dagbag.DagBag","filename":"dagbag.py","lineno":593}
{"timestamp":"2025-10-09T18:07:27.466258Z","level":"warning","event":"The `airflow.operators.python.PythonOperator` attribute is deprecated. Please use `'airflow.providers.standard.operators.python.PythonOperator'`.","category":"DeprecatedImportWarning","filename":"/opt/airflow/dags/get_data_with_airflow.py","lineno":4,"logger":"py.warnings"}
{"timestamp":"2025-10-09T18:07:27.466333Z","level":"warning","event":"The `airflow.operators.bash.BashOperator` attribute is deprecated. Please use `'airflow.providers.standard.operators.bash.BashOperator'`.","category":"DeprecatedImportWarning","filename":"/opt/airflow/dags/get_data_with_airflow.py","lineno":5,"logger":"py.warnings"}
{"timestamp":"2025-10-09T18:07:58.028072Z","level":"info","event":"Filling up the DagBag from /opt/airflow/dags/get_data_with_airflow.py","logger":"airflow.models.dagbag.DagBag","filename":"dagbag.py","lineno":593}
{"timestamp":"2025-10-09T18:07:58.328841Z","level":"warning","event":"The `airflow.operators.python.PythonOperator` attribute is deprecated. Please use `'airflow.providers.standard.operators.python.PythonOperator'`.","category":"DeprecatedImportWarning","filename":"/opt/airflow/dags/get_data_with_airflow.py","lineno":4,"logger":"py.warnings"}
{"timestamp":"2025-10-09T18:07:58.328914Z","level":"warning","event":"The `airflow.operators.bash.BashOperator` attribute is deprecated. Please use `'airflow.providers.standard.operators.bash.BashOperator'`.","category":"DeprecatedImportWarning","filename":"/opt/airflow/dags/get_data_with_airflow.py","lineno":5,"logger":"py.warnings"}
{"timestamp":"2025-10-09T18:08:28.924850Z","level":"info","event":"Filling up the DagBag from /opt/airflow/dags/get_data_with_airflow.py","logger":"airflow.models.dagbag.DagBag","filename":"dagbag.py","lineno":593}
{"timestamp":"2025-10-09T18:08:29.188628Z","level":"warning","event":"The `airflow.operators.python.PythonOperator` attribute is deprecated. Please use `'airflow.providers.standard.operators.python.PythonOperator'`.","category":"DeprecatedImportWarning","filename":"/opt/airflow/dags/get_data_with_airflow.py","lineno":4,"logger":"py.warnings"}
{"timestamp":"2025-10-09T18:08:29.189134Z","level":"warning","event":"The `airflow.operators.bash.BashOperator` attribute is deprecated. Please use `'airflow.providers.standard.operators.bash.BashOperator'`.","category":"DeprecatedImportWarning","filename":"/opt/airflow/dags/get_data_with_airflow.py","lineno":5,"logger":"py.warnings"}
{"timestamp":"2025-10-09T18:08:59.738790Z","level":"info","event":"Filling up the DagBag from /opt/airflow/dags/get_data_with_airflow.py","logger":"airflow.models.dagbag.DagBag","filename":"dagbag.py","lineno":593}
{"timestamp":"2025-10-09T18:09:00.054126Z","level":"warning","event":"The `airflow.operators.python.PythonOperator` attribute is deprecated. Please use `'airflow.providers.standard.operators.python.PythonOperator'`.","category":"DeprecatedImportWarning","filename":"/opt/airflow/dags/get_data_with_airflow.py","lineno":4,"logger":"py.warnings"}
{"timestamp":"2025-10-09T18:09:00.054335Z","level":"warning","event":"The `airflow.operators.bash.BashOperator` attribute is deprecated. Please use `'airflow.providers.standard.operators.bash.BashOperator'`.","category":"DeprecatedImportWarning","filename":"/opt/airflow/dags/get_data_with_airflow.py","lineno":5,"logger":"py.warnings"}
{"timestamp":"2025-10-09T18:09:30.542899Z","level":"info","event":"Filling up the DagBag from /opt/airflow/dags/get_data_with_airflow.py","logger":"airflow.models.dagbag.DagBag","filename":"dagbag.py","lineno":593}
{"timestamp":"2025-10-09T18:09:30.852908Z","level":"warning","event":"The `airflow.operators.python.PythonOperator` attribute is deprecated. Please use `'airflow.providers.standard.operators.python.PythonOperator'`.","category":"DeprecatedImportWarning","filename":"/opt/airflow/dags/get_data_with_airflow.py","lineno":4,"logger":"py.warnings"}
{"timestamp":"2025-10-09T18:09:30.852989Z","level":"warning","event":"The `airflow.operators.bash.BashOperator` attribute is deprecated. Please use `'airflow.providers.standard.operators.bash.BashOperator'`.","category":"DeprecatedImportWarning","filename":"/opt/airflow/dags/get_data_with_airflow.py","lineno":5,"logger":"py.warnings"}
{"timestamp":"2025-10-09T18:10:01.361654Z","level":"info","event":"Filling up the DagBag from /opt/airflow/dags/get_data_with_airflow.py","logger":"airflow.models.dagbag.DagBag","filename":"dagbag.py","lineno":593}
{"timestamp":"2025-10-09T18:10:01.665335Z","level":"warning","event":"The `airflow.operators.python.PythonOperator` attribute is deprecated. Please use `'airflow.providers.standard.operators.python.PythonOperator'`.","category":"DeprecatedImportWarning","filename":"/opt/airflow/dags/get_data_with_airflow.py","lineno":4,"logger":"py.warnings"}
{"timestamp":"2025-10-09T18:10:01.665405Z","level":"warning","event":"The `airflow.operators.bash.BashOperator` attribute is deprecated. Please use `'airflow.providers.standard.operators.bash.BashOperator'`.","category":"DeprecatedImportWarning","filename":"/opt/airflow/dags/get_data_with_airflow.py","lineno":5,"logger":"py.warnings"}
{"timestamp":"2025-10-09T18:10:32.181375Z","level":"info","event":"Filling up the DagBag from /opt/airflow/dags/get_data_with_airflow.py","logger":"airflow.models.dagbag.DagBag","filename":"dagbag.py","lineno":593}
{"timestamp":"2025-10-09T18:10:32.694993Z","level":"warning","event":"The `airflow.operators.python.PythonOperator` attribute is deprecated. Please use `'airflow.providers.standard.operators.python.PythonOperator'`.","category":"DeprecatedImportWarning","filename":"/opt/airflow/dags/get_data_with_airflow.py","lineno":4,"logger":"py.warnings"}
{"timestamp":"2025-10-09T18:10:32.695322Z","level":"warning","event":"The `airflow.operators.bash.BashOperator` attribute is deprecated. Please use `'airflow.providers.standard.operators.bash.BashOperator'`.","category":"DeprecatedImportWarning","filename":"/opt/airflow/dags/get_data_with_airflow.py","lineno":5,"logger":"py.warnings"}
{"timestamp":"2025-10-09T18:11:03.210424Z","level":"info","event":"Filling up the DagBag from /opt/airflow/dags/get_data_with_airflow.py","logger":"airflow.models.dagbag.DagBag","filename":"dagbag.py","lineno":593}
{"timestamp":"2025-10-09T18:11:03.595814Z","level":"warning","event":"The `airflow.operators.python.PythonOperator` attribute is deprecated. Please use `'airflow.providers.standard.operators.python.PythonOperator'`.","category":"DeprecatedImportWarning","filename":"/opt/airflow/dags/get_data_with_airflow.py","lineno":4,"logger":"py.warnings"}
{"timestamp":"2025-10-09T18:11:03.595913Z","level":"warning","event":"The `airflow.operators.bash.BashOperator` attribute is deprecated. Please use `'airflow.providers.standard.operators.bash.BashOperator'`.","category":"DeprecatedImportWarning","filename":"/opt/airflow/dags/get_data_with_airflow.py","lineno":5,"logger":"py.warnings"}
{"timestamp":"2025-10-09T18:11:34.039064Z","level":"info","event":"Filling up the DagBag from /opt/airflow/dags/get_data_with_airflow.py","logger":"airflow.models.dagbag.DagBag","filename":"dagbag.py","lineno":593}
{"timestamp":"2025-10-09T18:11:34.313743Z","level":"warning","event":"The `airflow.operators.python.PythonOperator` attribute is deprecated. Please use `'airflow.providers.standard.operators.python.PythonOperator'`.","category":"DeprecatedImportWarning","filename":"/opt/airflow/dags/get_data_with_airflow.py","lineno":4,"logger":"py.warnings"}
{"timestamp":"2025-10-09T18:11:34.314079Z","level":"warning","event":"The `airflow.operators.bash.BashOperator` attribute is deprecated. Please use `'airflow.providers.standard.operators.bash.BashOperator'`.","category":"DeprecatedImportWarning","filename":"/opt/airflow/dags/get_data_with_airflow.py","lineno":5,"logger":"py.warnings"}
{"timestamp":"2025-10-09T18:12:04.848210Z","level":"info","event":"Filling up the DagBag from /opt/airflow/dags/get_data_with_airflow.py","logger":"airflow.models.dagbag.DagBag","filename":"dagbag.py","lineno":593}
{"timestamp":"2025-10-09T18:12:05.120373Z","level":"warning","event":"The `airflow.operators.python.PythonOperator` attribute is deprecated. Please use `'airflow.providers.standard.operators.python.PythonOperator'`.","category":"DeprecatedImportWarning","filename":"/opt/airflow/dags/get_data_with_airflow.py","lineno":4,"logger":"py.warnings"}
{"timestamp":"2025-10-09T18:12:05.120447Z","level":"warning","event":"The `airflow.operators.bash.BashOperator` attribute is deprecated. Please use `'airflow.providers.standard.operators.bash.BashOperator'`.","category":"DeprecatedImportWarning","filename":"/opt/airflow/dags/get_data_with_airflow.py","lineno":5,"logger":"py.warnings"}
{"timestamp":"2025-10-09T18:12:35.673970Z","level":"info","event":"Filling up the DagBag from /opt/airflow/dags/get_data_with_airflow.py","logger":"airflow.models.dagbag.DagBag","filename":"dagbag.py","lineno":593}
{"timestamp":"2025-10-09T18:12:35.942318Z","level":"warning","event":"The `airflow.operators.python.PythonOperator` attribute is deprecated. Please use `'airflow.providers.standard.operators.python.PythonOperator'`.","category":"DeprecatedImportWarning","filename":"/opt/airflow/dags/get_data_with_airflow.py","lineno":4,"logger":"py.warnings"}
{"timestamp":"2025-10-09T18:12:35.943124Z","level":"warning","event":"The `airflow.operators.bash.BashOperator` attribute is deprecated. Please use `'airflow.providers.standard.operators.bash.BashOperator'`.","category":"DeprecatedImportWarning","filename":"/opt/airflow/dags/get_data_with_airflow.py","lineno":5,"logger":"py.warnings"}
{"timestamp":"2025-10-09T18:13:06.450974Z","level":"info","event":"Filling up the DagBag from /opt/airflow/dags/get_data_with_airflow.py","logger":"airflow.models.dagbag.DagBag","filename":"dagbag.py","lineno":593}
{"timestamp":"2025-10-09T18:13:06.746701Z","level":"warning","event":"The `airflow.operators.python.PythonOperator` attribute is deprecated. Please use `'airflow.providers.standard.operators.python.PythonOperator'`.","category":"DeprecatedImportWarning","filename":"/opt/airflow/dags/get_data_with_airflow.py","lineno":4,"logger":"py.warnings"}
{"timestamp":"2025-10-09T18:13:06.747143Z","level":"warning","event":"The `airflow.operators.bash.BashOperator` attribute is deprecated. Please use `'airflow.providers.standard.operators.bash.BashOperator'`.","category":"DeprecatedImportWarning","filename":"/opt/airflow/dags/get_data_with_airflow.py","lineno":5,"logger":"py.warnings"}
{"timestamp":"2025-10-09T18:13:37.252022Z","level":"info","event":"Filling up the DagBag from /opt/airflow/dags/get_data_with_airflow.py","logger":"airflow.models.dagbag.DagBag","filename":"dagbag.py","lineno":593}
{"timestamp":"2025-10-09T18:13:37.587490Z","level":"warning","event":"The `airflow.operators.python.PythonOperator` attribute is deprecated. Please use `'airflow.providers.standard.operators.python.PythonOperator'`.","category":"DeprecatedImportWarning","filename":"/opt/airflow/dags/get_data_with_airflow.py","lineno":4,"logger":"py.warnings"}
{"timestamp":"2025-10-09T18:13:37.588786Z","level":"warning","event":"The `airflow.operators.bash.BashOperator` attribute is deprecated. Please use `'airflow.providers.standard.operators.bash.BashOperator'`.","category":"DeprecatedImportWarning","filename":"/opt/airflow/dags/get_data_with_airflow.py","lineno":5,"logger":"py.warnings"}
{"timestamp":"2025-10-09T18:14:08.151969Z","level":"info","event":"Filling up the DagBag from /opt/airflow/dags/get_data_with_airflow.py","logger":"airflow.models.dagbag.DagBag","filename":"dagbag.py","lineno":593}
{"timestamp":"2025-10-09T18:14:08.447717Z","level":"warning","event":"The `airflow.operators.python.PythonOperator` attribute is deprecated. Please use `'airflow.providers.standard.operators.python.PythonOperator'`.","category":"DeprecatedImportWarning","filename":"/opt/airflow/dags/get_data_with_airflow.py","lineno":4,"logger":"py.warnings"}
{"timestamp":"2025-10-09T18:14:08.448175Z","level":"warning","event":"The `airflow.operators.bash.BashOperator` attribute is deprecated. Please use `'airflow.providers.standard.operators.bash.BashOperator'`.","category":"DeprecatedImportWarning","filename":"/opt/airflow/dags/get_data_with_airflow.py","lineno":5,"logger":"py.warnings"}
{"timestamp":"2025-10-09T18:14:38.940836Z","level":"info","event":"Filling up the DagBag from /opt/airflow/dags/get_data_with_airflow.py","logger":"airflow.models.dagbag.DagBag","filename":"dagbag.py","lineno":593}
{"timestamp":"2025-10-09T18:14:39.239193Z","level":"warning","event":"The `airflow.operators.python.PythonOperator` attribute is deprecated. Please use `'airflow.providers.standard.operators.python.PythonOperator'`.","category":"DeprecatedImportWarning","filename":"/opt/airflow/dags/get_data_with_airflow.py","lineno":4,"logger":"py.warnings"}
{"timestamp":"2025-10-09T18:14:39.239279Z","level":"warning","event":"The `airflow.operators.bash.BashOperator` attribute is deprecated. Please use `'airflow.providers.standard.operators.bash.BashOperator'`.","category":"DeprecatedImportWarning","filename":"/opt/airflow/dags/get_data_with_airflow.py","lineno":5,"logger":"py.warnings"}
{"timestamp":"2025-10-09T18:15:09.747794Z","level":"info","event":"Filling up the DagBag from /opt/airflow/dags/get_data_with_airflow.py","logger":"airflow.models.dagbag.DagBag","filename":"dagbag.py","lineno":593}
{"timestamp":"2025-10-09T18:15:10.094369Z","level":"warning","event":"The `airflow.operators.python.PythonOperator` attribute is deprecated. Please use `'airflow.providers.standard.operators.python.PythonOperator'`.","category":"DeprecatedImportWarning","filename":"/opt/airflow/dags/get_data_with_airflow.py","lineno":4,"logger":"py.warnings"}
{"timestamp":"2025-10-09T18:15:10.094459Z","level":"warning","event":"The `airflow.operators.bash.BashOperator` attribute is deprecated. Please use `'airflow.providers.standard.operators.bash.BashOperator'`.","category":"DeprecatedImportWarning","filename":"/opt/airflow/dags/get_data_with_airflow.py","lineno":5,"logger":"py.warnings"}
{"timestamp":"2025-10-09T18:15:40.658649Z","level":"info","event":"Filling up the DagBag from /opt/airflow/dags/get_data_with_airflow.py","logger":"airflow.models.dagbag.DagBag","filename":"dagbag.py","lineno":593}
{"timestamp":"2025-10-09T18:15:40.943533Z","level":"warning","event":"The `airflow.operators.python.PythonOperator` attribute is deprecated. Please use `'airflow.providers.standard.operators.python.PythonOperator'`.","category":"DeprecatedImportWarning","filename":"/opt/airflow/dags/get_data_with_airflow.py","lineno":4,"logger":"py.warnings"}
{"timestamp":"2025-10-09T18:15:40.943651Z","level":"warning","event":"The `airflow.operators.bash.BashOperator` attribute is deprecated. Please use `'airflow.providers.standard.operators.bash.BashOperator'`.","category":"DeprecatedImportWarning","filename":"/opt/airflow/dags/get_data_with_airflow.py","lineno":5,"logger":"py.warnings"}
{"timestamp":"2025-10-09T18:16:11.430329Z","level":"info","event":"Filling up the DagBag from /opt/airflow/dags/get_data_with_airflow.py","logger":"airflow.models.dagbag.DagBag","filename":"dagbag.py","lineno":593}
{"timestamp":"2025-10-09T18:16:11.769985Z","level":"warning","event":"The `airflow.operators.python.PythonOperator` attribute is deprecated. Please use `'airflow.providers.standard.operators.python.PythonOperator'`.","category":"DeprecatedImportWarning","filename":"/opt/airflow/dags/get_data_with_airflow.py","lineno":4,"logger":"py.warnings"}
{"timestamp":"2025-10-09T18:16:11.770687Z","level":"warning","event":"The `airflow.operators.bash.BashOperator` attribute is deprecated. Please use `'airflow.providers.standard.operators.bash.BashOperator'`.","category":"DeprecatedImportWarning","filename":"/opt/airflow/dags/get_data_with_airflow.py","lineno":5,"logger":"py.warnings"}
{"timestamp":"2025-10-09T18:16:42.331883Z","level":"info","event":"Filling up the DagBag from /opt/airflow/dags/get_data_with_airflow.py","logger":"airflow.models.dagbag.DagBag","filename":"dagbag.py","lineno":593}
{"timestamp":"2025-10-09T18:16:42.949396Z","level":"warning","event":"The `airflow.operators.python.PythonOperator` attribute is deprecated. Please use `'airflow.providers.standard.operators.python.PythonOperator'`.","category":"DeprecatedImportWarning","filename":"/opt/airflow/dags/get_data_with_airflow.py","lineno":4,"logger":"py.warnings"}
{"timestamp":"2025-10-09T18:16:42.949541Z","level":"warning","event":"The `airflow.operators.bash.BashOperator` attribute is deprecated. Please use `'airflow.providers.standard.operators.bash.BashOperator'`.","category":"DeprecatedImportWarning","filename":"/opt/airflow/dags/get_data_with_airflow.py","lineno":5,"logger":"py.warnings"}
{"timestamp":"2025-10-09T18:17:13.499752Z","level":"info","event":"Filling up the DagBag from /opt/airflow/dags/get_data_with_airflow.py","logger":"airflow.models.dagbag.DagBag","filename":"dagbag.py","lineno":593}
{"timestamp":"2025-10-09T18:17:13.806503Z","level":"warning","event":"The `airflow.operators.python.PythonOperator` attribute is deprecated. Please use `'airflow.providers.standard.operators.python.PythonOperator'`.","category":"DeprecatedImportWarning","filename":"/opt/airflow/dags/get_data_with_airflow.py","lineno":4,"logger":"py.warnings"}
{"timestamp":"2025-10-09T18:17:13.806594Z","level":"warning","event":"The `airflow.operators.bash.BashOperator` attribute is deprecated. Please use `'airflow.providers.standard.operators.bash.BashOperator'`.","category":"DeprecatedImportWarning","filename":"/opt/airflow/dags/get_data_with_airflow.py","lineno":5,"logger":"py.warnings"}
{"timestamp":"2025-10-09T18:17:44.389682Z","level":"info","event":"Filling up the DagBag from /opt/airflow/dags/get_data_with_airflow.py","logger":"airflow.models.dagbag.DagBag","filename":"dagbag.py","lineno":593}
{"timestamp":"2025-10-09T18:17:44.690605Z","level":"warning","event":"The `airflow.operators.python.PythonOperator` attribute is deprecated. Please use `'airflow.providers.standard.operators.python.PythonOperator'`.","category":"DeprecatedImportWarning","filename":"/opt/airflow/dags/get_data_with_airflow.py","lineno":4,"logger":"py.warnings"}
{"timestamp":"2025-10-09T18:17:44.690688Z","level":"warning","event":"The `airflow.operators.bash.BashOperator` attribute is deprecated. Please use `'airflow.providers.standard.operators.bash.BashOperator'`.","category":"DeprecatedImportWarning","filename":"/opt/airflow/dags/get_data_with_airflow.py","lineno":5,"logger":"py.warnings"}
{"timestamp":"2025-10-09T18:18:15.186265Z","level":"info","event":"Filling up the DagBag from /opt/airflow/dags/get_data_with_airflow.py","logger":"airflow.models.dagbag.DagBag","filename":"dagbag.py","lineno":593}
{"timestamp":"2025-10-09T18:18:15.459450Z","level":"warning","event":"The `airflow.operators.python.PythonOperator` attribute is deprecated. Please use `'airflow.providers.standard.operators.python.PythonOperator'`.","category":"DeprecatedImportWarning","filename":"/opt/airflow/dags/get_data_with_airflow.py","lineno":4,"logger":"py.warnings"}
{"timestamp":"2025-10-09T18:18:15.459839Z","level":"warning","event":"The `airflow.operators.bash.BashOperator` attribute is deprecated. Please use `'airflow.providers.standard.operators.bash.BashOperator'`.","category":"DeprecatedImportWarning","filename":"/opt/airflow/dags/get_data_with_airflow.py","lineno":5,"logger":"py.warnings"}
{"timestamp":"2025-10-09T18:18:45.964581Z","level":"info","event":"Filling up the DagBag from /opt/airflow/dags/get_data_with_airflow.py","logger":"airflow.models.dagbag.DagBag","filename":"dagbag.py","lineno":593}
{"timestamp":"2025-10-09T18:18:46.321528Z","level":"warning","event":"The `airflow.operators.python.PythonOperator` attribute is deprecated. Please use `'airflow.providers.standard.operators.python.PythonOperator'`.","category":"DeprecatedImportWarning","filename":"/opt/airflow/dags/get_data_with_airflow.py","lineno":4,"logger":"py.warnings"}
{"timestamp":"2025-10-09T18:18:46.321813Z","level":"warning","event":"The `airflow.operators.bash.BashOperator` attribute is deprecated. Please use `'airflow.providers.standard.operators.bash.BashOperator'`.","category":"DeprecatedImportWarning","filename":"/opt/airflow/dags/get_data_with_airflow.py","lineno":5,"logger":"py.warnings"}
{"timestamp":"2025-10-09T18:19:16.881144Z","level":"info","event":"Filling up the DagBag from /opt/airflow/dags/get_data_with_airflow.py","logger":"airflow.models.dagbag.DagBag","filename":"dagbag.py","lineno":593}
{"timestamp":"2025-10-09T18:19:17.136797Z","level":"warning","event":"The `airflow.operators.python.PythonOperator` attribute is deprecated. Please use `'airflow.providers.standard.operators.python.PythonOperator'`.","category":"DeprecatedImportWarning","filename":"/opt/airflow/dags/get_data_with_airflow.py","lineno":4,"logger":"py.warnings"}
{"timestamp":"2025-10-09T18:19:17.136868Z","level":"warning","event":"The `airflow.operators.bash.BashOperator` attribute is deprecated. Please use `'airflow.providers.standard.operators.bash.BashOperator'`.","category":"DeprecatedImportWarning","filename":"/opt/airflow/dags/get_data_with_airflow.py","lineno":5,"logger":"py.warnings"}
{"timestamp":"2025-10-09T18:19:47.646073Z","level":"info","event":"Filling up the DagBag from /opt/airflow/dags/get_data_with_airflow.py","logger":"airflow.models.dagbag.DagBag","filename":"dagbag.py","lineno":593}
{"timestamp":"2025-10-09T18:19:47.920515Z","level":"warning","event":"The `airflow.operators.python.PythonOperator` attribute is deprecated. Please use `'airflow.providers.standard.operators.python.PythonOperator'`.","category":"DeprecatedImportWarning","filename":"/opt/airflow/dags/get_data_with_airflow.py","lineno":4,"logger":"py.warnings"}
{"timestamp":"2025-10-09T18:19:47.920902Z","level":"warning","event":"The `airflow.operators.bash.BashOperator` attribute is deprecated. Please use `'airflow.providers.standard.operators.bash.BashOperator'`.","category":"DeprecatedImportWarning","filename":"/opt/airflow/dags/get_data_with_airflow.py","lineno":5,"logger":"py.warnings"}
{"timestamp":"2025-10-09T18:20:18.449647Z","level":"info","event":"Filling up the DagBag from /opt/airflow/dags/get_data_with_airflow.py","logger":"airflow.models.dagbag.DagBag","filename":"dagbag.py","lineno":593}
{"timestamp":"2025-10-09T18:20:18.808652Z","level":"warning","event":"The `airflow.operators.python.PythonOperator` attribute is deprecated. Please use `'airflow.providers.standard.operators.python.PythonOperator'`.","category":"DeprecatedImportWarning","filename":"/opt/airflow/dags/get_data_with_airflow.py","lineno":4,"logger":"py.warnings"}
{"timestamp":"2025-10-09T18:20:18.808756Z","level":"warning","event":"The `airflow.operators.bash.BashOperator` attribute is deprecated. Please use `'airflow.providers.standard.operators.bash.BashOperator'`.","category":"DeprecatedImportWarning","filename":"/opt/airflow/dags/get_data_with_airflow.py","lineno":5,"logger":"py.warnings"}
{"timestamp":"2025-10-09T18:20:49.313957Z","level":"info","event":"Filling up the DagBag from /opt/airflow/dags/get_data_with_airflow.py","logger":"airflow.models.dagbag.DagBag","filename":"dagbag.py","lineno":593}
{"timestamp":"2025-10-09T18:20:49.783722Z","level":"warning","event":"The `airflow.operators.python.PythonOperator` attribute is deprecated. Please use `'airflow.providers.standard.operators.python.PythonOperator'`.","category":"DeprecatedImportWarning","filename":"/opt/airflow/dags/get_data_with_airflow.py","lineno":4,"logger":"py.warnings"}
{"timestamp":"2025-10-09T18:20:49.783821Z","level":"warning","event":"The `airflow.operators.bash.BashOperator` attribute is deprecated. Please use `'airflow.providers.standard.operators.bash.BashOperator'`.","category":"DeprecatedImportWarning","filename":"/opt/airflow/dags/get_data_with_airflow.py","lineno":5,"logger":"py.warnings"}
{"timestamp":"2025-10-09T18:21:20.246938Z","level":"info","event":"Filling up the DagBag from /opt/airflow/dags/get_data_with_airflow.py","logger":"airflow.models.dagbag.DagBag","filename":"dagbag.py","lineno":593}
{"timestamp":"2025-10-09T18:21:20.636340Z","level":"warning","event":"The `airflow.operators.python.PythonOperator` attribute is deprecated. Please use `'airflow.providers.standard.operators.python.PythonOperator'`.","category":"DeprecatedImportWarning","filename":"/opt/airflow/dags/get_data_with_airflow.py","lineno":4,"logger":"py.warnings"}
{"timestamp":"2025-10-09T18:21:20.636775Z","level":"warning","event":"The `airflow.operators.bash.BashOperator` attribute is deprecated. Please use `'airflow.providers.standard.operators.bash.BashOperator'`.","category":"DeprecatedImportWarning","filename":"/opt/airflow/dags/get_data_with_airflow.py","lineno":5,"logger":"py.warnings"}
{"timestamp":"2025-10-09T18:21:51.231315Z","level":"info","event":"Filling up the DagBag from /opt/airflow/dags/get_data_with_airflow.py","logger":"airflow.models.dagbag.DagBag","filename":"dagbag.py","lineno":593}
{"timestamp":"2025-10-09T18:21:51.594640Z","level":"warning","event":"The `airflow.operators.python.PythonOperator` attribute is deprecated. Please use `'airflow.providers.standard.operators.python.PythonOperator'`.","category":"DeprecatedImportWarning","filename":"/opt/airflow/dags/get_data_with_airflow.py","lineno":4,"logger":"py.warnings"}
{"timestamp":"2025-10-09T18:21:51.594729Z","level":"warning","event":"The `airflow.operators.bash.BashOperator` attribute is deprecated. Please use `'airflow.providers.standard.operators.bash.BashOperator'`.","category":"DeprecatedImportWarning","filename":"/opt/airflow/dags/get_data_with_airflow.py","lineno":5,"logger":"py.warnings"}
{"timestamp":"2025-10-09T18:22:22.116645Z","level":"info","event":"Filling up the DagBag from /opt/airflow/dags/get_data_with_airflow.py","logger":"airflow.models.dagbag.DagBag","filename":"dagbag.py","lineno":593}
{"timestamp":"2025-10-09T18:22:22.475468Z","level":"warning","event":"The `airflow.operators.python.PythonOperator` attribute is deprecated. Please use `'airflow.providers.standard.operators.python.PythonOperator'`.","category":"DeprecatedImportWarning","filename":"/opt/airflow/dags/get_data_with_airflow.py","lineno":4,"logger":"py.warnings"}
{"timestamp":"2025-10-09T18:22:22.476477Z","level":"warning","event":"The `airflow.operators.bash.BashOperator` attribute is deprecated. Please use `'airflow.providers.standard.operators.bash.BashOperator'`.","category":"DeprecatedImportWarning","filename":"/opt/airflow/dags/get_data_with_airflow.py","lineno":5,"logger":"py.warnings"}
{"timestamp":"2025-10-09T18:22:53.012844Z","level":"info","event":"Filling up the DagBag from /opt/airflow/dags/get_data_with_airflow.py","logger":"airflow.models.dagbag.DagBag","filename":"dagbag.py","lineno":593}
{"timestamp":"2025-10-09T18:22:53.579761Z","level":"warning","event":"The `airflow.operators.python.PythonOperator` attribute is deprecated. Please use `'airflow.providers.standard.operators.python.PythonOperator'`.","category":"DeprecatedImportWarning","filename":"/opt/airflow/dags/get_data_with_airflow.py","lineno":4,"logger":"py.warnings"}
{"timestamp":"2025-10-09T18:22:53.581069Z","level":"warning","event":"The `airflow.operators.bash.BashOperator` attribute is deprecated. Please use `'airflow.providers.standard.operators.bash.BashOperator'`.","category":"DeprecatedImportWarning","filename":"/opt/airflow/dags/get_data_with_airflow.py","lineno":5,"logger":"py.warnings"}
{"timestamp":"2025-10-09T18:23:24.081034Z","level":"info","event":"Filling up the DagBag from /opt/airflow/dags/get_data_with_airflow.py","logger":"airflow.models.dagbag.DagBag","filename":"dagbag.py","lineno":593}
{"timestamp":"2025-10-09T18:23:24.405545Z","level":"warning","event":"The `airflow.operators.python.PythonOperator` attribute is deprecated. Please use `'airflow.providers.standard.operators.python.PythonOperator'`.","category":"DeprecatedImportWarning","filename":"/opt/airflow/dags/get_data_with_airflow.py","lineno":4,"logger":"py.warnings"}
{"timestamp":"2025-10-09T18:23:24.405798Z","level":"warning","event":"The `airflow.operators.bash.BashOperator` attribute is deprecated. Please use `'airflow.providers.standard.operators.bash.BashOperator'`.","category":"DeprecatedImportWarning","filename":"/opt/airflow/dags/get_data_with_airflow.py","lineno":5,"logger":"py.warnings"}
{"timestamp":"2025-10-09T18:23:54.938008Z","level":"info","event":"Filling up the DagBag from /opt/airflow/dags/get_data_with_airflow.py","logger":"airflow.models.dagbag.DagBag","filename":"dagbag.py","lineno":593}
{"timestamp":"2025-10-09T18:23:55.248721Z","level":"warning","event":"The `airflow.operators.python.PythonOperator` attribute is deprecated. Please use `'airflow.providers.standard.operators.python.PythonOperator'`.","category":"DeprecatedImportWarning","filename":"/opt/airflow/dags/get_data_with_airflow.py","lineno":4,"logger":"py.warnings"}
{"timestamp":"2025-10-09T18:23:55.249202Z","level":"warning","event":"The `airflow.operators.bash.BashOperator` attribute is deprecated. Please use `'airflow.providers.standard.operators.bash.BashOperator'`.","category":"DeprecatedImportWarning","filename":"/opt/airflow/dags/get_data_with_airflow.py","lineno":5,"logger":"py.warnings"}
{"timestamp":"2025-10-09T18:24:25.798454Z","level":"info","event":"Filling up the DagBag from /opt/airflow/dags/get_data_with_airflow.py","logger":"airflow.models.dagbag.DagBag","filename":"dagbag.py","lineno":593}
{"timestamp":"2025-10-09T18:24:26.074034Z","level":"warning","event":"The `airflow.operators.python.PythonOperator` attribute is deprecated. Please use `'airflow.providers.standard.operators.python.PythonOperator'`.","category":"DeprecatedImportWarning","filename":"/opt/airflow/dags/get_data_with_airflow.py","lineno":4,"logger":"py.warnings"}
{"timestamp":"2025-10-09T18:24:26.074125Z","level":"warning","event":"The `airflow.operators.bash.BashOperator` attribute is deprecated. Please use `'airflow.providers.standard.operators.bash.BashOperator'`.","category":"DeprecatedImportWarning","filename":"/opt/airflow/dags/get_data_with_airflow.py","lineno":5,"logger":"py.warnings"}
{"timestamp":"2025-10-09T18:24:56.481950Z","level":"info","event":"Filling up the DagBag from /opt/airflow/dags/get_data_with_airflow.py","logger":"airflow.models.dagbag.DagBag","filename":"dagbag.py","lineno":593}
{"timestamp":"2025-10-09T18:24:56.768218Z","level":"warning","event":"The `airflow.operators.python.PythonOperator` attribute is deprecated. Please use `'airflow.providers.standard.operators.python.PythonOperator'`.","category":"DeprecatedImportWarning","filename":"/opt/airflow/dags/get_data_with_airflow.py","lineno":4,"logger":"py.warnings"}
{"timestamp":"2025-10-09T18:24:56.768310Z","level":"warning","event":"The `airflow.operators.bash.BashOperator` attribute is deprecated. Please use `'airflow.providers.standard.operators.bash.BashOperator'`.","category":"DeprecatedImportWarning","filename":"/opt/airflow/dags/get_data_with_airflow.py","lineno":5,"logger":"py.warnings"}
{"timestamp":"2025-10-09T18:25:27.239899Z","level":"info","event":"Filling up the DagBag from /opt/airflow/dags/get_data_with_airflow.py","logger":"airflow.models.dagbag.DagBag","filename":"dagbag.py","lineno":593}
{"timestamp":"2025-10-09T18:25:27.629249Z","level":"warning","event":"The `airflow.operators.python.PythonOperator` attribute is deprecated. Please use `'airflow.providers.standard.operators.python.PythonOperator'`.","category":"DeprecatedImportWarning","filename":"/opt/airflow/dags/get_data_with_airflow.py","lineno":4,"logger":"py.warnings"}
{"timestamp":"2025-10-09T18:25:27.629347Z","level":"warning","event":"The `airflow.operators.bash.BashOperator` attribute is deprecated. Please use `'airflow.providers.standard.operators.bash.BashOperator'`.","category":"DeprecatedImportWarning","filename":"/opt/airflow/dags/get_data_with_airflow.py","lineno":5,"logger":"py.warnings"}
{"timestamp":"2025-10-09T18:25:58.173503Z","level":"info","event":"Filling up the DagBag from /opt/airflow/dags/get_data_with_airflow.py","logger":"airflow.models.dagbag.DagBag","filename":"dagbag.py","lineno":593}
{"timestamp":"2025-10-09T18:25:58.471336Z","level":"warning","event":"The `airflow.operators.python.PythonOperator` attribute is deprecated. Please use `'airflow.providers.standard.operators.python.PythonOperator'`.","category":"DeprecatedImportWarning","filename":"/opt/airflow/dags/get_data_with_airflow.py","lineno":4,"logger":"py.warnings"}
{"timestamp":"2025-10-09T18:25:58.471753Z","level":"warning","event":"The `airflow.operators.bash.BashOperator` attribute is deprecated. Please use `'airflow.providers.standard.operators.bash.BashOperator'`.","category":"DeprecatedImportWarning","filename":"/opt/airflow/dags/get_data_with_airflow.py","lineno":5,"logger":"py.warnings"}
{"timestamp":"2025-10-09T18:26:29.044244Z","level":"info","event":"Filling up the DagBag from /opt/airflow/dags/get_data_with_airflow.py","logger":"airflow.models.dagbag.DagBag","filename":"dagbag.py","lineno":593}
{"timestamp":"2025-10-09T18:26:29.310728Z","level":"warning","event":"The `airflow.operators.python.PythonOperator` attribute is deprecated. Please use `'airflow.providers.standard.operators.python.PythonOperator'`.","category":"DeprecatedImportWarning","filename":"/opt/airflow/dags/get_data_with_airflow.py","lineno":4,"logger":"py.warnings"}
{"timestamp":"2025-10-09T18:26:29.310811Z","level":"warning","event":"The `airflow.operators.bash.BashOperator` attribute is deprecated. Please use `'airflow.providers.standard.operators.bash.BashOperator'`.","category":"DeprecatedImportWarning","filename":"/opt/airflow/dags/get_data_with_airflow.py","lineno":5,"logger":"py.warnings"}
{"timestamp":"2025-10-09T18:26:59.800344Z","level":"info","event":"Filling up the DagBag from /opt/airflow/dags/get_data_with_airflow.py","logger":"airflow.models.dagbag.DagBag","filename":"dagbag.py","lineno":593}
{"timestamp":"2025-10-09T18:27:00.070941Z","level":"warning","event":"The `airflow.operators.python.PythonOperator` attribute is deprecated. Please use `'airflow.providers.standard.operators.python.PythonOperator'`.","category":"DeprecatedImportWarning","filename":"/opt/airflow/dags/get_data_with_airflow.py","lineno":4,"logger":"py.warnings"}
{"timestamp":"2025-10-09T18:27:00.071163Z","level":"warning","event":"The `airflow.operators.bash.BashOperator` attribute is deprecated. Please use `'airflow.providers.standard.operators.bash.BashOperator'`.","category":"DeprecatedImportWarning","filename":"/opt/airflow/dags/get_data_with_airflow.py","lineno":5,"logger":"py.warnings"}
{"timestamp":"2025-10-09T18:27:30.502949Z","level":"info","event":"Filling up the DagBag from /opt/airflow/dags/get_data_with_airflow.py","logger":"airflow.models.dagbag.DagBag","filename":"dagbag.py","lineno":593}
{"timestamp":"2025-10-09T18:27:30.785395Z","level":"warning","event":"The `airflow.operators.python.PythonOperator` attribute is deprecated. Please use `'airflow.providers.standard.operators.python.PythonOperator'`.","category":"DeprecatedImportWarning","filename":"/opt/airflow/dags/get_data_with_airflow.py","lineno":4,"logger":"py.warnings"}
{"timestamp":"2025-10-09T18:27:30.785526Z","level":"warning","event":"The `airflow.operators.bash.BashOperator` attribute is deprecated. Please use `'airflow.providers.standard.operators.bash.BashOperator'`.","category":"DeprecatedImportWarning","filename":"/opt/airflow/dags/get_data_with_airflow.py","lineno":5,"logger":"py.warnings"}
{"timestamp":"2025-10-09T18:28:01.326551Z","level":"info","event":"Filling up the DagBag from /opt/airflow/dags/get_data_with_airflow.py","logger":"airflow.models.dagbag.DagBag","filename":"dagbag.py","lineno":593}
{"timestamp":"2025-10-09T18:28:01.605637Z","level":"warning","event":"The `airflow.operators.python.PythonOperator` attribute is deprecated. Please use `'airflow.providers.standard.operators.python.PythonOperator'`.","category":"DeprecatedImportWarning","filename":"/opt/airflow/dags/get_data_with_airflow.py","lineno":4,"logger":"py.warnings"}
{"timestamp":"2025-10-09T18:28:01.605943Z","level":"warning","event":"The `airflow.operators.bash.BashOperator` attribute is deprecated. Please use `'airflow.providers.standard.operators.bash.BashOperator'`.","category":"DeprecatedImportWarning","filename":"/opt/airflow/dags/get_data_with_airflow.py","lineno":5,"logger":"py.warnings"}
{"timestamp":"2025-10-09T18:28:32.129322Z","level":"info","event":"Filling up the DagBag from /opt/airflow/dags/get_data_with_airflow.py","logger":"airflow.models.dagbag.DagBag","filename":"dagbag.py","lineno":593}
{"timestamp":"2025-10-09T18:28:32.508507Z","level":"warning","event":"The `airflow.operators.python.PythonOperator` attribute is deprecated. Please use `'airflow.providers.standard.operators.python.PythonOperator'`.","category":"DeprecatedImportWarning","filename":"/opt/airflow/dags/get_data_with_airflow.py","lineno":4,"logger":"py.warnings"}
{"timestamp":"2025-10-09T18:28:32.508579Z","level":"warning","event":"The `airflow.operators.bash.BashOperator` attribute is deprecated. Please use `'airflow.providers.standard.operators.bash.BashOperator'`.","category":"DeprecatedImportWarning","filename":"/opt/airflow/dags/get_data_with_airflow.py","lineno":5,"logger":"py.warnings"}
{"timestamp":"2025-10-09T18:29:03.154100Z","level":"info","event":"Filling up the DagBag from /opt/airflow/dags/get_data_with_airflow.py","logger":"airflow.models.dagbag.DagBag","filename":"dagbag.py","lineno":593}
{"timestamp":"2025-10-09T18:29:03.633078Z","level":"warning","event":"The `airflow.operators.python.PythonOperator` attribute is deprecated. Please use `'airflow.providers.standard.operators.python.PythonOperator'`.","category":"DeprecatedImportWarning","filename":"/opt/airflow/dags/get_data_with_airflow.py","lineno":4,"logger":"py.warnings"}
{"timestamp":"2025-10-09T18:29:03.633343Z","level":"warning","event":"The `airflow.operators.bash.BashOperator` attribute is deprecated. Please use `'airflow.providers.standard.operators.bash.BashOperator'`.","category":"DeprecatedImportWarning","filename":"/opt/airflow/dags/get_data_with_airflow.py","lineno":5,"logger":"py.warnings"}
{"timestamp":"2025-10-09T18:29:34.175258Z","level":"info","event":"Filling up the DagBag from /opt/airflow/dags/get_data_with_airflow.py","logger":"airflow.models.dagbag.DagBag","filename":"dagbag.py","lineno":593}
{"timestamp":"2025-10-09T18:29:34.473735Z","level":"warning","event":"The `airflow.operators.python.PythonOperator` attribute is deprecated. Please use `'airflow.providers.standard.operators.python.PythonOperator'`.","category":"DeprecatedImportWarning","filename":"/opt/airflow/dags/get_data_with_airflow.py","lineno":4,"logger":"py.warnings"}
{"timestamp":"2025-10-09T18:29:34.473842Z","level":"warning","event":"The `airflow.operators.bash.BashOperator` attribute is deprecated. Please use `'airflow.providers.standard.operators.bash.BashOperator'`.","category":"DeprecatedImportWarning","filename":"/opt/airflow/dags/get_data_with_airflow.py","lineno":5,"logger":"py.warnings"}
{"timestamp":"2025-10-09T18:30:05.038908Z","level":"info","event":"Filling up the DagBag from /opt/airflow/dags/get_data_with_airflow.py","logger":"airflow.models.dagbag.DagBag","filename":"dagbag.py","lineno":593}
{"timestamp":"2025-10-09T18:30:05.352559Z","level":"warning","event":"The `airflow.operators.python.PythonOperator` attribute is deprecated. Please use `'airflow.providers.standard.operators.python.PythonOperator'`.","category":"DeprecatedImportWarning","filename":"/opt/airflow/dags/get_data_with_airflow.py","lineno":4,"logger":"py.warnings"}
{"timestamp":"2025-10-09T18:30:05.352863Z","level":"warning","event":"The `airflow.operators.bash.BashOperator` attribute is deprecated. Please use `'airflow.providers.standard.operators.bash.BashOperator'`.","category":"DeprecatedImportWarning","filename":"/opt/airflow/dags/get_data_with_airflow.py","lineno":5,"logger":"py.warnings"}
{"timestamp":"2025-10-09T18:30:35.895329Z","level":"info","event":"Filling up the DagBag from /opt/airflow/dags/get_data_with_airflow.py","logger":"airflow.models.dagbag.DagBag","filename":"dagbag.py","lineno":593}
{"timestamp":"2025-10-09T18:30:36.201119Z","level":"warning","event":"The `airflow.operators.python.PythonOperator` attribute is deprecated. Please use `'airflow.providers.standard.operators.python.PythonOperator'`.","category":"DeprecatedImportWarning","filename":"/opt/airflow/dags/get_data_with_airflow.py","lineno":4,"logger":"py.warnings"}
{"timestamp":"2025-10-09T18:30:36.201491Z","level":"warning","event":"The `airflow.operators.bash.BashOperator` attribute is deprecated. Please use `'airflow.providers.standard.operators.bash.BashOperator'`.","category":"DeprecatedImportWarning","filename":"/opt/airflow/dags/get_data_with_airflow.py","lineno":5,"logger":"py.warnings"}
{"timestamp":"2025-10-09T18:31:06.680170Z","level":"info","event":"Filling up the DagBag from /opt/airflow/dags/get_data_with_airflow.py","logger":"airflow.models.dagbag.DagBag","filename":"dagbag.py","lineno":593}
{"timestamp":"2025-10-09T18:31:06.941915Z","level":"warning","event":"The `airflow.operators.python.PythonOperator` attribute is deprecated. Please use `'airflow.providers.standard.operators.python.PythonOperator'`.","category":"DeprecatedImportWarning","filename":"/opt/airflow/dags/get_data_with_airflow.py","lineno":4,"logger":"py.warnings"}
{"timestamp":"2025-10-09T18:31:06.941998Z","level":"warning","event":"The `airflow.operators.bash.BashOperator` attribute is deprecated. Please use `'airflow.providers.standard.operators.bash.BashOperator'`.","category":"DeprecatedImportWarning","filename":"/opt/airflow/dags/get_data_with_airflow.py","lineno":5,"logger":"py.warnings"}
{"timestamp":"2025-10-09T18:31:37.489651Z","level":"info","event":"Filling up the DagBag from /opt/airflow/dags/get_data_with_airflow.py","logger":"airflow.models.dagbag.DagBag","filename":"dagbag.py","lineno":593}
{"timestamp":"2025-10-09T18:31:37.758204Z","level":"warning","event":"The `airflow.operators.python.PythonOperator` attribute is deprecated. Please use `'airflow.providers.standard.operators.python.PythonOperator'`.","category":"DeprecatedImportWarning","filename":"/opt/airflow/dags/get_data_with_airflow.py","lineno":4,"logger":"py.warnings"}
{"timestamp":"2025-10-09T18:31:37.758306Z","level":"warning","event":"The `airflow.operators.bash.BashOperator` attribute is deprecated. Please use `'airflow.providers.standard.operators.bash.BashOperator'`.","category":"DeprecatedImportWarning","filename":"/opt/airflow/dags/get_data_with_airflow.py","lineno":5,"logger":"py.warnings"}
{"timestamp":"2025-10-09T18:32:08.260238Z","level":"info","event":"Filling up the DagBag from /opt/airflow/dags/get_data_with_airflow.py","logger":"airflow.models.dagbag.DagBag","filename":"dagbag.py","lineno":593}
{"timestamp":"2025-10-09T18:32:08.547978Z","level":"warning","event":"The `airflow.operators.python.PythonOperator` attribute is deprecated. Please use `'airflow.providers.standard.operators.python.PythonOperator'`.","category":"DeprecatedImportWarning","filename":"/opt/airflow/dags/get_data_with_airflow.py","lineno":4,"logger":"py.warnings"}
{"timestamp":"2025-10-09T18:32:08.548605Z","level":"warning","event":"The `airflow.operators.bash.BashOperator` attribute is deprecated. Please use `'airflow.providers.standard.operators.bash.BashOperator'`.","category":"DeprecatedImportWarning","filename":"/opt/airflow/dags/get_data_with_airflow.py","lineno":5,"logger":"py.warnings"}
{"timestamp":"2025-10-09T18:32:39.038350Z","level":"info","event":"Filling up the DagBag from /opt/airflow/dags/get_data_with_airflow.py","logger":"airflow.models.dagbag.DagBag","filename":"dagbag.py","lineno":593}
{"timestamp":"2025-10-09T18:32:39.435173Z","level":"warning","event":"The `airflow.operators.python.PythonOperator` attribute is deprecated. Please use `'airflow.providers.standard.operators.python.PythonOperator'`.","category":"DeprecatedImportWarning","filename":"/opt/airflow/dags/get_data_with_airflow.py","lineno":4,"logger":"py.warnings"}
{"timestamp":"2025-10-09T18:32:39.435596Z","level":"warning","event":"The `airflow.operators.bash.BashOperator` attribute is deprecated. Please use `'airflow.providers.standard.operators.bash.BashOperator'`.","category":"DeprecatedImportWarning","filename":"/opt/airflow/dags/get_data_with_airflow.py","lineno":5,"logger":"py.warnings"}
{"timestamp":"2025-10-09T18:33:09.906578Z","level":"info","event":"Filling up the DagBag from /opt/airflow/dags/get_data_with_airflow.py","logger":"airflow.models.dagbag.DagBag","filename":"dagbag.py","lineno":593}
{"timestamp":"2025-10-09T18:33:10.216134Z","level":"warning","event":"The `airflow.operators.python.PythonOperator` attribute is deprecated. Please use `'airflow.providers.standard.operators.python.PythonOperator'`.","category":"DeprecatedImportWarning","filename":"/opt/airflow/dags/get_data_with_airflow.py","lineno":4,"logger":"py.warnings"}
{"timestamp":"2025-10-09T18:33:10.216466Z","level":"warning","event":"The `airflow.operators.bash.BashOperator` attribute is deprecated. Please use `'airflow.providers.standard.operators.bash.BashOperator'`.","category":"DeprecatedImportWarning","filename":"/opt/airflow/dags/get_data_with_airflow.py","lineno":5,"logger":"py.warnings"}
{"timestamp":"2025-10-09T18:33:40.723373Z","level":"info","event":"Filling up the DagBag from /opt/airflow/dags/get_data_with_airflow.py","logger":"airflow.models.dagbag.DagBag","filename":"dagbag.py","lineno":593}
{"timestamp":"2025-10-09T18:33:41.019810Z","level":"warning","event":"The `airflow.operators.python.PythonOperator` attribute is deprecated. Please use `'airflow.providers.standard.operators.python.PythonOperator'`.","category":"DeprecatedImportWarning","filename":"/opt/airflow/dags/get_data_with_airflow.py","lineno":4,"logger":"py.warnings"}
{"timestamp":"2025-10-09T18:33:41.020062Z","level":"warning","event":"The `airflow.operators.bash.BashOperator` attribute is deprecated. Please use `'airflow.providers.standard.operators.bash.BashOperator'`.","category":"DeprecatedImportWarning","filename":"/opt/airflow/dags/get_data_with_airflow.py","lineno":5,"logger":"py.warnings"}
{"timestamp":"2025-10-09T18:34:11.488155Z","level":"info","event":"Filling up the DagBag from /opt/airflow/dags/get_data_with_airflow.py","logger":"airflow.models.dagbag.DagBag","filename":"dagbag.py","lineno":593}
{"timestamp":"2025-10-09T18:34:11.891858Z","level":"warning","event":"The `airflow.operators.python.PythonOperator` attribute is deprecated. Please use `'airflow.providers.standard.operators.python.PythonOperator'`.","category":"DeprecatedImportWarning","filename":"/opt/airflow/dags/get_data_with_airflow.py","lineno":4,"logger":"py.warnings"}
{"timestamp":"2025-10-09T18:34:11.891949Z","level":"warning","event":"The `airflow.operators.bash.BashOperator` attribute is deprecated. Please use `'airflow.providers.standard.operators.bash.BashOperator'`.","category":"DeprecatedImportWarning","filename":"/opt/airflow/dags/get_data_with_airflow.py","lineno":5,"logger":"py.warnings"}
{"timestamp":"2025-10-09T18:34:42.397025Z","level":"info","event":"Filling up the DagBag from /opt/airflow/dags/get_data_with_airflow.py","logger":"airflow.models.dagbag.DagBag","filename":"dagbag.py","lineno":593}
{"timestamp":"2025-10-09T18:34:42.799233Z","level":"warning","event":"The `airflow.operators.python.PythonOperator` attribute is deprecated. Please use `'airflow.providers.standard.operators.python.PythonOperator'`.","category":"DeprecatedImportWarning","filename":"/opt/airflow/dags/get_data_with_airflow.py","lineno":4,"logger":"py.warnings"}
{"timestamp":"2025-10-09T18:34:42.799549Z","level":"warning","event":"The `airflow.operators.bash.BashOperator` attribute is deprecated. Please use `'airflow.providers.standard.operators.bash.BashOperator'`.","category":"DeprecatedImportWarning","filename":"/opt/airflow/dags/get_data_with_airflow.py","lineno":5,"logger":"py.warnings"}
{"timestamp":"2025-10-09T18:35:13.360204Z","level":"info","event":"Filling up the DagBag from /opt/airflow/dags/get_data_with_airflow.py","logger":"airflow.models.dagbag.DagBag","filename":"dagbag.py","lineno":593}
{"timestamp":"2025-10-09T18:35:13.721730Z","level":"warning","event":"The `airflow.operators.python.PythonOperator` attribute is deprecated. Please use `'airflow.providers.standard.operators.python.PythonOperator'`.","category":"DeprecatedImportWarning","filename":"/opt/airflow/dags/get_data_with_airflow.py","lineno":4,"logger":"py.warnings"}
{"timestamp":"2025-10-09T18:35:13.722231Z","level":"warning","event":"The `airflow.operators.bash.BashOperator` attribute is deprecated. Please use `'airflow.providers.standard.operators.bash.BashOperator'`.","category":"DeprecatedImportWarning","filename":"/opt/airflow/dags/get_data_with_airflow.py","lineno":5,"logger":"py.warnings"}
{"timestamp":"2025-10-09T18:35:44.237280Z","level":"info","event":"Filling up the DagBag from /opt/airflow/dags/get_data_with_airflow.py","logger":"airflow.models.dagbag.DagBag","filename":"dagbag.py","lineno":593}
{"timestamp":"2025-10-09T18:35:44.682279Z","level":"warning","event":"The `airflow.operators.python.PythonOperator` attribute is deprecated. Please use `'airflow.providers.standard.operators.python.PythonOperator'`.","category":"DeprecatedImportWarning","filename":"/opt/airflow/dags/get_data_with_airflow.py","lineno":4,"logger":"py.warnings"}
{"timestamp":"2025-10-09T18:35:44.682835Z","level":"warning","event":"The `airflow.operators.bash.BashOperator` attribute is deprecated. Please use `'airflow.providers.standard.operators.bash.BashOperator'`.","category":"DeprecatedImportWarning","filename":"/opt/airflow/dags/get_data_with_airflow.py","lineno":5,"logger":"py.warnings"}
{"timestamp":"2025-10-09T18:36:15.293489Z","level":"info","event":"Filling up the DagBag from /opt/airflow/dags/get_data_with_airflow.py","logger":"airflow.models.dagbag.DagBag","filename":"dagbag.py","lineno":593}
{"timestamp":"2025-10-09T18:36:15.808143Z","level":"warning","event":"The `airflow.operators.python.PythonOperator` attribute is deprecated. Please use `'airflow.providers.standard.operators.python.PythonOperator'`.","category":"DeprecatedImportWarning","filename":"/opt/airflow/dags/get_data_with_airflow.py","lineno":4,"logger":"py.warnings"}
{"timestamp":"2025-10-09T18:36:15.808243Z","level":"warning","event":"The `airflow.operators.bash.BashOperator` attribute is deprecated. Please use `'airflow.providers.standard.operators.bash.BashOperator'`.","category":"DeprecatedImportWarning","filename":"/opt/airflow/dags/get_data_with_airflow.py","lineno":5,"logger":"py.warnings"}
{"timestamp":"2025-10-09T18:36:46.368222Z","level":"info","event":"Filling up the DagBag from /opt/airflow/dags/get_data_with_airflow.py","logger":"airflow.models.dagbag.DagBag","filename":"dagbag.py","lineno":593}
{"timestamp":"2025-10-09T18:36:46.688452Z","level":"warning","event":"The `airflow.operators.python.PythonOperator` attribute is deprecated. Please use `'airflow.providers.standard.operators.python.PythonOperator'`.","category":"DeprecatedImportWarning","filename":"/opt/airflow/dags/get_data_with_airflow.py","lineno":4,"logger":"py.warnings"}
{"timestamp":"2025-10-09T18:36:46.688764Z","level":"warning","event":"The `airflow.operators.bash.BashOperator` attribute is deprecated. Please use `'airflow.providers.standard.operators.bash.BashOperator'`.","category":"DeprecatedImportWarning","filename":"/opt/airflow/dags/get_data_with_airflow.py","lineno":5,"logger":"py.warnings"}
{"timestamp":"2025-10-09T18:37:17.351599Z","level":"info","event":"Filling up the DagBag from /opt/airflow/dags/get_data_with_airflow.py","logger":"airflow.models.dagbag.DagBag","filename":"dagbag.py","lineno":593}
{"timestamp":"2025-10-09T18:37:17.651379Z","level":"warning","event":"The `airflow.operators.python.PythonOperator` attribute is deprecated. Please use `'airflow.providers.standard.operators.python.PythonOperator'`.","category":"DeprecatedImportWarning","filename":"/opt/airflow/dags/get_data_with_airflow.py","lineno":4,"logger":"py.warnings"}
{"timestamp":"2025-10-09T18:37:17.651458Z","level":"warning","event":"The `airflow.operators.bash.BashOperator` attribute is deprecated. Please use `'airflow.providers.standard.operators.bash.BashOperator'`.","category":"DeprecatedImportWarning","filename":"/opt/airflow/dags/get_data_with_airflow.py","lineno":5,"logger":"py.warnings"}
{"timestamp":"2025-10-09T18:37:48.264781Z","level":"info","event":"Filling up the DagBag from /opt/airflow/dags/get_data_with_airflow.py","logger":"airflow.models.dagbag.DagBag","filename":"dagbag.py","lineno":593}
{"timestamp":"2025-10-09T18:37:48.579609Z","level":"warning","event":"The `airflow.operators.python.PythonOperator` attribute is deprecated. Please use `'airflow.providers.standard.operators.python.PythonOperator'`.","category":"DeprecatedImportWarning","filename":"/opt/airflow/dags/get_data_with_airflow.py","lineno":4,"logger":"py.warnings"}
{"timestamp":"2025-10-09T18:37:48.579691Z","level":"warning","event":"The `airflow.operators.bash.BashOperator` attribute is deprecated. Please use `'airflow.providers.standard.operators.bash.BashOperator'`.","category":"DeprecatedImportWarning","filename":"/opt/airflow/dags/get_data_with_airflow.py","lineno":5,"logger":"py.warnings"}
{"timestamp":"2025-10-09T18:38:19.196853Z","level":"info","event":"Filling up the DagBag from /opt/airflow/dags/get_data_with_airflow.py","logger":"airflow.models.dagbag.DagBag","filename":"dagbag.py","lineno":593}
{"timestamp":"2025-10-09T18:38:19.546199Z","level":"warning","event":"The `airflow.operators.python.PythonOperator` attribute is deprecated. Please use `'airflow.providers.standard.operators.python.PythonOperator'`.","category":"DeprecatedImportWarning","filename":"/opt/airflow/dags/get_data_with_airflow.py","lineno":4,"logger":"py.warnings"}
{"timestamp":"2025-10-09T18:38:19.546637Z","level":"warning","event":"The `airflow.operators.bash.BashOperator` attribute is deprecated. Please use `'airflow.providers.standard.operators.bash.BashOperator'`.","category":"DeprecatedImportWarning","filename":"/opt/airflow/dags/get_data_with_airflow.py","lineno":5,"logger":"py.warnings"}
{"timestamp":"2025-10-09T18:38:50.154207Z","level":"info","event":"Filling up the DagBag from /opt/airflow/dags/get_data_with_airflow.py","logger":"airflow.models.dagbag.DagBag","filename":"dagbag.py","lineno":593}
{"timestamp":"2025-10-09T18:38:50.457311Z","level":"warning","event":"The `airflow.operators.python.PythonOperator` attribute is deprecated. Please use `'airflow.providers.standard.operators.python.PythonOperator'`.","category":"DeprecatedImportWarning","filename":"/opt/airflow/dags/get_data_with_airflow.py","lineno":4,"logger":"py.warnings"}
{"timestamp":"2025-10-09T18:38:50.457438Z","level":"warning","event":"The `airflow.operators.bash.BashOperator` attribute is deprecated. Please use `'airflow.providers.standard.operators.bash.BashOperator'`.","category":"DeprecatedImportWarning","filename":"/opt/airflow/dags/get_data_with_airflow.py","lineno":5,"logger":"py.warnings"}
{"timestamp":"2025-10-09T18:39:21.015914Z","level":"info","event":"Filling up the DagBag from /opt/airflow/dags/get_data_with_airflow.py","logger":"airflow.models.dagbag.DagBag","filename":"dagbag.py","lineno":593}
{"timestamp":"2025-10-09T18:39:21.356243Z","level":"warning","event":"The `airflow.operators.python.PythonOperator` attribute is deprecated. Please use `'airflow.providers.standard.operators.python.PythonOperator'`.","category":"DeprecatedImportWarning","filename":"/opt/airflow/dags/get_data_with_airflow.py","lineno":4,"logger":"py.warnings"}
{"timestamp":"2025-10-09T18:39:21.356340Z","level":"warning","event":"The `airflow.operators.bash.BashOperator` attribute is deprecated. Please use `'airflow.providers.standard.operators.bash.BashOperator'`.","category":"DeprecatedImportWarning","filename":"/opt/airflow/dags/get_data_with_airflow.py","lineno":5,"logger":"py.warnings"}
{"timestamp":"2025-10-09T18:39:51.890833Z","level":"info","event":"Filling up the DagBag from /opt/airflow/dags/get_data_with_airflow.py","logger":"airflow.models.dagbag.DagBag","filename":"dagbag.py","lineno":593}
{"timestamp":"2025-10-09T18:39:52.175569Z","level":"warning","event":"The `airflow.operators.python.PythonOperator` attribute is deprecated. Please use `'airflow.providers.standard.operators.python.PythonOperator'`.","category":"DeprecatedImportWarning","filename":"/opt/airflow/dags/get_data_with_airflow.py","lineno":4,"logger":"py.warnings"}
{"timestamp":"2025-10-09T18:39:52.176488Z","level":"warning","event":"The `airflow.operators.bash.BashOperator` attribute is deprecated. Please use `'airflow.providers.standard.operators.bash.BashOperator'`.","category":"DeprecatedImportWarning","filename":"/opt/airflow/dags/get_data_with_airflow.py","lineno":5,"logger":"py.warnings"}
{"timestamp":"2025-10-09T18:40:22.762592Z","level":"info","event":"Filling up the DagBag from /opt/airflow/dags/get_data_with_airflow.py","logger":"airflow.models.dagbag.DagBag","filename":"dagbag.py","lineno":593}
{"timestamp":"2025-10-09T18:40:23.119596Z","level":"warning","event":"The `airflow.operators.python.PythonOperator` attribute is deprecated. Please use `'airflow.providers.standard.operators.python.PythonOperator'`.","category":"DeprecatedImportWarning","filename":"/opt/airflow/dags/get_data_with_airflow.py","lineno":4,"logger":"py.warnings"}
{"timestamp":"2025-10-09T18:40:23.119733Z","level":"warning","event":"The `airflow.operators.bash.BashOperator` attribute is deprecated. Please use `'airflow.providers.standard.operators.bash.BashOperator'`.","category":"DeprecatedImportWarning","filename":"/opt/airflow/dags/get_data_with_airflow.py","lineno":5,"logger":"py.warnings"}
{"timestamp":"2025-10-09T18:40:53.648535Z","level":"info","event":"Filling up the DagBag from /opt/airflow/dags/get_data_with_airflow.py","logger":"airflow.models.dagbag.DagBag","filename":"dagbag.py","lineno":593}
{"timestamp":"2025-10-09T18:40:53.994727Z","level":"warning","event":"The `airflow.operators.python.PythonOperator` attribute is deprecated. Please use `'airflow.providers.standard.operators.python.PythonOperator'`.","category":"DeprecatedImportWarning","filename":"/opt/airflow/dags/get_data_with_airflow.py","lineno":4,"logger":"py.warnings"}
{"timestamp":"2025-10-09T18:40:53.994808Z","level":"warning","event":"The `airflow.operators.bash.BashOperator` attribute is deprecated. Please use `'airflow.providers.standard.operators.bash.BashOperator'`.","category":"DeprecatedImportWarning","filename":"/opt/airflow/dags/get_data_with_airflow.py","lineno":5,"logger":"py.warnings"}
{"timestamp":"2025-10-09T18:41:24.620878Z","level":"info","event":"Filling up the DagBag from /opt/airflow/dags/get_data_with_airflow.py","logger":"airflow.models.dagbag.DagBag","filename":"dagbag.py","lineno":593}
{"timestamp":"2025-10-09T18:41:24.960866Z","level":"warning","event":"The `airflow.operators.python.PythonOperator` attribute is deprecated. Please use `'airflow.providers.standard.operators.python.PythonOperator'`.","category":"DeprecatedImportWarning","filename":"/opt/airflow/dags/get_data_with_airflow.py","lineno":4,"logger":"py.warnings"}
{"timestamp":"2025-10-09T18:41:24.961094Z","level":"warning","event":"The `airflow.operators.bash.BashOperator` attribute is deprecated. Please use `'airflow.providers.standard.operators.bash.BashOperator'`.","category":"DeprecatedImportWarning","filename":"/opt/airflow/dags/get_data_with_airflow.py","lineno":5,"logger":"py.warnings"}
{"timestamp":"2025-10-09T18:41:55.600313Z","level":"info","event":"Filling up the DagBag from /opt/airflow/dags/get_data_with_airflow.py","logger":"airflow.models.dagbag.DagBag","filename":"dagbag.py","lineno":593}
{"timestamp":"2025-10-09T18:41:55.884888Z","level":"warning","event":"The `airflow.operators.python.PythonOperator` attribute is deprecated. Please use `'airflow.providers.standard.operators.python.PythonOperator'`.","category":"DeprecatedImportWarning","filename":"/opt/airflow/dags/get_data_with_airflow.py","lineno":4,"logger":"py.warnings"}
{"timestamp":"2025-10-09T18:41:55.884976Z","level":"warning","event":"The `airflow.operators.bash.BashOperator` attribute is deprecated. Please use `'airflow.providers.standard.operators.bash.BashOperator'`.","category":"DeprecatedImportWarning","filename":"/opt/airflow/dags/get_data_with_airflow.py","lineno":5,"logger":"py.warnings"}
{"timestamp":"2025-10-09T18:42:26.396921Z","level":"info","event":"Filling up the DagBag from /opt/airflow/dags/get_data_with_airflow.py","logger":"airflow.models.dagbag.DagBag","filename":"dagbag.py","lineno":593}
{"timestamp":"2025-10-09T18:42:26.685025Z","level":"warning","event":"The `airflow.operators.python.PythonOperator` attribute is deprecated. Please use `'airflow.providers.standard.operators.python.PythonOperator'`.","category":"DeprecatedImportWarning","filename":"/opt/airflow/dags/get_data_with_airflow.py","lineno":4,"logger":"py.warnings"}
{"timestamp":"2025-10-09T18:42:26.685095Z","level":"warning","event":"The `airflow.operators.bash.BashOperator` attribute is deprecated. Please use `'airflow.providers.standard.operators.bash.BashOperator'`.","category":"DeprecatedImportWarning","filename":"/opt/airflow/dags/get_data_with_airflow.py","lineno":5,"logger":"py.warnings"}
{"timestamp":"2025-10-09T18:42:57.169145Z","level":"info","event":"Filling up the DagBag from /opt/airflow/dags/get_data_with_airflow.py","logger":"airflow.models.dagbag.DagBag","filename":"dagbag.py","lineno":593}
{"timestamp":"2025-10-09T18:42:57.516001Z","level":"warning","event":"The `airflow.operators.python.PythonOperator` attribute is deprecated. Please use `'airflow.providers.standard.operators.python.PythonOperator'`.","category":"DeprecatedImportWarning","filename":"/opt/airflow/dags/get_data_with_airflow.py","lineno":4,"logger":"py.warnings"}
{"timestamp":"2025-10-09T18:42:57.516116Z","level":"warning","event":"The `airflow.operators.bash.BashOperator` attribute is deprecated. Please use `'airflow.providers.standard.operators.bash.BashOperator'`.","category":"DeprecatedImportWarning","filename":"/opt/airflow/dags/get_data_with_airflow.py","lineno":5,"logger":"py.warnings"}
{"timestamp":"2025-10-09T18:43:27.991159Z","level":"info","event":"Filling up the DagBag from /opt/airflow/dags/get_data_with_airflow.py","logger":"airflow.models.dagbag.DagBag","filename":"dagbag.py","lineno":593}
{"timestamp":"2025-10-09T18:43:28.269278Z","level":"warning","event":"The `airflow.operators.python.PythonOperator` attribute is deprecated. Please use `'airflow.providers.standard.operators.python.PythonOperator'`.","category":"DeprecatedImportWarning","filename":"/opt/airflow/dags/get_data_with_airflow.py","lineno":4,"logger":"py.warnings"}
{"timestamp":"2025-10-09T18:43:28.269365Z","level":"warning","event":"The `airflow.operators.bash.BashOperator` attribute is deprecated. Please use `'airflow.providers.standard.operators.bash.BashOperator'`.","category":"DeprecatedImportWarning","filename":"/opt/airflow/dags/get_data_with_airflow.py","lineno":5,"logger":"py.warnings"}
{"timestamp":"2025-10-09T18:43:58.767217Z","level":"info","event":"Filling up the DagBag from /opt/airflow/dags/get_data_with_airflow.py","logger":"airflow.models.dagbag.DagBag","filename":"dagbag.py","lineno":593}
{"timestamp":"2025-10-09T18:43:59.163100Z","level":"warning","event":"The `airflow.operators.python.PythonOperator` attribute is deprecated. Please use `'airflow.providers.standard.operators.python.PythonOperator'`.","category":"DeprecatedImportWarning","filename":"/opt/airflow/dags/get_data_with_airflow.py","lineno":4,"logger":"py.warnings"}
{"timestamp":"2025-10-09T18:43:59.163168Z","level":"warning","event":"The `airflow.operators.bash.BashOperator` attribute is deprecated. Please use `'airflow.providers.standard.operators.bash.BashOperator'`.","category":"DeprecatedImportWarning","filename":"/opt/airflow/dags/get_data_with_airflow.py","lineno":5,"logger":"py.warnings"}
{"timestamp":"2025-10-09T18:44:29.686544Z","level":"info","event":"Filling up the DagBag from /opt/airflow/dags/get_data_with_airflow.py","logger":"airflow.models.dagbag.DagBag","filename":"dagbag.py","lineno":593}
{"timestamp":"2025-10-09T18:44:30.458101Z","level":"warning","event":"The `airflow.operators.python.PythonOperator` attribute is deprecated. Please use `'airflow.providers.standard.operators.python.PythonOperator'`.","category":"DeprecatedImportWarning","filename":"/opt/airflow/dags/get_data_with_airflow.py","lineno":4,"logger":"py.warnings"}
{"timestamp":"2025-10-09T18:44:30.460365Z","level":"warning","event":"The `airflow.operators.bash.BashOperator` attribute is deprecated. Please use `'airflow.providers.standard.operators.bash.BashOperator'`.","category":"DeprecatedImportWarning","filename":"/opt/airflow/dags/get_data_with_airflow.py","lineno":5,"logger":"py.warnings"}
{"timestamp":"2025-10-09T18:45:01.039771Z","level":"info","event":"Filling up the DagBag from /opt/airflow/dags/get_data_with_airflow.py","logger":"airflow.models.dagbag.DagBag","filename":"dagbag.py","lineno":593}
{"timestamp":"2025-10-09T18:45:01.392027Z","level":"warning","event":"The `airflow.operators.python.PythonOperator` attribute is deprecated. Please use `'airflow.providers.standard.operators.python.PythonOperator'`.","category":"DeprecatedImportWarning","filename":"/opt/airflow/dags/get_data_with_airflow.py","lineno":4,"logger":"py.warnings"}
{"timestamp":"2025-10-09T18:45:01.392371Z","level":"warning","event":"The `airflow.operators.bash.BashOperator` attribute is deprecated. Please use `'airflow.providers.standard.operators.bash.BashOperator'`.","category":"DeprecatedImportWarning","filename":"/opt/airflow/dags/get_data_with_airflow.py","lineno":5,"logger":"py.warnings"}
{"timestamp":"2025-10-09T18:45:31.936315Z","level":"info","event":"Filling up the DagBag from /opt/airflow/dags/get_data_with_airflow.py","logger":"airflow.models.dagbag.DagBag","filename":"dagbag.py","lineno":593}
{"timestamp":"2025-10-09T18:45:32.395861Z","level":"warning","event":"The `airflow.operators.python.PythonOperator` attribute is deprecated. Please use `'airflow.providers.standard.operators.python.PythonOperator'`.","category":"DeprecatedImportWarning","filename":"/opt/airflow/dags/get_data_with_airflow.py","lineno":4,"logger":"py.warnings"}
{"timestamp":"2025-10-09T18:45:32.395953Z","level":"warning","event":"The `airflow.operators.bash.BashOperator` attribute is deprecated. Please use `'airflow.providers.standard.operators.bash.BashOperator'`.","category":"DeprecatedImportWarning","filename":"/opt/airflow/dags/get_data_with_airflow.py","lineno":5,"logger":"py.warnings"}
{"timestamp":"2025-10-09T18:46:02.975139Z","level":"info","event":"Filling up the DagBag from /opt/airflow/dags/get_data_with_airflow.py","logger":"airflow.models.dagbag.DagBag","filename":"dagbag.py","lineno":593}
{"timestamp":"2025-10-09T18:46:03.745451Z","level":"warning","event":"The `airflow.operators.python.PythonOperator` attribute is deprecated. Please use `'airflow.providers.standard.operators.python.PythonOperator'`.","category":"DeprecatedImportWarning","filename":"/opt/airflow/dags/get_data_with_airflow.py","lineno":4,"logger":"py.warnings"}
{"timestamp":"2025-10-09T18:46:03.745714Z","level":"warning","event":"The `airflow.operators.bash.BashOperator` attribute is deprecated. Please use `'airflow.providers.standard.operators.bash.BashOperator'`.","category":"DeprecatedImportWarning","filename":"/opt/airflow/dags/get_data_with_airflow.py","lineno":5,"logger":"py.warnings"}
{"timestamp":"2025-10-09T18:46:34.289867Z","level":"info","event":"Filling up the DagBag from /opt/airflow/dags/get_data_with_airflow.py","logger":"airflow.models.dagbag.DagBag","filename":"dagbag.py","lineno":593}
{"timestamp":"2025-10-09T18:46:34.623222Z","level":"warning","event":"The `airflow.operators.python.PythonOperator` attribute is deprecated. Please use `'airflow.providers.standard.operators.python.PythonOperator'`.","category":"DeprecatedImportWarning","filename":"/opt/airflow/dags/get_data_with_airflow.py","lineno":4,"logger":"py.warnings"}
{"timestamp":"2025-10-09T18:46:34.623332Z","level":"warning","event":"The `airflow.operators.bash.BashOperator` attribute is deprecated. Please use `'airflow.providers.standard.operators.bash.BashOperator'`.","category":"DeprecatedImportWarning","filename":"/opt/airflow/dags/get_data_with_airflow.py","lineno":5,"logger":"py.warnings"}
{"timestamp":"2025-10-09T18:47:05.168518Z","level":"info","event":"Filling up the DagBag from /opt/airflow/dags/get_data_with_airflow.py","logger":"airflow.models.dagbag.DagBag","filename":"dagbag.py","lineno":593}
{"timestamp":"2025-10-09T18:47:05.484155Z","level":"warning","event":"The `airflow.operators.python.PythonOperator` attribute is deprecated. Please use `'airflow.providers.standard.operators.python.PythonOperator'`.","category":"DeprecatedImportWarning","filename":"/opt/airflow/dags/get_data_with_airflow.py","lineno":4,"logger":"py.warnings"}
{"timestamp":"2025-10-09T18:47:05.484258Z","level":"warning","event":"The `airflow.operators.bash.BashOperator` attribute is deprecated. Please use `'airflow.providers.standard.operators.bash.BashOperator'`.","category":"DeprecatedImportWarning","filename":"/opt/airflow/dags/get_data_with_airflow.py","lineno":5,"logger":"py.warnings"}
{"timestamp":"2025-10-09T18:47:36.038424Z","level":"info","event":"Filling up the DagBag from /opt/airflow/dags/get_data_with_airflow.py","logger":"airflow.models.dagbag.DagBag","filename":"dagbag.py","lineno":593}
{"timestamp":"2025-10-09T18:47:36.412405Z","level":"warning","event":"The `airflow.operators.python.PythonOperator` attribute is deprecated. Please use `'airflow.providers.standard.operators.python.PythonOperator'`.","category":"DeprecatedImportWarning","filename":"/opt/airflow/dags/get_data_with_airflow.py","lineno":4,"logger":"py.warnings"}
{"timestamp":"2025-10-09T18:47:36.412514Z","level":"warning","event":"The `airflow.operators.bash.BashOperator` attribute is deprecated. Please use `'airflow.providers.standard.operators.bash.BashOperator'`.","category":"DeprecatedImportWarning","filename":"/opt/airflow/dags/get_data_with_airflow.py","lineno":5,"logger":"py.warnings"}
{"timestamp":"2025-10-09T18:48:06.969720Z","level":"info","event":"Filling up the DagBag from /opt/airflow/dags/get_data_with_airflow.py","logger":"airflow.models.dagbag.DagBag","filename":"dagbag.py","lineno":593}
{"timestamp":"2025-10-09T18:48:07.299355Z","level":"warning","event":"The `airflow.operators.python.PythonOperator` attribute is deprecated. Please use `'airflow.providers.standard.operators.python.PythonOperator'`.","category":"DeprecatedImportWarning","filename":"/opt/airflow/dags/get_data_with_airflow.py","lineno":4,"logger":"py.warnings"}
{"timestamp":"2025-10-09T18:48:07.299626Z","level":"warning","event":"The `airflow.operators.bash.BashOperator` attribute is deprecated. Please use `'airflow.providers.standard.operators.bash.BashOperator'`.","category":"DeprecatedImportWarning","filename":"/opt/airflow/dags/get_data_with_airflow.py","lineno":5,"logger":"py.warnings"}
{"timestamp":"2025-10-09T18:48:37.835051Z","level":"info","event":"Filling up the DagBag from /opt/airflow/dags/get_data_with_airflow.py","logger":"airflow.models.dagbag.DagBag","filename":"dagbag.py","lineno":593}
{"timestamp":"2025-10-09T18:48:38.156751Z","level":"warning","event":"The `airflow.operators.python.PythonOperator` attribute is deprecated. Please use `'airflow.providers.standard.operators.python.PythonOperator'`.","category":"DeprecatedImportWarning","filename":"/opt/airflow/dags/get_data_with_airflow.py","lineno":4,"logger":"py.warnings"}
{"timestamp":"2025-10-09T18:48:38.157035Z","level":"warning","event":"The `airflow.operators.bash.BashOperator` attribute is deprecated. Please use `'airflow.providers.standard.operators.bash.BashOperator'`.","category":"DeprecatedImportWarning","filename":"/opt/airflow/dags/get_data_with_airflow.py","lineno":5,"logger":"py.warnings"}
{"timestamp":"2025-10-09T18:49:08.750124Z","level":"info","event":"Filling up the DagBag from /opt/airflow/dags/get_data_with_airflow.py","logger":"airflow.models.dagbag.DagBag","filename":"dagbag.py","lineno":593}
{"timestamp":"2025-10-09T18:49:09.203506Z","level":"warning","event":"The `airflow.operators.python.PythonOperator` attribute is deprecated. Please use `'airflow.providers.standard.operators.python.PythonOperator'`.","category":"DeprecatedImportWarning","filename":"/opt/airflow/dags/get_data_with_airflow.py","lineno":4,"logger":"py.warnings"}
{"timestamp":"2025-10-09T18:49:09.203877Z","level":"warning","event":"The `airflow.operators.bash.BashOperator` attribute is deprecated. Please use `'airflow.providers.standard.operators.bash.BashOperator'`.","category":"DeprecatedImportWarning","filename":"/opt/airflow/dags/get_data_with_airflow.py","lineno":5,"logger":"py.warnings"}
{"timestamp":"2025-10-09T18:49:39.769147Z","level":"info","event":"Filling up the DagBag from /opt/airflow/dags/get_data_with_airflow.py","logger":"airflow.models.dagbag.DagBag","filename":"dagbag.py","lineno":593}
{"timestamp":"2025-10-09T18:49:40.091172Z","level":"warning","event":"The `airflow.operators.python.PythonOperator` attribute is deprecated. Please use `'airflow.providers.standard.operators.python.PythonOperator'`.","category":"DeprecatedImportWarning","filename":"/opt/airflow/dags/get_data_with_airflow.py","lineno":4,"logger":"py.warnings"}
{"timestamp":"2025-10-09T18:49:40.091479Z","level":"warning","event":"The `airflow.operators.bash.BashOperator` attribute is deprecated. Please use `'airflow.providers.standard.operators.bash.BashOperator'`.","category":"DeprecatedImportWarning","filename":"/opt/airflow/dags/get_data_with_airflow.py","lineno":5,"logger":"py.warnings"}
{"timestamp":"2025-10-09T18:50:10.601179Z","level":"info","event":"Filling up the DagBag from /opt/airflow/dags/get_data_with_airflow.py","logger":"airflow.models.dagbag.DagBag","filename":"dagbag.py","lineno":593}
{"timestamp":"2025-10-09T18:50:10.883140Z","level":"warning","event":"The `airflow.operators.python.PythonOperator` attribute is deprecated. Please use `'airflow.providers.standard.operators.python.PythonOperator'`.","category":"DeprecatedImportWarning","filename":"/opt/airflow/dags/get_data_with_airflow.py","lineno":4,"logger":"py.warnings"}
{"timestamp":"2025-10-09T18:50:10.883679Z","level":"warning","event":"The `airflow.operators.bash.BashOperator` attribute is deprecated. Please use `'airflow.providers.standard.operators.bash.BashOperator'`.","category":"DeprecatedImportWarning","filename":"/opt/airflow/dags/get_data_with_airflow.py","lineno":5,"logger":"py.warnings"}
{"timestamp":"2025-10-09T18:50:41.378714Z","level":"info","event":"Filling up the DagBag from /opt/airflow/dags/get_data_with_airflow.py","logger":"airflow.models.dagbag.DagBag","filename":"dagbag.py","lineno":593}
{"timestamp":"2025-10-09T18:50:41.795847Z","level":"warning","event":"The `airflow.operators.python.PythonOperator` attribute is deprecated. Please use `'airflow.providers.standard.operators.python.PythonOperator'`.","category":"DeprecatedImportWarning","filename":"/opt/airflow/dags/get_data_with_airflow.py","lineno":4,"logger":"py.warnings"}
{"timestamp":"2025-10-09T18:50:41.796533Z","level":"warning","event":"The `airflow.operators.bash.BashOperator` attribute is deprecated. Please use `'airflow.providers.standard.operators.bash.BashOperator'`.","category":"DeprecatedImportWarning","filename":"/opt/airflow/dags/get_data_with_airflow.py","lineno":5,"logger":"py.warnings"}
{"timestamp":"2025-10-09T18:51:12.386923Z","level":"info","event":"Filling up the DagBag from /opt/airflow/dags/get_data_with_airflow.py","logger":"airflow.models.dagbag.DagBag","filename":"dagbag.py","lineno":593}
{"timestamp":"2025-10-09T18:51:12.816642Z","level":"warning","event":"The `airflow.operators.python.PythonOperator` attribute is deprecated. Please use `'airflow.providers.standard.operators.python.PythonOperator'`.","category":"DeprecatedImportWarning","filename":"/opt/airflow/dags/get_data_with_airflow.py","lineno":4,"logger":"py.warnings"}
{"timestamp":"2025-10-09T18:51:12.816977Z","level":"warning","event":"The `airflow.operators.bash.BashOperator` attribute is deprecated. Please use `'airflow.providers.standard.operators.bash.BashOperator'`.","category":"DeprecatedImportWarning","filename":"/opt/airflow/dags/get_data_with_airflow.py","lineno":5,"logger":"py.warnings"}
{"timestamp":"2025-10-09T18:51:43.592765Z","level":"info","event":"Filling up the DagBag from /opt/airflow/dags/get_data_with_airflow.py","logger":"airflow.models.dagbag.DagBag","filename":"dagbag.py","lineno":593}
{"timestamp":"2025-10-09T18:51:44.025710Z","level":"warning","event":"The `airflow.operators.python.PythonOperator` attribute is deprecated. Please use `'airflow.providers.standard.operators.python.PythonOperator'`.","category":"DeprecatedImportWarning","filename":"/opt/airflow/dags/get_data_with_airflow.py","lineno":4,"logger":"py.warnings"}
{"timestamp":"2025-10-09T18:51:44.025942Z","level":"warning","event":"The `airflow.operators.bash.BashOperator` attribute is deprecated. Please use `'airflow.providers.standard.operators.bash.BashOperator'`.","category":"DeprecatedImportWarning","filename":"/opt/airflow/dags/get_data_with_airflow.py","lineno":5,"logger":"py.warnings"}
{"timestamp":"2025-10-09T18:52:14.664801Z","level":"info","event":"Filling up the DagBag from /opt/airflow/dags/get_data_with_airflow.py","logger":"airflow.models.dagbag.DagBag","filename":"dagbag.py","lineno":593}
{"timestamp":"2025-10-09T18:52:15.042571Z","level":"warning","event":"The `airflow.operators.python.PythonOperator` attribute is deprecated. Please use `'airflow.providers.standard.operators.python.PythonOperator'`.","category":"DeprecatedImportWarning","filename":"/opt/airflow/dags/get_data_with_airflow.py","lineno":4,"logger":"py.warnings"}
{"timestamp":"2025-10-09T18:52:15.042865Z","level":"warning","event":"The `airflow.operators.bash.BashOperator` attribute is deprecated. Please use `'airflow.providers.standard.operators.bash.BashOperator'`.","category":"DeprecatedImportWarning","filename":"/opt/airflow/dags/get_data_with_airflow.py","lineno":5,"logger":"py.warnings"}
{"timestamp":"2025-10-09T18:52:45.693124Z","level":"info","event":"Filling up the DagBag from /opt/airflow/dags/get_data_with_airflow.py","logger":"airflow.models.dagbag.DagBag","filename":"dagbag.py","lineno":593}
{"timestamp":"2025-10-09T18:52:46.238211Z","level":"warning","event":"The `airflow.operators.python.PythonOperator` attribute is deprecated. Please use `'airflow.providers.standard.operators.python.PythonOperator'`.","category":"DeprecatedImportWarning","filename":"/opt/airflow/dags/get_data_with_airflow.py","lineno":4,"logger":"py.warnings"}
{"timestamp":"2025-10-09T18:52:46.238548Z","level":"warning","event":"The `airflow.operators.bash.BashOperator` attribute is deprecated. Please use `'airflow.providers.standard.operators.bash.BashOperator'`.","category":"DeprecatedImportWarning","filename":"/opt/airflow/dags/get_data_with_airflow.py","lineno":5,"logger":"py.warnings"}
{"timestamp":"2025-10-09T18:53:16.712426Z","level":"info","event":"Filling up the DagBag from /opt/airflow/dags/get_data_with_airflow.py","logger":"airflow.models.dagbag.DagBag","filename":"dagbag.py","lineno":593}
{"timestamp":"2025-10-09T18:53:17.044940Z","level":"warning","event":"The `airflow.operators.python.PythonOperator` attribute is deprecated. Please use `'airflow.providers.standard.operators.python.PythonOperator'`.","category":"DeprecatedImportWarning","filename":"/opt/airflow/dags/get_data_with_airflow.py","lineno":4,"logger":"py.warnings"}
{"timestamp":"2025-10-09T18:53:17.045055Z","level":"warning","event":"The `airflow.operators.bash.BashOperator` attribute is deprecated. Please use `'airflow.providers.standard.operators.bash.BashOperator'`.","category":"DeprecatedImportWarning","filename":"/opt/airflow/dags/get_data_with_airflow.py","lineno":5,"logger":"py.warnings"}
{"timestamp":"2025-10-09T18:53:47.590020Z","level":"info","event":"Filling up the DagBag from /opt/airflow/dags/get_data_with_airflow.py","logger":"airflow.models.dagbag.DagBag","filename":"dagbag.py","lineno":593}
{"timestamp":"2025-10-09T18:53:47.946288Z","level":"warning","event":"The `airflow.operators.python.PythonOperator` attribute is deprecated. Please use `'airflow.providers.standard.operators.python.PythonOperator'`.","category":"DeprecatedImportWarning","filename":"/opt/airflow/dags/get_data_with_airflow.py","lineno":4,"logger":"py.warnings"}
{"timestamp":"2025-10-09T18:53:47.946545Z","level":"warning","event":"The `airflow.operators.bash.BashOperator` attribute is deprecated. Please use `'airflow.providers.standard.operators.bash.BashOperator'`.","category":"DeprecatedImportWarning","filename":"/opt/airflow/dags/get_data_with_airflow.py","lineno":5,"logger":"py.warnings"}
{"timestamp":"2025-10-09T18:54:18.538118Z","level":"info","event":"Filling up the DagBag from /opt/airflow/dags/get_data_with_airflow.py","logger":"airflow.models.dagbag.DagBag","filename":"dagbag.py","lineno":593}
{"timestamp":"2025-10-09T18:54:18.986569Z","level":"warning","event":"The `airflow.operators.python.PythonOperator` attribute is deprecated. Please use `'airflow.providers.standard.operators.python.PythonOperator'`.","category":"DeprecatedImportWarning","filename":"/opt/airflow/dags/get_data_with_airflow.py","lineno":4,"logger":"py.warnings"}
{"timestamp":"2025-10-09T18:54:18.986923Z","level":"warning","event":"The `airflow.operators.bash.BashOperator` attribute is deprecated. Please use `'airflow.providers.standard.operators.bash.BashOperator'`.","category":"DeprecatedImportWarning","filename":"/opt/airflow/dags/get_data_with_airflow.py","lineno":5,"logger":"py.warnings"}
{"timestamp":"2025-10-09T18:54:49.524151Z","level":"info","event":"Filling up the DagBag from /opt/airflow/dags/get_data_with_airflow.py","logger":"airflow.models.dagbag.DagBag","filename":"dagbag.py","lineno":593}
{"timestamp":"2025-10-09T18:54:49.818137Z","level":"warning","event":"The `airflow.operators.python.PythonOperator` attribute is deprecated. Please use `'airflow.providers.standard.operators.python.PythonOperator'`.","category":"DeprecatedImportWarning","filename":"/opt/airflow/dags/get_data_with_airflow.py","lineno":4,"logger":"py.warnings"}
{"timestamp":"2025-10-09T18:54:49.818232Z","level":"warning","event":"The `airflow.operators.bash.BashOperator` attribute is deprecated. Please use `'airflow.providers.standard.operators.bash.BashOperator'`.","category":"DeprecatedImportWarning","filename":"/opt/airflow/dags/get_data_with_airflow.py","lineno":5,"logger":"py.warnings"}
{"timestamp":"2025-10-09T18:55:20.346392Z","level":"info","event":"Filling up the DagBag from /opt/airflow/dags/get_data_with_airflow.py","logger":"airflow.models.dagbag.DagBag","filename":"dagbag.py","lineno":593}
{"timestamp":"2025-10-09T18:55:20.681676Z","level":"warning","event":"The `airflow.operators.python.PythonOperator` attribute is deprecated. Please use `'airflow.providers.standard.operators.python.PythonOperator'`.","category":"DeprecatedImportWarning","filename":"/opt/airflow/dags/get_data_with_airflow.py","lineno":4,"logger":"py.warnings"}
{"timestamp":"2025-10-09T18:55:20.681772Z","level":"warning","event":"The `airflow.operators.bash.BashOperator` attribute is deprecated. Please use `'airflow.providers.standard.operators.bash.BashOperator'`.","category":"DeprecatedImportWarning","filename":"/opt/airflow/dags/get_data_with_airflow.py","lineno":5,"logger":"py.warnings"}
{"timestamp":"2025-10-09T18:55:51.231150Z","level":"info","event":"Filling up the DagBag from /opt/airflow/dags/get_data_with_airflow.py","logger":"airflow.models.dagbag.DagBag","filename":"dagbag.py","lineno":593}
{"timestamp":"2025-10-09T18:55:51.537104Z","level":"warning","event":"The `airflow.operators.python.PythonOperator` attribute is deprecated. Please use `'airflow.providers.standard.operators.python.PythonOperator'`.","category":"DeprecatedImportWarning","filename":"/opt/airflow/dags/get_data_with_airflow.py","lineno":4,"logger":"py.warnings"}
{"timestamp":"2025-10-09T18:55:51.537179Z","level":"warning","event":"The `airflow.operators.bash.BashOperator` attribute is deprecated. Please use `'airflow.providers.standard.operators.bash.BashOperator'`.","category":"DeprecatedImportWarning","filename":"/opt/airflow/dags/get_data_with_airflow.py","lineno":5,"logger":"py.warnings"}
{"timestamp":"2025-10-09T18:56:22.089375Z","level":"info","event":"Filling up the DagBag from /opt/airflow/dags/get_data_with_airflow.py","logger":"airflow.models.dagbag.DagBag","filename":"dagbag.py","lineno":593}
{"timestamp":"2025-10-09T18:56:22.403009Z","level":"warning","event":"The `airflow.operators.python.PythonOperator` attribute is deprecated. Please use `'airflow.providers.standard.operators.python.PythonOperator'`.","category":"DeprecatedImportWarning","filename":"/opt/airflow/dags/get_data_with_airflow.py","lineno":4,"logger":"py.warnings"}
{"timestamp":"2025-10-09T18:56:22.403259Z","level":"warning","event":"The `airflow.operators.bash.BashOperator` attribute is deprecated. Please use `'airflow.providers.standard.operators.bash.BashOperator'`.","category":"DeprecatedImportWarning","filename":"/opt/airflow/dags/get_data_with_airflow.py","lineno":5,"logger":"py.warnings"}
{"timestamp":"2025-10-09T18:56:52.934418Z","level":"info","event":"Filling up the DagBag from /opt/airflow/dags/get_data_with_airflow.py","logger":"airflow.models.dagbag.DagBag","filename":"dagbag.py","lineno":593}
{"timestamp":"2025-10-09T18:56:53.274766Z","level":"warning","event":"The `airflow.operators.python.PythonOperator` attribute is deprecated. Please use `'airflow.providers.standard.operators.python.PythonOperator'`.","category":"DeprecatedImportWarning","filename":"/opt/airflow/dags/get_data_with_airflow.py","lineno":4,"logger":"py.warnings"}
{"timestamp":"2025-10-09T18:56:53.274843Z","level":"warning","event":"The `airflow.operators.bash.BashOperator` attribute is deprecated. Please use `'airflow.providers.standard.operators.bash.BashOperator'`.","category":"DeprecatedImportWarning","filename":"/opt/airflow/dags/get_data_with_airflow.py","lineno":5,"logger":"py.warnings"}
{"timestamp":"2025-10-09T18:57:23.774068Z","level":"info","event":"Filling up the DagBag from /opt/airflow/dags/get_data_with_airflow.py","logger":"airflow.models.dagbag.DagBag","filename":"dagbag.py","lineno":593}
{"timestamp":"2025-10-09T18:57:24.113511Z","level":"warning","event":"The `airflow.operators.python.PythonOperator` attribute is deprecated. Please use `'airflow.providers.standard.operators.python.PythonOperator'`.","category":"DeprecatedImportWarning","filename":"/opt/airflow/dags/get_data_with_airflow.py","lineno":4,"logger":"py.warnings"}
{"timestamp":"2025-10-09T18:57:24.113597Z","level":"warning","event":"The `airflow.operators.bash.BashOperator` attribute is deprecated. Please use `'airflow.providers.standard.operators.bash.BashOperator'`.","category":"DeprecatedImportWarning","filename":"/opt/airflow/dags/get_data_with_airflow.py","lineno":5,"logger":"py.warnings"}
{"timestamp":"2025-10-09T18:57:54.648995Z","level":"info","event":"Filling up the DagBag from /opt/airflow/dags/get_data_with_airflow.py","logger":"airflow.models.dagbag.DagBag","filename":"dagbag.py","lineno":593}
{"timestamp":"2025-10-09T18:57:55.089291Z","level":"warning","event":"The `airflow.operators.python.PythonOperator` attribute is deprecated. Please use `'airflow.providers.standard.operators.python.PythonOperator'`.","category":"DeprecatedImportWarning","filename":"/opt/airflow/dags/get_data_with_airflow.py","lineno":4,"logger":"py.warnings"}
{"timestamp":"2025-10-09T18:57:55.089745Z","level":"warning","event":"The `airflow.operators.bash.BashOperator` attribute is deprecated. Please use `'airflow.providers.standard.operators.bash.BashOperator'`.","category":"DeprecatedImportWarning","filename":"/opt/airflow/dags/get_data_with_airflow.py","lineno":5,"logger":"py.warnings"}
{"timestamp":"2025-10-09T18:58:26.662367Z","level":"info","event":"Filling up the DagBag from /opt/airflow/dags/get_data_with_airflow.py","logger":"airflow.models.dagbag.DagBag","filename":"dagbag.py","lineno":593}
{"timestamp":"2025-10-09T18:58:27.159675Z","level":"warning","event":"The `airflow.operators.python.PythonOperator` attribute is deprecated. Please use `'airflow.providers.standard.operators.python.PythonOperator'`.","category":"DeprecatedImportWarning","filename":"/opt/airflow/dags/get_data_with_airflow.py","lineno":4,"logger":"py.warnings"}
{"timestamp":"2025-10-09T18:58:27.160957Z","level":"warning","event":"The `airflow.operators.bash.BashOperator` attribute is deprecated. Please use `'airflow.providers.standard.operators.bash.BashOperator'`.","category":"DeprecatedImportWarning","filename":"/opt/airflow/dags/get_data_with_airflow.py","lineno":5,"logger":"py.warnings"}
{"timestamp":"2025-10-09T18:58:57.732326Z","level":"info","event":"Filling up the DagBag from /opt/airflow/dags/get_data_with_airflow.py","logger":"airflow.models.dagbag.DagBag","filename":"dagbag.py","lineno":593}
{"timestamp":"2025-10-09T18:58:58.211104Z","level":"warning","event":"The `airflow.operators.python.PythonOperator` attribute is deprecated. Please use `'airflow.providers.standard.operators.python.PythonOperator'`.","category":"DeprecatedImportWarning","filename":"/opt/airflow/dags/get_data_with_airflow.py","lineno":4,"logger":"py.warnings"}
{"timestamp":"2025-10-09T18:58:58.211217Z","level":"warning","event":"The `airflow.operators.bash.BashOperator` attribute is deprecated. Please use `'airflow.providers.standard.operators.bash.BashOperator'`.","category":"DeprecatedImportWarning","filename":"/opt/airflow/dags/get_data_with_airflow.py","lineno":5,"logger":"py.warnings"}
{"timestamp":"2025-10-09T18:59:28.762345Z","level":"info","event":"Filling up the DagBag from /opt/airflow/dags/get_data_with_airflow.py","logger":"airflow.models.dagbag.DagBag","filename":"dagbag.py","lineno":593}
{"timestamp":"2025-10-09T18:59:29.150201Z","level":"warning","event":"The `airflow.operators.python.PythonOperator` attribute is deprecated. Please use `'airflow.providers.standard.operators.python.PythonOperator'`.","category":"DeprecatedImportWarning","filename":"/opt/airflow/dags/get_data_with_airflow.py","lineno":4,"logger":"py.warnings"}
{"timestamp":"2025-10-09T18:59:29.150486Z","level":"warning","event":"The `airflow.operators.bash.BashOperator` attribute is deprecated. Please use `'airflow.providers.standard.operators.bash.BashOperator'`.","category":"DeprecatedImportWarning","filename":"/opt/airflow/dags/get_data_with_airflow.py","lineno":5,"logger":"py.warnings"}
{"timestamp":"2025-10-09T18:59:59.660657Z","level":"info","event":"Filling up the DagBag from /opt/airflow/dags/get_data_with_airflow.py","logger":"airflow.models.dagbag.DagBag","filename":"dagbag.py","lineno":593}
{"timestamp":"2025-10-09T19:00:00.039511Z","level":"warning","event":"The `airflow.operators.python.PythonOperator` attribute is deprecated. Please use `'airflow.providers.standard.operators.python.PythonOperator'`.","category":"DeprecatedImportWarning","filename":"/opt/airflow/dags/get_data_with_airflow.py","lineno":4,"logger":"py.warnings"}
{"timestamp":"2025-10-09T19:00:00.039761Z","level":"warning","event":"The `airflow.operators.bash.BashOperator` attribute is deprecated. Please use `'airflow.providers.standard.operators.bash.BashOperator'`.","category":"DeprecatedImportWarning","filename":"/opt/airflow/dags/get_data_with_airflow.py","lineno":5,"logger":"py.warnings"}
{"timestamp":"2025-10-09T19:00:30.666107Z","level":"info","event":"Filling up the DagBag from /opt/airflow/dags/get_data_with_airflow.py","logger":"airflow.models.dagbag.DagBag","filename":"dagbag.py","lineno":593}
{"timestamp":"2025-10-09T19:00:31.318898Z","level":"warning","event":"The `airflow.operators.python.PythonOperator` attribute is deprecated. Please use `'airflow.providers.standard.operators.python.PythonOperator'`.","category":"DeprecatedImportWarning","filename":"/opt/airflow/dags/get_data_with_airflow.py","lineno":4,"logger":"py.warnings"}
{"timestamp":"2025-10-09T19:00:31.319060Z","level":"warning","event":"The `airflow.operators.bash.BashOperator` attribute is deprecated. Please use `'airflow.providers.standard.operators.bash.BashOperator'`.","category":"DeprecatedImportWarning","filename":"/opt/airflow/dags/get_data_with_airflow.py","lineno":5,"logger":"py.warnings"}
{"timestamp":"2025-10-09T19:01:01.857568Z","level":"info","event":"Filling up the DagBag from /opt/airflow/dags/get_data_with_airflow.py","logger":"airflow.models.dagbag.DagBag","filename":"dagbag.py","lineno":593}
{"timestamp":"2025-10-09T19:01:02.373159Z","level":"warning","event":"The `airflow.operators.python.PythonOperator` attribute is deprecated. Please use `'airflow.providers.standard.operators.python.PythonOperator'`.","category":"DeprecatedImportWarning","filename":"/opt/airflow/dags/get_data_with_airflow.py","lineno":4,"logger":"py.warnings"}
{"timestamp":"2025-10-09T19:01:02.373743Z","level":"warning","event":"The `airflow.operators.bash.BashOperator` attribute is deprecated. Please use `'airflow.providers.standard.operators.bash.BashOperator'`.","category":"DeprecatedImportWarning","filename":"/opt/airflow/dags/get_data_with_airflow.py","lineno":5,"logger":"py.warnings"}
{"timestamp":"2025-10-09T19:01:32.975757Z","level":"info","event":"Filling up the DagBag from /opt/airflow/dags/get_data_with_airflow.py","logger":"airflow.models.dagbag.DagBag","filename":"dagbag.py","lineno":593}
{"timestamp":"2025-10-09T19:01:33.697820Z","level":"warning","event":"The `airflow.operators.python.PythonOperator` attribute is deprecated. Please use `'airflow.providers.standard.operators.python.PythonOperator'`.","category":"DeprecatedImportWarning","filename":"/opt/airflow/dags/get_data_with_airflow.py","lineno":4,"logger":"py.warnings"}
{"timestamp":"2025-10-09T19:01:33.698790Z","level":"warning","event":"The `airflow.operators.bash.BashOperator` attribute is deprecated. Please use `'airflow.providers.standard.operators.bash.BashOperator'`.","category":"DeprecatedImportWarning","filename":"/opt/airflow/dags/get_data_with_airflow.py","lineno":5,"logger":"py.warnings"}
{"timestamp":"2025-10-09T19:02:04.368634Z","level":"info","event":"Filling up the DagBag from /opt/airflow/dags/get_data_with_airflow.py","logger":"airflow.models.dagbag.DagBag","filename":"dagbag.py","lineno":593}
{"timestamp":"2025-10-09T19:02:04.950146Z","level":"warning","event":"The `airflow.operators.python.PythonOperator` attribute is deprecated. Please use `'airflow.providers.standard.operators.python.PythonOperator'`.","category":"DeprecatedImportWarning","filename":"/opt/airflow/dags/get_data_with_airflow.py","lineno":4,"logger":"py.warnings"}
{"timestamp":"2025-10-09T19:02:04.950309Z","level":"warning","event":"The `airflow.operators.bash.BashOperator` attribute is deprecated. Please use `'airflow.providers.standard.operators.bash.BashOperator'`.","category":"DeprecatedImportWarning","filename":"/opt/airflow/dags/get_data_with_airflow.py","lineno":5,"logger":"py.warnings"}
{"timestamp":"2025-10-09T19:02:35.551362Z","level":"info","event":"Filling up the DagBag from /opt/airflow/dags/get_data_with_airflow.py","logger":"airflow.models.dagbag.DagBag","filename":"dagbag.py","lineno":593}
{"timestamp":"2025-10-09T19:02:36.642068Z","level":"warning","event":"The `airflow.operators.python.PythonOperator` attribute is deprecated. Please use `'airflow.providers.standard.operators.python.PythonOperator'`.","category":"DeprecatedImportWarning","filename":"/opt/airflow/dags/get_data_with_airflow.py","lineno":4,"logger":"py.warnings"}
{"timestamp":"2025-10-09T19:02:36.642274Z","level":"warning","event":"The `airflow.operators.bash.BashOperator` attribute is deprecated. Please use `'airflow.providers.standard.operators.bash.BashOperator'`.","category":"DeprecatedImportWarning","filename":"/opt/airflow/dags/get_data_with_airflow.py","lineno":5,"logger":"py.warnings"}
{"timestamp":"2025-10-09T19:03:07.309903Z","level":"info","event":"Filling up the DagBag from /opt/airflow/dags/get_data_with_airflow.py","logger":"airflow.models.dagbag.DagBag","filename":"dagbag.py","lineno":593}
{"timestamp":"2025-10-09T19:03:07.873667Z","level":"warning","event":"The `airflow.operators.python.PythonOperator` attribute is deprecated. Please use `'airflow.providers.standard.operators.python.PythonOperator'`.","category":"DeprecatedImportWarning","filename":"/opt/airflow/dags/get_data_with_airflow.py","lineno":4,"logger":"py.warnings"}
{"timestamp":"2025-10-09T19:03:07.874018Z","level":"warning","event":"The `airflow.operators.bash.BashOperator` attribute is deprecated. Please use `'airflow.providers.standard.operators.bash.BashOperator'`.","category":"DeprecatedImportWarning","filename":"/opt/airflow/dags/get_data_with_airflow.py","lineno":5,"logger":"py.warnings"}
{"timestamp":"2025-10-09T19:03:39.674459Z","level":"info","event":"Filling up the DagBag from /opt/airflow/dags/get_data_with_airflow.py","logger":"airflow.models.dagbag.DagBag","filename":"dagbag.py","lineno":593}
{"timestamp":"2025-10-09T19:03:40.238785Z","level":"warning","event":"The `airflow.operators.python.PythonOperator` attribute is deprecated. Please use `'airflow.providers.standard.operators.python.PythonOperator'`.","category":"DeprecatedImportWarning","filename":"/opt/airflow/dags/get_data_with_airflow.py","lineno":4,"logger":"py.warnings"}
{"timestamp":"2025-10-09T19:03:40.238896Z","level":"warning","event":"The `airflow.operators.bash.BashOperator` attribute is deprecated. Please use `'airflow.providers.standard.operators.bash.BashOperator'`.","category":"DeprecatedImportWarning","filename":"/opt/airflow/dags/get_data_with_airflow.py","lineno":5,"logger":"py.warnings"}
{"timestamp":"2025-10-09T19:04:10.847927Z","level":"info","event":"Filling up the DagBag from /opt/airflow/dags/get_data_with_airflow.py","logger":"airflow.models.dagbag.DagBag","filename":"dagbag.py","lineno":593}
{"timestamp":"2025-10-09T19:04:11.387860Z","level":"warning","event":"The `airflow.operators.python.PythonOperator` attribute is deprecated. Please use `'airflow.providers.standard.operators.python.PythonOperator'`.","category":"DeprecatedImportWarning","filename":"/opt/airflow/dags/get_data_with_airflow.py","lineno":4,"logger":"py.warnings"}
{"timestamp":"2025-10-09T19:04:11.387940Z","level":"warning","event":"The `airflow.operators.bash.BashOperator` attribute is deprecated. Please use `'airflow.providers.standard.operators.bash.BashOperator'`.","category":"DeprecatedImportWarning","filename":"/opt/airflow/dags/get_data_with_airflow.py","lineno":5,"logger":"py.warnings"}
{"timestamp":"2025-10-09T19:04:42.014054Z","level":"info","event":"Filling up the DagBag from /opt/airflow/dags/get_data_with_airflow.py","logger":"airflow.models.dagbag.DagBag","filename":"dagbag.py","lineno":593}
{"timestamp":"2025-10-09T19:04:42.607576Z","level":"warning","event":"The `airflow.operators.python.PythonOperator` attribute is deprecated. Please use `'airflow.providers.standard.operators.python.PythonOperator'`.","category":"DeprecatedImportWarning","filename":"/opt/airflow/dags/get_data_with_airflow.py","lineno":4,"logger":"py.warnings"}
{"timestamp":"2025-10-09T19:04:42.608154Z","level":"warning","event":"The `airflow.operators.bash.BashOperator` attribute is deprecated. Please use `'airflow.providers.standard.operators.bash.BashOperator'`.","category":"DeprecatedImportWarning","filename":"/opt/airflow/dags/get_data_with_airflow.py","lineno":5,"logger":"py.warnings"}
{"timestamp":"2025-10-09T19:05:13.334795Z","level":"info","event":"Filling up the DagBag from /opt/airflow/dags/get_data_with_airflow.py","logger":"airflow.models.dagbag.DagBag","filename":"dagbag.py","lineno":593}
{"timestamp":"2025-10-09T19:05:13.915999Z","level":"warning","event":"The `airflow.operators.python.PythonOperator` attribute is deprecated. Please use `'airflow.providers.standard.operators.python.PythonOperator'`.","category":"DeprecatedImportWarning","filename":"/opt/airflow/dags/get_data_with_airflow.py","lineno":4,"logger":"py.warnings"}
{"timestamp":"2025-10-09T19:05:13.916412Z","level":"warning","event":"The `airflow.operators.bash.BashOperator` attribute is deprecated. Please use `'airflow.providers.standard.operators.bash.BashOperator'`.","category":"DeprecatedImportWarning","filename":"/opt/airflow/dags/get_data_with_airflow.py","lineno":5,"logger":"py.warnings"}
{"timestamp":"2025-10-09T19:05:44.711659Z","level":"info","event":"Filling up the DagBag from /opt/airflow/dags/get_data_with_airflow.py","logger":"airflow.models.dagbag.DagBag","filename":"dagbag.py","lineno":593}
{"timestamp":"2025-10-09T19:05:45.291454Z","level":"warning","event":"The `airflow.operators.python.PythonOperator` attribute is deprecated. Please use `'airflow.providers.standard.operators.python.PythonOperator'`.","category":"DeprecatedImportWarning","filename":"/opt/airflow/dags/get_data_with_airflow.py","lineno":4,"logger":"py.warnings"}
{"timestamp":"2025-10-09T19:05:45.291582Z","level":"warning","event":"The `airflow.operators.bash.BashOperator` attribute is deprecated. Please use `'airflow.providers.standard.operators.bash.BashOperator'`.","category":"DeprecatedImportWarning","filename":"/opt/airflow/dags/get_data_with_airflow.py","lineno":5,"logger":"py.warnings"}
{"timestamp":"2025-10-09T19:06:16.206759Z","level":"info","event":"Filling up the DagBag from /opt/airflow/dags/get_data_with_airflow.py","logger":"airflow.models.dagbag.DagBag","filename":"dagbag.py","lineno":593}
{"timestamp":"2025-10-09T19:06:16.877806Z","level":"warning","event":"The `airflow.operators.python.PythonOperator` attribute is deprecated. Please use `'airflow.providers.standard.operators.python.PythonOperator'`.","category":"DeprecatedImportWarning","filename":"/opt/airflow/dags/get_data_with_airflow.py","lineno":4,"logger":"py.warnings"}
{"timestamp":"2025-10-09T19:06:16.877920Z","level":"warning","event":"The `airflow.operators.bash.BashOperator` attribute is deprecated. Please use `'airflow.providers.standard.operators.bash.BashOperator'`.","category":"DeprecatedImportWarning","filename":"/opt/airflow/dags/get_data_with_airflow.py","lineno":5,"logger":"py.warnings"}
{"timestamp":"2025-10-09T19:06:47.436145Z","level":"info","event":"Filling up the DagBag from /opt/airflow/dags/get_data_with_airflow.py","logger":"airflow.models.dagbag.DagBag","filename":"dagbag.py","lineno":593}
{"timestamp":"2025-10-09T19:06:47.867248Z","level":"warning","event":"The `airflow.operators.python.PythonOperator` attribute is deprecated. Please use `'airflow.providers.standard.operators.python.PythonOperator'`.","category":"DeprecatedImportWarning","filename":"/opt/airflow/dags/get_data_with_airflow.py","lineno":4,"logger":"py.warnings"}
{"timestamp":"2025-10-09T19:06:47.867341Z","level":"warning","event":"The `airflow.operators.bash.BashOperator` attribute is deprecated. Please use `'airflow.providers.standard.operators.bash.BashOperator'`.","category":"DeprecatedImportWarning","filename":"/opt/airflow/dags/get_data_with_airflow.py","lineno":5,"logger":"py.warnings"}
{"timestamp":"2025-10-09T19:07:18.354145Z","level":"info","event":"Filling up the DagBag from /opt/airflow/dags/get_data_with_airflow.py","logger":"airflow.models.dagbag.DagBag","filename":"dagbag.py","lineno":593}
{"timestamp":"2025-10-09T19:07:18.942501Z","level":"warning","event":"The `airflow.operators.python.PythonOperator` attribute is deprecated. Please use `'airflow.providers.standard.operators.python.PythonOperator'`.","category":"DeprecatedImportWarning","filename":"/opt/airflow/dags/get_data_with_airflow.py","lineno":4,"logger":"py.warnings"}
{"timestamp":"2025-10-09T19:07:18.943266Z","level":"warning","event":"The `airflow.operators.bash.BashOperator` attribute is deprecated. Please use `'airflow.providers.standard.operators.bash.BashOperator'`.","category":"DeprecatedImportWarning","filename":"/opt/airflow/dags/get_data_with_airflow.py","lineno":5,"logger":"py.warnings"}
{"timestamp":"2025-10-09T19:07:49.499038Z","level":"info","event":"Filling up the DagBag from /opt/airflow/dags/get_data_with_airflow.py","logger":"airflow.models.dagbag.DagBag","filename":"dagbag.py","lineno":593}
{"timestamp":"2025-10-09T19:07:50.028478Z","level":"warning","event":"The `airflow.operators.python.PythonOperator` attribute is deprecated. Please use `'airflow.providers.standard.operators.python.PythonOperator'`.","category":"DeprecatedImportWarning","filename":"/opt/airflow/dags/get_data_with_airflow.py","lineno":4,"logger":"py.warnings"}
{"timestamp":"2025-10-09T19:07:50.028600Z","level":"warning","event":"The `airflow.operators.bash.BashOperator` attribute is deprecated. Please use `'airflow.providers.standard.operators.bash.BashOperator'`.","category":"DeprecatedImportWarning","filename":"/opt/airflow/dags/get_data_with_airflow.py","lineno":5,"logger":"py.warnings"}
{"timestamp":"2025-10-09T19:08:20.677258Z","level":"info","event":"Filling up the DagBag from /opt/airflow/dags/get_data_with_airflow.py","logger":"airflow.models.dagbag.DagBag","filename":"dagbag.py","lineno":593}
{"timestamp":"2025-10-09T19:08:21.177451Z","level":"warning","event":"The `airflow.operators.python.PythonOperator` attribute is deprecated. Please use `'airflow.providers.standard.operators.python.PythonOperator'`.","category":"DeprecatedImportWarning","filename":"/opt/airflow/dags/get_data_with_airflow.py","lineno":4,"logger":"py.warnings"}
{"timestamp":"2025-10-09T19:08:21.177755Z","level":"warning","event":"The `airflow.operators.bash.BashOperator` attribute is deprecated. Please use `'airflow.providers.standard.operators.bash.BashOperator'`.","category":"DeprecatedImportWarning","filename":"/opt/airflow/dags/get_data_with_airflow.py","lineno":5,"logger":"py.warnings"}
{"timestamp":"2025-10-09T19:08:51.770811Z","level":"info","event":"Filling up the DagBag from /opt/airflow/dags/get_data_with_airflow.py","logger":"airflow.models.dagbag.DagBag","filename":"dagbag.py","lineno":593}
{"timestamp":"2025-10-09T19:08:52.285232Z","level":"warning","event":"The `airflow.operators.python.PythonOperator` attribute is deprecated. Please use `'airflow.providers.standard.operators.python.PythonOperator'`.","category":"DeprecatedImportWarning","filename":"/opt/airflow/dags/get_data_with_airflow.py","lineno":4,"logger":"py.warnings"}
{"timestamp":"2025-10-09T19:08:52.285632Z","level":"warning","event":"The `airflow.operators.bash.BashOperator` attribute is deprecated. Please use `'airflow.providers.standard.operators.bash.BashOperator'`.","category":"DeprecatedImportWarning","filename":"/opt/airflow/dags/get_data_with_airflow.py","lineno":5,"logger":"py.warnings"}
{"timestamp":"2025-10-09T19:09:22.981670Z","level":"info","event":"Filling up the DagBag from /opt/airflow/dags/get_data_with_airflow.py","logger":"airflow.models.dagbag.DagBag","filename":"dagbag.py","lineno":593}
{"timestamp":"2025-10-09T19:09:23.582421Z","level":"warning","event":"The `airflow.operators.python.PythonOperator` attribute is deprecated. Please use `'airflow.providers.standard.operators.python.PythonOperator'`.","category":"DeprecatedImportWarning","filename":"/opt/airflow/dags/get_data_with_airflow.py","lineno":4,"logger":"py.warnings"}
{"timestamp":"2025-10-09T19:09:23.582547Z","level":"warning","event":"The `airflow.operators.bash.BashOperator` attribute is deprecated. Please use `'airflow.providers.standard.operators.bash.BashOperator'`.","category":"DeprecatedImportWarning","filename":"/opt/airflow/dags/get_data_with_airflow.py","lineno":5,"logger":"py.warnings"}
{"timestamp":"2025-10-09T19:09:54.232061Z","level":"info","event":"Filling up the DagBag from /opt/airflow/dags/get_data_with_airflow.py","logger":"airflow.models.dagbag.DagBag","filename":"dagbag.py","lineno":593}
{"timestamp":"2025-10-09T19:09:54.740909Z","level":"warning","event":"The `airflow.operators.python.PythonOperator` attribute is deprecated. Please use `'airflow.providers.standard.operators.python.PythonOperator'`.","category":"DeprecatedImportWarning","filename":"/opt/airflow/dags/get_data_with_airflow.py","lineno":4,"logger":"py.warnings"}
{"timestamp":"2025-10-09T19:09:54.741552Z","level":"warning","event":"The `airflow.operators.bash.BashOperator` attribute is deprecated. Please use `'airflow.providers.standard.operators.bash.BashOperator'`.","category":"DeprecatedImportWarning","filename":"/opt/airflow/dags/get_data_with_airflow.py","lineno":5,"logger":"py.warnings"}
{"timestamp":"2025-10-09T19:10:25.376220Z","level":"info","event":"Filling up the DagBag from /opt/airflow/dags/get_data_with_airflow.py","logger":"airflow.models.dagbag.DagBag","filename":"dagbag.py","lineno":593}
{"timestamp":"2025-10-09T19:10:25.878230Z","level":"warning","event":"The `airflow.operators.python.PythonOperator` attribute is deprecated. Please use `'airflow.providers.standard.operators.python.PythonOperator'`.","category":"DeprecatedImportWarning","filename":"/opt/airflow/dags/get_data_with_airflow.py","lineno":4,"logger":"py.warnings"}
{"timestamp":"2025-10-09T19:10:25.878361Z","level":"warning","event":"The `airflow.operators.bash.BashOperator` attribute is deprecated. Please use `'airflow.providers.standard.operators.bash.BashOperator'`.","category":"DeprecatedImportWarning","filename":"/opt/airflow/dags/get_data_with_airflow.py","lineno":5,"logger":"py.warnings"}
{"timestamp":"2025-10-09T19:10:56.692150Z","level":"info","event":"Filling up the DagBag from /opt/airflow/dags/get_data_with_airflow.py","logger":"airflow.models.dagbag.DagBag","filename":"dagbag.py","lineno":593}
{"timestamp":"2025-10-09T19:10:57.205907Z","level":"warning","event":"The `airflow.operators.python.PythonOperator` attribute is deprecated. Please use `'airflow.providers.standard.operators.python.PythonOperator'`.","category":"DeprecatedImportWarning","filename":"/opt/airflow/dags/get_data_with_airflow.py","lineno":4,"logger":"py.warnings"}
{"timestamp":"2025-10-09T19:10:57.205998Z","level":"warning","event":"The `airflow.operators.bash.BashOperator` attribute is deprecated. Please use `'airflow.providers.standard.operators.bash.BashOperator'`.","category":"DeprecatedImportWarning","filename":"/opt/airflow/dags/get_data_with_airflow.py","lineno":5,"logger":"py.warnings"}
{"timestamp":"2025-10-09T19:11:27.792215Z","level":"info","event":"Filling up the DagBag from /opt/airflow/dags/get_data_with_airflow.py","logger":"airflow.models.dagbag.DagBag","filename":"dagbag.py","lineno":593}
{"timestamp":"2025-10-09T19:11:28.267279Z","level":"warning","event":"The `airflow.operators.python.PythonOperator` attribute is deprecated. Please use `'airflow.providers.standard.operators.python.PythonOperator'`.","category":"DeprecatedImportWarning","filename":"/opt/airflow/dags/get_data_with_airflow.py","lineno":4,"logger":"py.warnings"}
{"timestamp":"2025-10-09T19:11:28.267353Z","level":"warning","event":"The `airflow.operators.bash.BashOperator` attribute is deprecated. Please use `'airflow.providers.standard.operators.bash.BashOperator'`.","category":"DeprecatedImportWarning","filename":"/opt/airflow/dags/get_data_with_airflow.py","lineno":5,"logger":"py.warnings"}
{"timestamp":"2025-10-09T19:11:58.791068Z","level":"info","event":"Filling up the DagBag from /opt/airflow/dags/get_data_with_airflow.py","logger":"airflow.models.dagbag.DagBag","filename":"dagbag.py","lineno":593}
{"timestamp":"2025-10-09T19:11:59.264786Z","level":"warning","event":"The `airflow.operators.python.PythonOperator` attribute is deprecated. Please use `'airflow.providers.standard.operators.python.PythonOperator'`.","category":"DeprecatedImportWarning","filename":"/opt/airflow/dags/get_data_with_airflow.py","lineno":4,"logger":"py.warnings"}
{"timestamp":"2025-10-09T19:11:59.264885Z","level":"warning","event":"The `airflow.operators.bash.BashOperator` attribute is deprecated. Please use `'airflow.providers.standard.operators.bash.BashOperator'`.","category":"DeprecatedImportWarning","filename":"/opt/airflow/dags/get_data_with_airflow.py","lineno":5,"logger":"py.warnings"}
{"timestamp":"2025-10-09T19:12:29.816631Z","level":"info","event":"Filling up the DagBag from /opt/airflow/dags/get_data_with_airflow.py","logger":"airflow.models.dagbag.DagBag","filename":"dagbag.py","lineno":593}
{"timestamp":"2025-10-09T19:12:34.747039Z","level":"warning","event":"The `airflow.operators.python.PythonOperator` attribute is deprecated. Please use `'airflow.providers.standard.operators.python.PythonOperator'`.","category":"DeprecatedImportWarning","filename":"/opt/airflow/dags/get_data_with_airflow.py","lineno":4,"logger":"py.warnings"}
{"timestamp":"2025-10-09T19:12:34.747442Z","level":"warning","event":"The `airflow.operators.bash.BashOperator` attribute is deprecated. Please use `'airflow.providers.standard.operators.bash.BashOperator'`.","category":"DeprecatedImportWarning","filename":"/opt/airflow/dags/get_data_with_airflow.py","lineno":5,"logger":"py.warnings"}
{"timestamp":"2025-10-09T19:13:05.303209Z","level":"info","event":"Filling up the DagBag from /opt/airflow/dags/get_data_with_airflow.py","logger":"airflow.models.dagbag.DagBag","filename":"dagbag.py","lineno":593}
{"timestamp":"2025-10-09T19:13:05.886200Z","level":"warning","event":"The `airflow.operators.python.PythonOperator` attribute is deprecated. Please use `'airflow.providers.standard.operators.python.PythonOperator'`.","category":"DeprecatedImportWarning","filename":"/opt/airflow/dags/get_data_with_airflow.py","lineno":4,"logger":"py.warnings"}
{"timestamp":"2025-10-09T19:13:05.886537Z","level":"warning","event":"The `airflow.operators.bash.BashOperator` attribute is deprecated. Please use `'airflow.providers.standard.operators.bash.BashOperator'`.","category":"DeprecatedImportWarning","filename":"/opt/airflow/dags/get_data_with_airflow.py","lineno":5,"logger":"py.warnings"}
{"timestamp":"2025-10-09T19:13:36.505141Z","level":"info","event":"Filling up the DagBag from /opt/airflow/dags/get_data_with_airflow.py","logger":"airflow.models.dagbag.DagBag","filename":"dagbag.py","lineno":593}
{"timestamp":"2025-10-09T19:13:37.042862Z","level":"warning","event":"The `airflow.operators.python.PythonOperator` attribute is deprecated. Please use `'airflow.providers.standard.operators.python.PythonOperator'`.","category":"DeprecatedImportWarning","filename":"/opt/airflow/dags/get_data_with_airflow.py","lineno":4,"logger":"py.warnings"}
{"timestamp":"2025-10-09T19:13:37.042973Z","level":"warning","event":"The `airflow.operators.bash.BashOperator` attribute is deprecated. Please use `'airflow.providers.standard.operators.bash.BashOperator'`.","category":"DeprecatedImportWarning","filename":"/opt/airflow/dags/get_data_with_airflow.py","lineno":5,"logger":"py.warnings"}
{"timestamp":"2025-10-09T19:14:07.623991Z","level":"info","event":"Filling up the DagBag from /opt/airflow/dags/get_data_with_airflow.py","logger":"airflow.models.dagbag.DagBag","filename":"dagbag.py","lineno":593}
{"timestamp":"2025-10-09T19:14:08.209910Z","level":"warning","event":"The `airflow.operators.python.PythonOperator` attribute is deprecated. Please use `'airflow.providers.standard.operators.python.PythonOperator'`.","category":"DeprecatedImportWarning","filename":"/opt/airflow/dags/get_data_with_airflow.py","lineno":4,"logger":"py.warnings"}
{"timestamp":"2025-10-09T19:14:08.210013Z","level":"warning","event":"The `airflow.operators.bash.BashOperator` attribute is deprecated. Please use `'airflow.providers.standard.operators.bash.BashOperator'`.","category":"DeprecatedImportWarning","filename":"/opt/airflow/dags/get_data_with_airflow.py","lineno":5,"logger":"py.warnings"}
{"timestamp":"2025-10-09T19:14:38.963680Z","level":"info","event":"Filling up the DagBag from /opt/airflow/dags/get_data_with_airflow.py","logger":"airflow.models.dagbag.DagBag","filename":"dagbag.py","lineno":593}
{"timestamp":"2025-10-09T19:14:39.480579Z","level":"warning","event":"The `airflow.operators.python.PythonOperator` attribute is deprecated. Please use `'airflow.providers.standard.operators.python.PythonOperator'`.","category":"DeprecatedImportWarning","filename":"/opt/airflow/dags/get_data_with_airflow.py","lineno":4,"logger":"py.warnings"}
{"timestamp":"2025-10-09T19:14:39.480671Z","level":"warning","event":"The `airflow.operators.bash.BashOperator` attribute is deprecated. Please use `'airflow.providers.standard.operators.bash.BashOperator'`.","category":"DeprecatedImportWarning","filename":"/opt/airflow/dags/get_data_with_airflow.py","lineno":5,"logger":"py.warnings"}
{"timestamp":"2025-10-09T19:15:10.064245Z","level":"info","event":"Filling up the DagBag from /opt/airflow/dags/get_data_with_airflow.py","logger":"airflow.models.dagbag.DagBag","filename":"dagbag.py","lineno":593}
{"timestamp":"2025-10-09T19:15:10.561939Z","level":"warning","event":"The `airflow.operators.python.PythonOperator` attribute is deprecated. Please use `'airflow.providers.standard.operators.python.PythonOperator'`.","category":"DeprecatedImportWarning","filename":"/opt/airflow/dags/get_data_with_airflow.py","lineno":4,"logger":"py.warnings"}
{"timestamp":"2025-10-09T19:15:10.562048Z","level":"warning","event":"The `airflow.operators.bash.BashOperator` attribute is deprecated. Please use `'airflow.providers.standard.operators.bash.BashOperator'`.","category":"DeprecatedImportWarning","filename":"/opt/airflow/dags/get_data_with_airflow.py","lineno":5,"logger":"py.warnings"}
{"timestamp":"2025-10-09T19:15:41.180009Z","level":"info","event":"Filling up the DagBag from /opt/airflow/dags/get_data_with_airflow.py","logger":"airflow.models.dagbag.DagBag","filename":"dagbag.py","lineno":593}
{"timestamp":"2025-10-09T19:15:41.709266Z","level":"warning","event":"The `airflow.operators.python.PythonOperator` attribute is deprecated. Please use `'airflow.providers.standard.operators.python.PythonOperator'`.","category":"DeprecatedImportWarning","filename":"/opt/airflow/dags/get_data_with_airflow.py","lineno":4,"logger":"py.warnings"}
{"timestamp":"2025-10-09T19:15:41.709384Z","level":"warning","event":"The `airflow.operators.bash.BashOperator` attribute is deprecated. Please use `'airflow.providers.standard.operators.bash.BashOperator'`.","category":"DeprecatedImportWarning","filename":"/opt/airflow/dags/get_data_with_airflow.py","lineno":5,"logger":"py.warnings"}
{"timestamp":"2025-10-09T19:16:12.577194Z","level":"info","event":"Filling up the DagBag from /opt/airflow/dags/get_data_with_airflow.py","logger":"airflow.models.dagbag.DagBag","filename":"dagbag.py","lineno":593}
{"timestamp":"2025-10-09T19:16:13.168485Z","level":"warning","event":"The `airflow.operators.python.PythonOperator` attribute is deprecated. Please use `'airflow.providers.standard.operators.python.PythonOperator'`.","category":"DeprecatedImportWarning","filename":"/opt/airflow/dags/get_data_with_airflow.py","lineno":4,"logger":"py.warnings"}
{"timestamp":"2025-10-09T19:16:13.168566Z","level":"warning","event":"The `airflow.operators.bash.BashOperator` attribute is deprecated. Please use `'airflow.providers.standard.operators.bash.BashOperator'`.","category":"DeprecatedImportWarning","filename":"/opt/airflow/dags/get_data_with_airflow.py","lineno":5,"logger":"py.warnings"}
{"timestamp":"2025-10-09T19:16:43.770887Z","level":"info","event":"Filling up the DagBag from /opt/airflow/dags/get_data_with_airflow.py","logger":"airflow.models.dagbag.DagBag","filename":"dagbag.py","lineno":593}
{"timestamp":"2025-10-09T19:16:44.329691Z","level":"warning","event":"The `airflow.operators.python.PythonOperator` attribute is deprecated. Please use `'airflow.providers.standard.operators.python.PythonOperator'`.","category":"DeprecatedImportWarning","filename":"/opt/airflow/dags/get_data_with_airflow.py","lineno":4,"logger":"py.warnings"}
{"timestamp":"2025-10-09T19:16:44.329814Z","level":"warning","event":"The `airflow.operators.bash.BashOperator` attribute is deprecated. Please use `'airflow.providers.standard.operators.bash.BashOperator'`.","category":"DeprecatedImportWarning","filename":"/opt/airflow/dags/get_data_with_airflow.py","lineno":5,"logger":"py.warnings"}
{"timestamp":"2025-10-09T19:17:14.926561Z","level":"info","event":"Filling up the DagBag from /opt/airflow/dags/get_data_with_airflow.py","logger":"airflow.models.dagbag.DagBag","filename":"dagbag.py","lineno":593}
{"timestamp":"2025-10-09T19:17:15.388964Z","level":"warning","event":"The `airflow.operators.python.PythonOperator` attribute is deprecated. Please use `'airflow.providers.standard.operators.python.PythonOperator'`.","category":"DeprecatedImportWarning","filename":"/opt/airflow/dags/get_data_with_airflow.py","lineno":4,"logger":"py.warnings"}
{"timestamp":"2025-10-09T19:17:15.389937Z","level":"warning","event":"The `airflow.operators.bash.BashOperator` attribute is deprecated. Please use `'airflow.providers.standard.operators.bash.BashOperator'`.","category":"DeprecatedImportWarning","filename":"/opt/airflow/dags/get_data_with_airflow.py","lineno":5,"logger":"py.warnings"}
{"timestamp":"2025-10-09T19:17:45.952147Z","level":"info","event":"Filling up the DagBag from /opt/airflow/dags/get_data_with_airflow.py","logger":"airflow.models.dagbag.DagBag","filename":"dagbag.py","lineno":593}
{"timestamp":"2025-10-09T19:17:48.299832Z","level":"warning","event":"The `airflow.operators.python.PythonOperator` attribute is deprecated. Please use `'airflow.providers.standard.operators.python.PythonOperator'`.","category":"DeprecatedImportWarning","filename":"/opt/airflow/dags/get_data_with_airflow.py","lineno":4,"logger":"py.warnings"}
{"timestamp":"2025-10-09T19:17:48.300073Z","level":"warning","event":"The `airflow.operators.bash.BashOperator` attribute is deprecated. Please use `'airflow.providers.standard.operators.bash.BashOperator'`.","category":"DeprecatedImportWarning","filename":"/opt/airflow/dags/get_data_with_airflow.py","lineno":5,"logger":"py.warnings"}
{"timestamp":"2025-10-09T19:18:18.858187Z","level":"info","event":"Filling up the DagBag from /opt/airflow/dags/get_data_with_airflow.py","logger":"airflow.models.dagbag.DagBag","filename":"dagbag.py","lineno":593}
{"timestamp":"2025-10-09T19:18:20.228905Z","level":"warning","event":"The `airflow.operators.python.PythonOperator` attribute is deprecated. Please use `'airflow.providers.standard.operators.python.PythonOperator'`.","category":"DeprecatedImportWarning","filename":"/opt/airflow/dags/get_data_with_airflow.py","lineno":4,"logger":"py.warnings"}
{"timestamp":"2025-10-09T19:18:20.230035Z","level":"warning","event":"The `airflow.operators.bash.BashOperator` attribute is deprecated. Please use `'airflow.providers.standard.operators.bash.BashOperator'`.","category":"DeprecatedImportWarning","filename":"/opt/airflow/dags/get_data_with_airflow.py","lineno":5,"logger":"py.warnings"}
{"timestamp":"2025-10-09T19:18:50.832766Z","level":"info","event":"Filling up the DagBag from /opt/airflow/dags/get_data_with_airflow.py","logger":"airflow.models.dagbag.DagBag","filename":"dagbag.py","lineno":593}
{"timestamp":"2025-10-09T19:18:51.405794Z","level":"warning","event":"The `airflow.operators.python.PythonOperator` attribute is deprecated. Please use `'airflow.providers.standard.operators.python.PythonOperator'`.","category":"DeprecatedImportWarning","filename":"/opt/airflow/dags/get_data_with_airflow.py","lineno":4,"logger":"py.warnings"}
{"timestamp":"2025-10-09T19:18:51.405917Z","level":"warning","event":"The `airflow.operators.bash.BashOperator` attribute is deprecated. Please use `'airflow.providers.standard.operators.bash.BashOperator'`.","category":"DeprecatedImportWarning","filename":"/opt/airflow/dags/get_data_with_airflow.py","lineno":5,"logger":"py.warnings"}
{"timestamp":"2025-10-09T19:19:22.042036Z","level":"info","event":"Filling up the DagBag from /opt/airflow/dags/get_data_with_airflow.py","logger":"airflow.models.dagbag.DagBag","filename":"dagbag.py","lineno":593}
{"timestamp":"2025-10-09T19:19:22.554787Z","level":"warning","event":"The `airflow.operators.python.PythonOperator` attribute is deprecated. Please use `'airflow.providers.standard.operators.python.PythonOperator'`.","category":"DeprecatedImportWarning","filename":"/opt/airflow/dags/get_data_with_airflow.py","lineno":4,"logger":"py.warnings"}
{"timestamp":"2025-10-09T19:19:22.554874Z","level":"warning","event":"The `airflow.operators.bash.BashOperator` attribute is deprecated. Please use `'airflow.providers.standard.operators.bash.BashOperator'`.","category":"DeprecatedImportWarning","filename":"/opt/airflow/dags/get_data_with_airflow.py","lineno":5,"logger":"py.warnings"}
{"timestamp":"2025-10-09T19:19:53.269083Z","level":"info","event":"Filling up the DagBag from /opt/airflow/dags/get_data_with_airflow.py","logger":"airflow.models.dagbag.DagBag","filename":"dagbag.py","lineno":593}
{"timestamp":"2025-10-09T19:19:53.796285Z","level":"warning","event":"The `airflow.operators.python.PythonOperator` attribute is deprecated. Please use `'airflow.providers.standard.operators.python.PythonOperator'`.","category":"DeprecatedImportWarning","filename":"/opt/airflow/dags/get_data_with_airflow.py","lineno":4,"logger":"py.warnings"}
{"timestamp":"2025-10-09T19:19:53.796395Z","level":"warning","event":"The `airflow.operators.bash.BashOperator` attribute is deprecated. Please use `'airflow.providers.standard.operators.bash.BashOperator'`.","category":"DeprecatedImportWarning","filename":"/opt/airflow/dags/get_data_with_airflow.py","lineno":5,"logger":"py.warnings"}
{"timestamp":"2025-10-09T19:20:24.523128Z","level":"info","event":"Filling up the DagBag from /opt/airflow/dags/get_data_with_airflow.py","logger":"airflow.models.dagbag.DagBag","filename":"dagbag.py","lineno":593}
{"timestamp":"2025-10-09T19:20:25.241310Z","level":"warning","event":"The `airflow.operators.python.PythonOperator` attribute is deprecated. Please use `'airflow.providers.standard.operators.python.PythonOperator'`.","category":"DeprecatedImportWarning","filename":"/opt/airflow/dags/get_data_with_airflow.py","lineno":4,"logger":"py.warnings"}
{"timestamp":"2025-10-09T19:20:25.243101Z","level":"warning","event":"The `airflow.operators.bash.BashOperator` attribute is deprecated. Please use `'airflow.providers.standard.operators.bash.BashOperator'`.","category":"DeprecatedImportWarning","filename":"/opt/airflow/dags/get_data_with_airflow.py","lineno":5,"logger":"py.warnings"}
{"timestamp":"2025-10-09T19:20:55.883354Z","level":"info","event":"Filling up the DagBag from /opt/airflow/dags/get_data_with_airflow.py","logger":"airflow.models.dagbag.DagBag","filename":"dagbag.py","lineno":593}
{"timestamp":"2025-10-09T19:20:56.651213Z","level":"warning","event":"The `airflow.operators.python.PythonOperator` attribute is deprecated. Please use `'airflow.providers.standard.operators.python.PythonOperator'`.","category":"DeprecatedImportWarning","filename":"/opt/airflow/dags/get_data_with_airflow.py","lineno":4,"logger":"py.warnings"}
{"timestamp":"2025-10-09T19:20:56.652322Z","level":"warning","event":"The `airflow.operators.bash.BashOperator` attribute is deprecated. Please use `'airflow.providers.standard.operators.bash.BashOperator'`.","category":"DeprecatedImportWarning","filename":"/opt/airflow/dags/get_data_with_airflow.py","lineno":5,"logger":"py.warnings"}
{"timestamp":"2025-10-09T19:21:27.108286Z","level":"info","event":"Filling up the DagBag from /opt/airflow/dags/get_data_with_airflow.py","logger":"airflow.models.dagbag.DagBag","filename":"dagbag.py","lineno":593}
{"timestamp":"2025-10-09T19:21:27.547793Z","level":"warning","event":"The `airflow.operators.python.PythonOperator` attribute is deprecated. Please use `'airflow.providers.standard.operators.python.PythonOperator'`.","category":"DeprecatedImportWarning","filename":"/opt/airflow/dags/get_data_with_airflow.py","lineno":4,"logger":"py.warnings"}
{"timestamp":"2025-10-09T19:21:27.547874Z","level":"warning","event":"The `airflow.operators.bash.BashOperator` attribute is deprecated. Please use `'airflow.providers.standard.operators.bash.BashOperator'`.","category":"DeprecatedImportWarning","filename":"/opt/airflow/dags/get_data_with_airflow.py","lineno":5,"logger":"py.warnings"}
{"timestamp":"2025-10-09T19:21:57.976822Z","level":"info","event":"Filling up the DagBag from /opt/airflow/dags/get_data_with_airflow.py","logger":"airflow.models.dagbag.DagBag","filename":"dagbag.py","lineno":593}
{"timestamp":"2025-10-09T19:21:58.461505Z","level":"warning","event":"The `airflow.operators.python.PythonOperator` attribute is deprecated. Please use `'airflow.providers.standard.operators.python.PythonOperator'`.","category":"DeprecatedImportWarning","filename":"/opt/airflow/dags/get_data_with_airflow.py","lineno":4,"logger":"py.warnings"}
{"timestamp":"2025-10-09T19:21:58.461614Z","level":"warning","event":"The `airflow.operators.bash.BashOperator` attribute is deprecated. Please use `'airflow.providers.standard.operators.bash.BashOperator'`.","category":"DeprecatedImportWarning","filename":"/opt/airflow/dags/get_data_with_airflow.py","lineno":5,"logger":"py.warnings"}
{"timestamp":"2025-10-09T19:22:29.018840Z","level":"info","event":"Filling up the DagBag from /opt/airflow/dags/get_data_with_airflow.py","logger":"airflow.models.dagbag.DagBag","filename":"dagbag.py","lineno":593}
{"timestamp":"2025-10-09T19:22:29.440338Z","level":"warning","event":"The `airflow.operators.python.PythonOperator` attribute is deprecated. Please use `'airflow.providers.standard.operators.python.PythonOperator'`.","category":"DeprecatedImportWarning","filename":"/opt/airflow/dags/get_data_with_airflow.py","lineno":4,"logger":"py.warnings"}
{"timestamp":"2025-10-09T19:22:29.440406Z","level":"warning","event":"The `airflow.operators.bash.BashOperator` attribute is deprecated. Please use `'airflow.providers.standard.operators.bash.BashOperator'`.","category":"DeprecatedImportWarning","filename":"/opt/airflow/dags/get_data_with_airflow.py","lineno":5,"logger":"py.warnings"}
{"timestamp":"2025-10-09T19:22:59.893207Z","level":"info","event":"Filling up the DagBag from /opt/airflow/dags/get_data_with_airflow.py","logger":"airflow.models.dagbag.DagBag","filename":"dagbag.py","lineno":593}
{"timestamp":"2025-10-09T19:23:00.345922Z","level":"warning","event":"The `airflow.operators.python.PythonOperator` attribute is deprecated. Please use `'airflow.providers.standard.operators.python.PythonOperator'`.","category":"DeprecatedImportWarning","filename":"/opt/airflow/dags/get_data_with_airflow.py","lineno":4,"logger":"py.warnings"}
{"timestamp":"2025-10-09T19:23:00.346663Z","level":"warning","event":"The `airflow.operators.bash.BashOperator` attribute is deprecated. Please use `'airflow.providers.standard.operators.bash.BashOperator'`.","category":"DeprecatedImportWarning","filename":"/opt/airflow/dags/get_data_with_airflow.py","lineno":5,"logger":"py.warnings"}
{"timestamp":"2025-10-09T19:23:30.875629Z","level":"info","event":"Filling up the DagBag from /opt/airflow/dags/get_data_with_airflow.py","logger":"airflow.models.dagbag.DagBag","filename":"dagbag.py","lineno":593}
{"timestamp":"2025-10-09T19:23:31.688555Z","level":"warning","event":"The `airflow.operators.python.PythonOperator` attribute is deprecated. Please use `'airflow.providers.standard.operators.python.PythonOperator'`.","category":"DeprecatedImportWarning","filename":"/opt/airflow/dags/get_data_with_airflow.py","lineno":4,"logger":"py.warnings"}
{"timestamp":"2025-10-09T19:23:31.688661Z","level":"warning","event":"The `airflow.operators.bash.BashOperator` attribute is deprecated. Please use `'airflow.providers.standard.operators.bash.BashOperator'`.","category":"DeprecatedImportWarning","filename":"/opt/airflow/dags/get_data_with_airflow.py","lineno":5,"logger":"py.warnings"}
{"timestamp":"2025-10-09T19:24:02.123195Z","level":"info","event":"Filling up the DagBag from /opt/airflow/dags/get_data_with_airflow.py","logger":"airflow.models.dagbag.DagBag","filename":"dagbag.py","lineno":593}
{"timestamp":"2025-10-09T19:24:02.676569Z","level":"warning","event":"The `airflow.operators.python.PythonOperator` attribute is deprecated. Please use `'airflow.providers.standard.operators.python.PythonOperator'`.","category":"DeprecatedImportWarning","filename":"/opt/airflow/dags/get_data_with_airflow.py","lineno":4,"logger":"py.warnings"}
{"timestamp":"2025-10-09T19:24:02.677027Z","level":"warning","event":"The `airflow.operators.bash.BashOperator` attribute is deprecated. Please use `'airflow.providers.standard.operators.bash.BashOperator'`.","category":"DeprecatedImportWarning","filename":"/opt/airflow/dags/get_data_with_airflow.py","lineno":5,"logger":"py.warnings"}
{"timestamp":"2025-10-09T19:24:33.144283Z","level":"info","event":"Filling up the DagBag from /opt/airflow/dags/get_data_with_airflow.py","logger":"airflow.models.dagbag.DagBag","filename":"dagbag.py","lineno":593}
{"timestamp":"2025-10-09T19:24:35.111548Z","level":"warning","event":"The `airflow.operators.python.PythonOperator` attribute is deprecated. Please use `'airflow.providers.standard.operators.python.PythonOperator'`.","category":"DeprecatedImportWarning","filename":"/opt/airflow/dags/get_data_with_airflow.py","lineno":4,"logger":"py.warnings"}
{"timestamp":"2025-10-09T19:24:35.111657Z","level":"warning","event":"The `airflow.operators.bash.BashOperator` attribute is deprecated. Please use `'airflow.providers.standard.operators.bash.BashOperator'`.","category":"DeprecatedImportWarning","filename":"/opt/airflow/dags/get_data_with_airflow.py","lineno":5,"logger":"py.warnings"}
{"timestamp":"2025-10-09T19:25:05.861414Z","level":"info","event":"Filling up the DagBag from /opt/airflow/dags/get_data_with_airflow.py","logger":"airflow.models.dagbag.DagBag","filename":"dagbag.py","lineno":593}
{"timestamp":"2025-10-09T19:25:06.530504Z","level":"warning","event":"The `airflow.operators.python.PythonOperator` attribute is deprecated. Please use `'airflow.providers.standard.operators.python.PythonOperator'`.","category":"DeprecatedImportWarning","filename":"/opt/airflow/dags/get_data_with_airflow.py","lineno":4,"logger":"py.warnings"}
{"timestamp":"2025-10-09T19:25:06.530949Z","level":"warning","event":"The `airflow.operators.bash.BashOperator` attribute is deprecated. Please use `'airflow.providers.standard.operators.bash.BashOperator'`.","category":"DeprecatedImportWarning","filename":"/opt/airflow/dags/get_data_with_airflow.py","lineno":5,"logger":"py.warnings"}
{"timestamp":"2025-10-09T19:25:37.005326Z","level":"info","event":"Filling up the DagBag from /opt/airflow/dags/get_data_with_airflow.py","logger":"airflow.models.dagbag.DagBag","filename":"dagbag.py","lineno":593}
{"timestamp":"2025-10-09T19:25:37.552994Z","level":"warning","event":"The `airflow.operators.python.PythonOperator` attribute is deprecated. Please use `'airflow.providers.standard.operators.python.PythonOperator'`.","category":"DeprecatedImportWarning","filename":"/opt/airflow/dags/get_data_with_airflow.py","lineno":4,"logger":"py.warnings"}
{"timestamp":"2025-10-09T19:25:37.554169Z","level":"warning","event":"The `airflow.operators.bash.BashOperator` attribute is deprecated. Please use `'airflow.providers.standard.operators.bash.BashOperator'`.","category":"DeprecatedImportWarning","filename":"/opt/airflow/dags/get_data_with_airflow.py","lineno":5,"logger":"py.warnings"}
{"timestamp":"2025-10-09T19:26:10.496403Z","level":"info","event":"Filling up the DagBag from /opt/airflow/dags/get_data_with_airflow.py","logger":"airflow.models.dagbag.DagBag","filename":"dagbag.py","lineno":593}
{"timestamp":"2025-10-09T19:26:11.068045Z","level":"warning","event":"The `airflow.operators.python.PythonOperator` attribute is deprecated. Please use `'airflow.providers.standard.operators.python.PythonOperator'`.","category":"DeprecatedImportWarning","filename":"/opt/airflow/dags/get_data_with_airflow.py","lineno":4,"logger":"py.warnings"}
{"timestamp":"2025-10-09T19:26:11.068383Z","level":"warning","event":"The `airflow.operators.bash.BashOperator` attribute is deprecated. Please use `'airflow.providers.standard.operators.bash.BashOperator'`.","category":"DeprecatedImportWarning","filename":"/opt/airflow/dags/get_data_with_airflow.py","lineno":5,"logger":"py.warnings"}
{"timestamp":"2025-10-09T19:26:41.601530Z","level":"info","event":"Filling up the DagBag from /opt/airflow/dags/get_data_with_airflow.py","logger":"airflow.models.dagbag.DagBag","filename":"dagbag.py","lineno":593}
{"timestamp":"2025-10-09T19:26:48.567915Z","level":"warning","event":"The `airflow.operators.python.PythonOperator` attribute is deprecated. Please use `'airflow.providers.standard.operators.python.PythonOperator'`.","category":"DeprecatedImportWarning","filename":"/opt/airflow/dags/get_data_with_airflow.py","lineno":4,"logger":"py.warnings"}
{"timestamp":"2025-10-09T19:26:48.568952Z","level":"warning","event":"The `airflow.operators.bash.BashOperator` attribute is deprecated. Please use `'airflow.providers.standard.operators.bash.BashOperator'`.","category":"DeprecatedImportWarning","filename":"/opt/airflow/dags/get_data_with_airflow.py","lineno":5,"logger":"py.warnings"}
{"timestamp":"2025-10-09T19:27:19.300856Z","level":"info","event":"Filling up the DagBag from /opt/airflow/dags/get_data_with_airflow.py","logger":"airflow.models.dagbag.DagBag","filename":"dagbag.py","lineno":593}
{"timestamp":"2025-10-09T19:27:21.911947Z","level":"warning","event":"The `airflow.operators.python.PythonOperator` attribute is deprecated. Please use `'airflow.providers.standard.operators.python.PythonOperator'`.","category":"DeprecatedImportWarning","filename":"/opt/airflow/dags/get_data_with_airflow.py","lineno":4,"logger":"py.warnings"}
{"timestamp":"2025-10-09T19:27:21.949261Z","level":"warning","event":"The `airflow.operators.bash.BashOperator` attribute is deprecated. Please use `'airflow.providers.standard.operators.bash.BashOperator'`.","category":"DeprecatedImportWarning","filename":"/opt/airflow/dags/get_data_with_airflow.py","lineno":5,"logger":"py.warnings"}
{"timestamp":"2025-10-09T19:27:54.923388Z","level":"info","event":"Filling up the DagBag from /opt/airflow/dags/get_data_with_airflow.py","logger":"airflow.models.dagbag.DagBag","filename":"dagbag.py","lineno":593}
{"timestamp":"2025-10-09T19:27:55.924212Z","level":"warning","event":"The `airflow.operators.python.PythonOperator` attribute is deprecated. Please use `'airflow.providers.standard.operators.python.PythonOperator'`.","category":"DeprecatedImportWarning","filename":"/opt/airflow/dags/get_data_with_airflow.py","lineno":4,"logger":"py.warnings"}
{"timestamp":"2025-10-09T19:27:55.924411Z","level":"warning","event":"The `airflow.operators.bash.BashOperator` attribute is deprecated. Please use `'airflow.providers.standard.operators.bash.BashOperator'`.","category":"DeprecatedImportWarning","filename":"/opt/airflow/dags/get_data_with_airflow.py","lineno":5,"logger":"py.warnings"}
{"timestamp":"2025-10-09T19:28:26.552555Z","level":"info","event":"Filling up the DagBag from /opt/airflow/dags/get_data_with_airflow.py","logger":"airflow.models.dagbag.DagBag","filename":"dagbag.py","lineno":593}
{"timestamp":"2025-10-09T19:28:27.108433Z","level":"warning","event":"The `airflow.operators.python.PythonOperator` attribute is deprecated. Please use `'airflow.providers.standard.operators.python.PythonOperator'`.","category":"DeprecatedImportWarning","filename":"/opt/airflow/dags/get_data_with_airflow.py","lineno":4,"logger":"py.warnings"}
{"timestamp":"2025-10-09T19:28:27.108555Z","level":"warning","event":"The `airflow.operators.bash.BashOperator` attribute is deprecated. Please use `'airflow.providers.standard.operators.bash.BashOperator'`.","category":"DeprecatedImportWarning","filename":"/opt/airflow/dags/get_data_with_airflow.py","lineno":5,"logger":"py.warnings"}
{"timestamp":"2025-10-09T19:28:57.720118Z","level":"info","event":"Filling up the DagBag from /opt/airflow/dags/get_data_with_airflow.py","logger":"airflow.models.dagbag.DagBag","filename":"dagbag.py","lineno":593}
{"timestamp":"2025-10-09T19:28:58.223571Z","level":"warning","event":"The `airflow.operators.python.PythonOperator` attribute is deprecated. Please use `'airflow.providers.standard.operators.python.PythonOperator'`.","category":"DeprecatedImportWarning","filename":"/opt/airflow/dags/get_data_with_airflow.py","lineno":4,"logger":"py.warnings"}
{"timestamp":"2025-10-09T19:28:58.223679Z","level":"warning","event":"The `airflow.operators.bash.BashOperator` attribute is deprecated. Please use `'airflow.providers.standard.operators.bash.BashOperator'`.","category":"DeprecatedImportWarning","filename":"/opt/airflow/dags/get_data_with_airflow.py","lineno":5,"logger":"py.warnings"}
{"timestamp":"2025-10-09T19:29:28.814262Z","level":"info","event":"Filling up the DagBag from /opt/airflow/dags/get_data_with_airflow.py","logger":"airflow.models.dagbag.DagBag","filename":"dagbag.py","lineno":593}
{"timestamp":"2025-10-09T19:29:29.349367Z","level":"warning","event":"The `airflow.operators.python.PythonOperator` attribute is deprecated. Please use `'airflow.providers.standard.operators.python.PythonOperator'`.","category":"DeprecatedImportWarning","filename":"/opt/airflow/dags/get_data_with_airflow.py","lineno":4,"logger":"py.warnings"}
{"timestamp":"2025-10-09T19:29:29.349821Z","level":"warning","event":"The `airflow.operators.bash.BashOperator` attribute is deprecated. Please use `'airflow.providers.standard.operators.bash.BashOperator'`.","category":"DeprecatedImportWarning","filename":"/opt/airflow/dags/get_data_with_airflow.py","lineno":5,"logger":"py.warnings"}
{"timestamp":"2025-10-09T19:30:00.161395Z","level":"info","event":"Filling up the DagBag from /opt/airflow/dags/get_data_with_airflow.py","logger":"airflow.models.dagbag.DagBag","filename":"dagbag.py","lineno":593}
{"timestamp":"2025-10-09T19:30:00.684483Z","level":"warning","event":"The `airflow.operators.python.PythonOperator` attribute is deprecated. Please use `'airflow.providers.standard.operators.python.PythonOperator'`.","category":"DeprecatedImportWarning","filename":"/opt/airflow/dags/get_data_with_airflow.py","lineno":4,"logger":"py.warnings"}
{"timestamp":"2025-10-09T19:30:00.685002Z","level":"warning","event":"The `airflow.operators.bash.BashOperator` attribute is deprecated. Please use `'airflow.providers.standard.operators.bash.BashOperator'`.","category":"DeprecatedImportWarning","filename":"/opt/airflow/dags/get_data_with_airflow.py","lineno":5,"logger":"py.warnings"}
{"timestamp":"2025-10-09T19:30:31.178845Z","level":"info","event":"Filling up the DagBag from /opt/airflow/dags/get_data_with_airflow.py","logger":"airflow.models.dagbag.DagBag","filename":"dagbag.py","lineno":593}
{"timestamp":"2025-10-09T19:30:31.718921Z","level":"warning","event":"The `airflow.operators.python.PythonOperator` attribute is deprecated. Please use `'airflow.providers.standard.operators.python.PythonOperator'`.","category":"DeprecatedImportWarning","filename":"/opt/airflow/dags/get_data_with_airflow.py","lineno":4,"logger":"py.warnings"}
{"timestamp":"2025-10-09T19:30:31.721369Z","level":"warning","event":"The `airflow.operators.bash.BashOperator` attribute is deprecated. Please use `'airflow.providers.standard.operators.bash.BashOperator'`.","category":"DeprecatedImportWarning","filename":"/opt/airflow/dags/get_data_with_airflow.py","lineno":5,"logger":"py.warnings"}
{"timestamp":"2025-10-09T19:31:02.318839Z","level":"info","event":"Filling up the DagBag from /opt/airflow/dags/get_data_with_airflow.py","logger":"airflow.models.dagbag.DagBag","filename":"dagbag.py","lineno":593}
{"timestamp":"2025-10-09T19:31:03.198051Z","level":"warning","event":"The `airflow.operators.python.PythonOperator` attribute is deprecated. Please use `'airflow.providers.standard.operators.python.PythonOperator'`.","category":"DeprecatedImportWarning","filename":"/opt/airflow/dags/get_data_with_airflow.py","lineno":4,"logger":"py.warnings"}
{"timestamp":"2025-10-09T19:31:03.198212Z","level":"warning","event":"The `airflow.operators.bash.BashOperator` attribute is deprecated. Please use `'airflow.providers.standard.operators.bash.BashOperator'`.","category":"DeprecatedImportWarning","filename":"/opt/airflow/dags/get_data_with_airflow.py","lineno":5,"logger":"py.warnings"}
{"timestamp":"2025-10-09T19:31:33.786212Z","level":"info","event":"Filling up the DagBag from /opt/airflow/dags/get_data_with_airflow.py","logger":"airflow.models.dagbag.DagBag","filename":"dagbag.py","lineno":593}
{"timestamp":"2025-10-09T19:31:34.308275Z","level":"warning","event":"The `airflow.operators.python.PythonOperator` attribute is deprecated. Please use `'airflow.providers.standard.operators.python.PythonOperator'`.","category":"DeprecatedImportWarning","filename":"/opt/airflow/dags/get_data_with_airflow.py","lineno":4,"logger":"py.warnings"}
{"timestamp":"2025-10-09T19:31:34.308397Z","level":"warning","event":"The `airflow.operators.bash.BashOperator` attribute is deprecated. Please use `'airflow.providers.standard.operators.bash.BashOperator'`.","category":"DeprecatedImportWarning","filename":"/opt/airflow/dags/get_data_with_airflow.py","lineno":5,"logger":"py.warnings"}
{"timestamp":"2025-10-09T19:32:04.924396Z","level":"info","event":"Filling up the DagBag from /opt/airflow/dags/get_data_with_airflow.py","logger":"airflow.models.dagbag.DagBag","filename":"dagbag.py","lineno":593}
{"timestamp":"2025-10-09T19:32:06.779356Z","level":"warning","event":"The `airflow.operators.python.PythonOperator` attribute is deprecated. Please use `'airflow.providers.standard.operators.python.PythonOperator'`.","category":"DeprecatedImportWarning","filename":"/opt/airflow/dags/get_data_with_airflow.py","lineno":4,"logger":"py.warnings"}
{"timestamp":"2025-10-09T19:32:06.782278Z","level":"warning","event":"The `airflow.operators.bash.BashOperator` attribute is deprecated. Please use `'airflow.providers.standard.operators.bash.BashOperator'`.","category":"DeprecatedImportWarning","filename":"/opt/airflow/dags/get_data_with_airflow.py","lineno":5,"logger":"py.warnings"}
{"timestamp":"2025-10-09T19:32:37.402275Z","level":"info","event":"Filling up the DagBag from /opt/airflow/dags/get_data_with_airflow.py","logger":"airflow.models.dagbag.DagBag","filename":"dagbag.py","lineno":593}
{"timestamp":"2025-10-09T19:32:38.394962Z","level":"warning","event":"The `airflow.operators.python.PythonOperator` attribute is deprecated. Please use `'airflow.providers.standard.operators.python.PythonOperator'`.","category":"DeprecatedImportWarning","filename":"/opt/airflow/dags/get_data_with_airflow.py","lineno":4,"logger":"py.warnings"}
{"timestamp":"2025-10-09T19:32:38.395692Z","level":"warning","event":"The `airflow.operators.bash.BashOperator` attribute is deprecated. Please use `'airflow.providers.standard.operators.bash.BashOperator'`.","category":"DeprecatedImportWarning","filename":"/opt/airflow/dags/get_data_with_airflow.py","lineno":5,"logger":"py.warnings"}
{"timestamp":"2025-10-09T19:33:08.934750Z","level":"info","event":"Filling up the DagBag from /opt/airflow/dags/get_data_with_airflow.py","logger":"airflow.models.dagbag.DagBag","filename":"dagbag.py","lineno":593}
{"timestamp":"2025-10-09T19:33:09.488561Z","level":"warning","event":"The `airflow.operators.python.PythonOperator` attribute is deprecated. Please use `'airflow.providers.standard.operators.python.PythonOperator'`.","category":"DeprecatedImportWarning","filename":"/opt/airflow/dags/get_data_with_airflow.py","lineno":4,"logger":"py.warnings"}
{"timestamp":"2025-10-09T19:33:09.488707Z","level":"warning","event":"The `airflow.operators.bash.BashOperator` attribute is deprecated. Please use `'airflow.providers.standard.operators.bash.BashOperator'`.","category":"DeprecatedImportWarning","filename":"/opt/airflow/dags/get_data_with_airflow.py","lineno":5,"logger":"py.warnings"}
{"timestamp":"2025-10-09T19:33:40.317215Z","level":"info","event":"Filling up the DagBag from /opt/airflow/dags/get_data_with_airflow.py","logger":"airflow.models.dagbag.DagBag","filename":"dagbag.py","lineno":593}
{"timestamp":"2025-10-09T19:33:41.283472Z","level":"warning","event":"The `airflow.operators.python.PythonOperator` attribute is deprecated. Please use `'airflow.providers.standard.operators.python.PythonOperator'`.","category":"DeprecatedImportWarning","filename":"/opt/airflow/dags/get_data_with_airflow.py","lineno":4,"logger":"py.warnings"}
{"timestamp":"2025-10-09T19:33:41.283569Z","level":"warning","event":"The `airflow.operators.bash.BashOperator` attribute is deprecated. Please use `'airflow.providers.standard.operators.bash.BashOperator'`.","category":"DeprecatedImportWarning","filename":"/opt/airflow/dags/get_data_with_airflow.py","lineno":5,"logger":"py.warnings"}
{"timestamp":"2025-10-09T19:34:11.756514Z","level":"info","event":"Filling up the DagBag from /opt/airflow/dags/get_data_with_airflow.py","logger":"airflow.models.dagbag.DagBag","filename":"dagbag.py","lineno":593}
{"timestamp":"2025-10-09T19:34:12.331770Z","level":"warning","event":"The `airflow.operators.python.PythonOperator` attribute is deprecated. Please use `'airflow.providers.standard.operators.python.PythonOperator'`.","category":"DeprecatedImportWarning","filename":"/opt/airflow/dags/get_data_with_airflow.py","lineno":4,"logger":"py.warnings"}
{"timestamp":"2025-10-09T19:34:12.333291Z","level":"warning","event":"The `airflow.operators.bash.BashOperator` attribute is deprecated. Please use `'airflow.providers.standard.operators.bash.BashOperator'`.","category":"DeprecatedImportWarning","filename":"/opt/airflow/dags/get_data_with_airflow.py","lineno":5,"logger":"py.warnings"}
{"timestamp":"2025-10-09T19:34:42.789232Z","level":"info","event":"Filling up the DagBag from /opt/airflow/dags/get_data_with_airflow.py","logger":"airflow.models.dagbag.DagBag","filename":"dagbag.py","lineno":593}
{"timestamp":"2025-10-09T19:34:43.536380Z","level":"warning","event":"The `airflow.operators.python.PythonOperator` attribute is deprecated. Please use `'airflow.providers.standard.operators.python.PythonOperator'`.","category":"DeprecatedImportWarning","filename":"/opt/airflow/dags/get_data_with_airflow.py","lineno":4,"logger":"py.warnings"}
{"timestamp":"2025-10-09T19:34:43.536466Z","level":"warning","event":"The `airflow.operators.bash.BashOperator` attribute is deprecated. Please use `'airflow.providers.standard.operators.bash.BashOperator'`.","category":"DeprecatedImportWarning","filename":"/opt/airflow/dags/get_data_with_airflow.py","lineno":5,"logger":"py.warnings"}
{"timestamp":"2025-10-09T19:35:13.972813Z","level":"info","event":"Filling up the DagBag from /opt/airflow/dags/get_data_with_airflow.py","logger":"airflow.models.dagbag.DagBag","filename":"dagbag.py","lineno":593}
{"timestamp":"2025-10-09T19:35:14.421385Z","level":"warning","event":"The `airflow.operators.python.PythonOperator` attribute is deprecated. Please use `'airflow.providers.standard.operators.python.PythonOperator'`.","category":"DeprecatedImportWarning","filename":"/opt/airflow/dags/get_data_with_airflow.py","lineno":4,"logger":"py.warnings"}
{"timestamp":"2025-10-09T19:35:14.421475Z","level":"warning","event":"The `airflow.operators.bash.BashOperator` attribute is deprecated. Please use `'airflow.providers.standard.operators.bash.BashOperator'`.","category":"DeprecatedImportWarning","filename":"/opt/airflow/dags/get_data_with_airflow.py","lineno":5,"logger":"py.warnings"}
{"timestamp":"2025-10-09T19:35:44.957536Z","level":"info","event":"Filling up the DagBag from /opt/airflow/dags/get_data_with_airflow.py","logger":"airflow.models.dagbag.DagBag","filename":"dagbag.py","lineno":593}
{"timestamp":"2025-10-09T19:35:46.064027Z","level":"warning","event":"The `airflow.operators.python.PythonOperator` attribute is deprecated. Please use `'airflow.providers.standard.operators.python.PythonOperator'`.","category":"DeprecatedImportWarning","filename":"/opt/airflow/dags/get_data_with_airflow.py","lineno":4,"logger":"py.warnings"}
{"timestamp":"2025-10-09T19:35:46.065040Z","level":"warning","event":"The `airflow.operators.bash.BashOperator` attribute is deprecated. Please use `'airflow.providers.standard.operators.bash.BashOperator'`.","category":"DeprecatedImportWarning","filename":"/opt/airflow/dags/get_data_with_airflow.py","lineno":5,"logger":"py.warnings"}
{"timestamp":"2025-10-09T19:36:16.661145Z","level":"info","event":"Filling up the DagBag from /opt/airflow/dags/get_data_with_airflow.py","logger":"airflow.models.dagbag.DagBag","filename":"dagbag.py","lineno":593}
{"timestamp":"2025-10-09T19:36:17.226698Z","level":"warning","event":"The `airflow.operators.python.PythonOperator` attribute is deprecated. Please use `'airflow.providers.standard.operators.python.PythonOperator'`.","category":"DeprecatedImportWarning","filename":"/opt/airflow/dags/get_data_with_airflow.py","lineno":4,"logger":"py.warnings"}
{"timestamp":"2025-10-09T19:36:17.226786Z","level":"warning","event":"The `airflow.operators.bash.BashOperator` attribute is deprecated. Please use `'airflow.providers.standard.operators.bash.BashOperator'`.","category":"DeprecatedImportWarning","filename":"/opt/airflow/dags/get_data_with_airflow.py","lineno":5,"logger":"py.warnings"}
{"timestamp":"2025-10-09T19:36:47.918285Z","level":"info","event":"Filling up the DagBag from /opt/airflow/dags/get_data_with_airflow.py","logger":"airflow.models.dagbag.DagBag","filename":"dagbag.py","lineno":593}
{"timestamp":"2025-10-09T19:36:48.557714Z","level":"warning","event":"The `airflow.operators.python.PythonOperator` attribute is deprecated. Please use `'airflow.providers.standard.operators.python.PythonOperator'`.","category":"DeprecatedImportWarning","filename":"/opt/airflow/dags/get_data_with_airflow.py","lineno":4,"logger":"py.warnings"}
{"timestamp":"2025-10-09T19:36:48.559156Z","level":"warning","event":"The `airflow.operators.bash.BashOperator` attribute is deprecated. Please use `'airflow.providers.standard.operators.bash.BashOperator'`.","category":"DeprecatedImportWarning","filename":"/opt/airflow/dags/get_data_with_airflow.py","lineno":5,"logger":"py.warnings"}
{"timestamp":"2025-10-09T19:37:19.934666Z","level":"info","event":"Filling up the DagBag from /opt/airflow/dags/get_data_with_airflow.py","logger":"airflow.models.dagbag.DagBag","filename":"dagbag.py","lineno":593}
{"timestamp":"2025-10-09T19:37:20.784001Z","level":"warning","event":"The `airflow.operators.python.PythonOperator` attribute is deprecated. Please use `'airflow.providers.standard.operators.python.PythonOperator'`.","category":"DeprecatedImportWarning","filename":"/opt/airflow/dags/get_data_with_airflow.py","lineno":4,"logger":"py.warnings"}
{"timestamp":"2025-10-09T19:37:20.784239Z","level":"warning","event":"The `airflow.operators.bash.BashOperator` attribute is deprecated. Please use `'airflow.providers.standard.operators.bash.BashOperator'`.","category":"DeprecatedImportWarning","filename":"/opt/airflow/dags/get_data_with_airflow.py","lineno":5,"logger":"py.warnings"}
{"timestamp":"2025-10-09T19:37:52.438772Z","level":"info","event":"Filling up the DagBag from /opt/airflow/dags/get_data_with_airflow.py","logger":"airflow.models.dagbag.DagBag","filename":"dagbag.py","lineno":593}
{"timestamp":"2025-10-09T19:37:53.037898Z","level":"warning","event":"The `airflow.operators.python.PythonOperator` attribute is deprecated. Please use `'airflow.providers.standard.operators.python.PythonOperator'`.","category":"DeprecatedImportWarning","filename":"/opt/airflow/dags/get_data_with_airflow.py","lineno":4,"logger":"py.warnings"}
{"timestamp":"2025-10-09T19:37:53.038387Z","level":"warning","event":"The `airflow.operators.bash.BashOperator` attribute is deprecated. Please use `'airflow.providers.standard.operators.bash.BashOperator'`.","category":"DeprecatedImportWarning","filename":"/opt/airflow/dags/get_data_with_airflow.py","lineno":5,"logger":"py.warnings"}
{"timestamp":"2025-10-09T19:38:23.790804Z","level":"info","event":"Filling up the DagBag from /opt/airflow/dags/get_data_with_airflow.py","logger":"airflow.models.dagbag.DagBag","filename":"dagbag.py","lineno":593}
{"timestamp":"2025-10-09T19:38:24.826210Z","level":"warning","event":"The `airflow.operators.python.PythonOperator` attribute is deprecated. Please use `'airflow.providers.standard.operators.python.PythonOperator'`.","category":"DeprecatedImportWarning","filename":"/opt/airflow/dags/get_data_with_airflow.py","lineno":4,"logger":"py.warnings"}
{"timestamp":"2025-10-09T19:38:24.828496Z","level":"warning","event":"The `airflow.operators.bash.BashOperator` attribute is deprecated. Please use `'airflow.providers.standard.operators.bash.BashOperator'`.","category":"DeprecatedImportWarning","filename":"/opt/airflow/dags/get_data_with_airflow.py","lineno":5,"logger":"py.warnings"}
{"timestamp":"2025-10-09T19:38:55.682395Z","level":"info","event":"Filling up the DagBag from /opt/airflow/dags/get_data_with_airflow.py","logger":"airflow.models.dagbag.DagBag","filename":"dagbag.py","lineno":593}
{"timestamp":"2025-10-09T19:38:56.388849Z","level":"warning","event":"The `airflow.operators.python.PythonOperator` attribute is deprecated. Please use `'airflow.providers.standard.operators.python.PythonOperator'`.","category":"DeprecatedImportWarning","filename":"/opt/airflow/dags/get_data_with_airflow.py","lineno":4,"logger":"py.warnings"}
{"timestamp":"2025-10-09T19:38:56.389812Z","level":"warning","event":"The `airflow.operators.bash.BashOperator` attribute is deprecated. Please use `'airflow.providers.standard.operators.bash.BashOperator'`.","category":"DeprecatedImportWarning","filename":"/opt/airflow/dags/get_data_with_airflow.py","lineno":5,"logger":"py.warnings"}
{"timestamp":"2025-10-09T19:39:26.910391Z","level":"info","event":"Filling up the DagBag from /opt/airflow/dags/get_data_with_airflow.py","logger":"airflow.models.dagbag.DagBag","filename":"dagbag.py","lineno":593}
{"timestamp":"2025-10-09T19:39:27.420105Z","level":"warning","event":"The `airflow.operators.python.PythonOperator` attribute is deprecated. Please use `'airflow.providers.standard.operators.python.PythonOperator'`.","category":"DeprecatedImportWarning","filename":"/opt/airflow/dags/get_data_with_airflow.py","lineno":4,"logger":"py.warnings"}
{"timestamp":"2025-10-09T19:39:27.420199Z","level":"warning","event":"The `airflow.operators.bash.BashOperator` attribute is deprecated. Please use `'airflow.providers.standard.operators.bash.BashOperator'`.","category":"DeprecatedImportWarning","filename":"/opt/airflow/dags/get_data_with_airflow.py","lineno":5,"logger":"py.warnings"}
{"timestamp":"2025-10-09T19:39:58.167070Z","level":"info","event":"Filling up the DagBag from /opt/airflow/dags/get_data_with_airflow.py","logger":"airflow.models.dagbag.DagBag","filename":"dagbag.py","lineno":593}
{"timestamp":"2025-10-09T19:39:58.877038Z","level":"warning","event":"The `airflow.operators.python.PythonOperator` attribute is deprecated. Please use `'airflow.providers.standard.operators.python.PythonOperator'`.","category":"DeprecatedImportWarning","filename":"/opt/airflow/dags/get_data_with_airflow.py","lineno":4,"logger":"py.warnings"}
{"timestamp":"2025-10-09T19:39:58.877628Z","level":"warning","event":"The `airflow.operators.bash.BashOperator` attribute is deprecated. Please use `'airflow.providers.standard.operators.bash.BashOperator'`.","category":"DeprecatedImportWarning","filename":"/opt/airflow/dags/get_data_with_airflow.py","lineno":5,"logger":"py.warnings"}
{"timestamp":"2025-10-09T19:40:29.298784Z","level":"info","event":"Filling up the DagBag from /opt/airflow/dags/get_data_with_airflow.py","logger":"airflow.models.dagbag.DagBag","filename":"dagbag.py","lineno":593}
{"timestamp":"2025-10-09T19:40:30.411542Z","level":"warning","event":"The `airflow.operators.python.PythonOperator` attribute is deprecated. Please use `'airflow.providers.standard.operators.python.PythonOperator'`.","category":"DeprecatedImportWarning","filename":"/opt/airflow/dags/get_data_with_airflow.py","lineno":4,"logger":"py.warnings"}
{"timestamp":"2025-10-09T19:40:30.413844Z","level":"warning","event":"The `airflow.operators.bash.BashOperator` attribute is deprecated. Please use `'airflow.providers.standard.operators.bash.BashOperator'`.","category":"DeprecatedImportWarning","filename":"/opt/airflow/dags/get_data_with_airflow.py","lineno":5,"logger":"py.warnings"}
{"timestamp":"2025-10-09T19:41:01.341323Z","level":"info","event":"Filling up the DagBag from /opt/airflow/dags/get_data_with_airflow.py","logger":"airflow.models.dagbag.DagBag","filename":"dagbag.py","lineno":593}
{"timestamp":"2025-10-09T19:41:02.089632Z","level":"warning","event":"The `airflow.operators.python.PythonOperator` attribute is deprecated. Please use `'airflow.providers.standard.operators.python.PythonOperator'`.","category":"DeprecatedImportWarning","filename":"/opt/airflow/dags/get_data_with_airflow.py","lineno":4,"logger":"py.warnings"}
{"timestamp":"2025-10-09T19:41:02.089724Z","level":"warning","event":"The `airflow.operators.bash.BashOperator` attribute is deprecated. Please use `'airflow.providers.standard.operators.bash.BashOperator'`.","category":"DeprecatedImportWarning","filename":"/opt/airflow/dags/get_data_with_airflow.py","lineno":5,"logger":"py.warnings"}
{"timestamp":"2025-10-09T19:41:32.551246Z","level":"info","event":"Filling up the DagBag from /opt/airflow/dags/get_data_with_airflow.py","logger":"airflow.models.dagbag.DagBag","filename":"dagbag.py","lineno":593}
{"timestamp":"2025-10-09T19:41:33.043210Z","level":"warning","event":"The `airflow.operators.python.PythonOperator` attribute is deprecated. Please use `'airflow.providers.standard.operators.python.PythonOperator'`.","category":"DeprecatedImportWarning","filename":"/opt/airflow/dags/get_data_with_airflow.py","lineno":4,"logger":"py.warnings"}
{"timestamp":"2025-10-09T19:41:33.043327Z","level":"warning","event":"The `airflow.operators.bash.BashOperator` attribute is deprecated. Please use `'airflow.providers.standard.operators.bash.BashOperator'`.","category":"DeprecatedImportWarning","filename":"/opt/airflow/dags/get_data_with_airflow.py","lineno":5,"logger":"py.warnings"}
{"timestamp":"2025-10-09T19:42:03.575671Z","level":"info","event":"Filling up the DagBag from /opt/airflow/dags/get_data_with_airflow.py","logger":"airflow.models.dagbag.DagBag","filename":"dagbag.py","lineno":593}
{"timestamp":"2025-10-09T19:42:04.317081Z","level":"warning","event":"The `airflow.operators.python.PythonOperator` attribute is deprecated. Please use `'airflow.providers.standard.operators.python.PythonOperator'`.","category":"DeprecatedImportWarning","filename":"/opt/airflow/dags/get_data_with_airflow.py","lineno":4,"logger":"py.warnings"}
{"timestamp":"2025-10-09T19:42:04.317176Z","level":"warning","event":"The `airflow.operators.bash.BashOperator` attribute is deprecated. Please use `'airflow.providers.standard.operators.bash.BashOperator'`.","category":"DeprecatedImportWarning","filename":"/opt/airflow/dags/get_data_with_airflow.py","lineno":5,"logger":"py.warnings"}
{"timestamp":"2025-10-09T19:42:34.855335Z","level":"info","event":"Filling up the DagBag from /opt/airflow/dags/get_data_with_airflow.py","logger":"airflow.models.dagbag.DagBag","filename":"dagbag.py","lineno":593}
{"timestamp":"2025-10-09T19:42:35.343877Z","level":"warning","event":"The `airflow.operators.python.PythonOperator` attribute is deprecated. Please use `'airflow.providers.standard.operators.python.PythonOperator'`.","category":"DeprecatedImportWarning","filename":"/opt/airflow/dags/get_data_with_airflow.py","lineno":4,"logger":"py.warnings"}
{"timestamp":"2025-10-09T19:42:35.343955Z","level":"warning","event":"The `airflow.operators.bash.BashOperator` attribute is deprecated. Please use `'airflow.providers.standard.operators.bash.BashOperator'`.","category":"DeprecatedImportWarning","filename":"/opt/airflow/dags/get_data_with_airflow.py","lineno":5,"logger":"py.warnings"}
{"timestamp":"2025-10-09T19:43:05.871879Z","level":"info","event":"Filling up the DagBag from /opt/airflow/dags/get_data_with_airflow.py","logger":"airflow.models.dagbag.DagBag","filename":"dagbag.py","lineno":593}
{"timestamp":"2025-10-09T19:43:06.396600Z","level":"warning","event":"The `airflow.operators.python.PythonOperator` attribute is deprecated. Please use `'airflow.providers.standard.operators.python.PythonOperator'`.","category":"DeprecatedImportWarning","filename":"/opt/airflow/dags/get_data_with_airflow.py","lineno":4,"logger":"py.warnings"}
{"timestamp":"2025-10-09T19:43:06.396694Z","level":"warning","event":"The `airflow.operators.bash.BashOperator` attribute is deprecated. Please use `'airflow.providers.standard.operators.bash.BashOperator'`.","category":"DeprecatedImportWarning","filename":"/opt/airflow/dags/get_data_with_airflow.py","lineno":5,"logger":"py.warnings"}
{"timestamp":"2025-10-09T19:43:37.147746Z","level":"info","event":"Filling up the DagBag from /opt/airflow/dags/get_data_with_airflow.py","logger":"airflow.models.dagbag.DagBag","filename":"dagbag.py","lineno":593}
{"timestamp":"2025-10-09T19:43:37.891147Z","level":"warning","event":"The `airflow.operators.python.PythonOperator` attribute is deprecated. Please use `'airflow.providers.standard.operators.python.PythonOperator'`.","category":"DeprecatedImportWarning","filename":"/opt/airflow/dags/get_data_with_airflow.py","lineno":4,"logger":"py.warnings"}
{"timestamp":"2025-10-09T19:43:37.891247Z","level":"warning","event":"The `airflow.operators.bash.BashOperator` attribute is deprecated. Please use `'airflow.providers.standard.operators.bash.BashOperator'`.","category":"DeprecatedImportWarning","filename":"/opt/airflow/dags/get_data_with_airflow.py","lineno":5,"logger":"py.warnings"}
{"timestamp":"2025-10-09T19:44:08.401339Z","level":"info","event":"Filling up the DagBag from /opt/airflow/dags/get_data_with_airflow.py","logger":"airflow.models.dagbag.DagBag","filename":"dagbag.py","lineno":593}
{"timestamp":"2025-10-09T19:44:09.173638Z","level":"warning","event":"The `airflow.operators.python.PythonOperator` attribute is deprecated. Please use `'airflow.providers.standard.operators.python.PythonOperator'`.","category":"DeprecatedImportWarning","filename":"/opt/airflow/dags/get_data_with_airflow.py","lineno":4,"logger":"py.warnings"}
{"timestamp":"2025-10-09T19:44:09.173821Z","level":"warning","event":"The `airflow.operators.bash.BashOperator` attribute is deprecated. Please use `'airflow.providers.standard.operators.bash.BashOperator'`.","category":"DeprecatedImportWarning","filename":"/opt/airflow/dags/get_data_with_airflow.py","lineno":5,"logger":"py.warnings"}
{"timestamp":"2025-10-09T19:44:39.710188Z","level":"info","event":"Filling up the DagBag from /opt/airflow/dags/get_data_with_airflow.py","logger":"airflow.models.dagbag.DagBag","filename":"dagbag.py","lineno":593}
{"timestamp":"2025-10-09T19:44:40.418599Z","level":"warning","event":"The `airflow.operators.python.PythonOperator` attribute is deprecated. Please use `'airflow.providers.standard.operators.python.PythonOperator'`.","category":"DeprecatedImportWarning","filename":"/opt/airflow/dags/get_data_with_airflow.py","lineno":4,"logger":"py.warnings"}
{"timestamp":"2025-10-09T19:44:40.418684Z","level":"warning","event":"The `airflow.operators.bash.BashOperator` attribute is deprecated. Please use `'airflow.providers.standard.operators.bash.BashOperator'`.","category":"DeprecatedImportWarning","filename":"/opt/airflow/dags/get_data_with_airflow.py","lineno":5,"logger":"py.warnings"}
{"timestamp":"2025-10-09T19:45:10.930600Z","level":"info","event":"Filling up the DagBag from /opt/airflow/dags/get_data_with_airflow.py","logger":"airflow.models.dagbag.DagBag","filename":"dagbag.py","lineno":593}
{"timestamp":"2025-10-09T19:45:11.459766Z","level":"warning","event":"The `airflow.operators.python.PythonOperator` attribute is deprecated. Please use `'airflow.providers.standard.operators.python.PythonOperator'`.","category":"DeprecatedImportWarning","filename":"/opt/airflow/dags/get_data_with_airflow.py","lineno":4,"logger":"py.warnings"}
{"timestamp":"2025-10-09T19:45:11.459853Z","level":"warning","event":"The `airflow.operators.bash.BashOperator` attribute is deprecated. Please use `'airflow.providers.standard.operators.bash.BashOperator'`.","category":"DeprecatedImportWarning","filename":"/opt/airflow/dags/get_data_with_airflow.py","lineno":5,"logger":"py.warnings"}
{"timestamp":"2025-10-09T19:45:42.013171Z","level":"info","event":"Filling up the DagBag from /opt/airflow/dags/get_data_with_airflow.py","logger":"airflow.models.dagbag.DagBag","filename":"dagbag.py","lineno":593}
{"timestamp":"2025-10-09T19:45:42.943886Z","level":"warning","event":"The `airflow.operators.python.PythonOperator` attribute is deprecated. Please use `'airflow.providers.standard.operators.python.PythonOperator'`.","category":"DeprecatedImportWarning","filename":"/opt/airflow/dags/get_data_with_airflow.py","lineno":4,"logger":"py.warnings"}
{"timestamp":"2025-10-09T19:45:42.944209Z","level":"warning","event":"The `airflow.operators.bash.BashOperator` attribute is deprecated. Please use `'airflow.providers.standard.operators.bash.BashOperator'`.","category":"DeprecatedImportWarning","filename":"/opt/airflow/dags/get_data_with_airflow.py","lineno":5,"logger":"py.warnings"}
{"timestamp":"2025-10-09T19:46:13.474678Z","level":"info","event":"Filling up the DagBag from /opt/airflow/dags/get_data_with_airflow.py","logger":"airflow.models.dagbag.DagBag","filename":"dagbag.py","lineno":593}
{"timestamp":"2025-10-09T19:46:14.227221Z","level":"warning","event":"The `airflow.operators.python.PythonOperator` attribute is deprecated. Please use `'airflow.providers.standard.operators.python.PythonOperator'`.","category":"DeprecatedImportWarning","filename":"/opt/airflow/dags/get_data_with_airflow.py","lineno":4,"logger":"py.warnings"}
{"timestamp":"2025-10-09T19:46:14.227400Z","level":"warning","event":"The `airflow.operators.bash.BashOperator` attribute is deprecated. Please use `'airflow.providers.standard.operators.bash.BashOperator'`.","category":"DeprecatedImportWarning","filename":"/opt/airflow/dags/get_data_with_airflow.py","lineno":5,"logger":"py.warnings"}
{"timestamp":"2025-10-09T19:46:44.766974Z","level":"info","event":"Filling up the DagBag from /opt/airflow/dags/get_data_with_airflow.py","logger":"airflow.models.dagbag.DagBag","filename":"dagbag.py","lineno":593}
{"timestamp":"2025-10-09T19:46:45.859158Z","level":"warning","event":"The `airflow.operators.python.PythonOperator` attribute is deprecated. Please use `'airflow.providers.standard.operators.python.PythonOperator'`.","category":"DeprecatedImportWarning","filename":"/opt/airflow/dags/get_data_with_airflow.py","lineno":4,"logger":"py.warnings"}
{"timestamp":"2025-10-09T19:46:45.860810Z","level":"warning","event":"The `airflow.operators.bash.BashOperator` attribute is deprecated. Please use `'airflow.providers.standard.operators.bash.BashOperator'`.","category":"DeprecatedImportWarning","filename":"/opt/airflow/dags/get_data_with_airflow.py","lineno":5,"logger":"py.warnings"}
{"timestamp":"2025-10-09T19:47:16.317263Z","level":"info","event":"Filling up the DagBag from /opt/airflow/dags/get_data_with_airflow.py","logger":"airflow.models.dagbag.DagBag","filename":"dagbag.py","lineno":593}
{"timestamp":"2025-10-09T19:47:18.448580Z","level":"critical","event":"Process terminated by signal. Likely out of memory error (OOM). For more information, see https://airflow.apache.org/docs/apache-airflow/stable/troubleshooting.html#process-terminated-by-signal.","signal":-9,"signal_name":"SIGKILL","logger":"processor"}
{"timestamp":"2025-10-09T19:47:48.988152Z","level":"info","event":"Filling up the DagBag from /opt/airflow/dags/get_data_with_airflow.py","logger":"airflow.models.dagbag.DagBag","filename":"dagbag.py","lineno":593}
{"timestamp":"2025-10-09T19:47:49.542631Z","level":"warning","event":"The `airflow.operators.python.PythonOperator` attribute is deprecated. Please use `'airflow.providers.standard.operators.python.PythonOperator'`.","category":"DeprecatedImportWarning","filename":"/opt/airflow/dags/get_data_with_airflow.py","lineno":4,"logger":"py.warnings"}
{"timestamp":"2025-10-09T19:47:49.542762Z","level":"warning","event":"The `airflow.operators.bash.BashOperator` attribute is deprecated. Please use `'airflow.providers.standard.operators.bash.BashOperator'`.","category":"DeprecatedImportWarning","filename":"/opt/airflow/dags/get_data_with_airflow.py","lineno":5,"logger":"py.warnings"}
{"timestamp":"2025-10-09T19:48:20.097909Z","level":"info","event":"Filling up the DagBag from /opt/airflow/dags/get_data_with_airflow.py","logger":"airflow.models.dagbag.DagBag","filename":"dagbag.py","lineno":593}
{"timestamp":"2025-10-09T19:48:20.823268Z","level":"warning","event":"The `airflow.operators.python.PythonOperator` attribute is deprecated. Please use `'airflow.providers.standard.operators.python.PythonOperator'`.","category":"DeprecatedImportWarning","filename":"/opt/airflow/dags/get_data_with_airflow.py","lineno":4,"logger":"py.warnings"}
{"timestamp":"2025-10-09T19:48:20.823388Z","level":"warning","event":"The `airflow.operators.bash.BashOperator` attribute is deprecated. Please use `'airflow.providers.standard.operators.bash.BashOperator'`.","category":"DeprecatedImportWarning","filename":"/opt/airflow/dags/get_data_with_airflow.py","lineno":5,"logger":"py.warnings"}
{"timestamp":"2025-10-09T19:48:51.315819Z","level":"info","event":"Filling up the DagBag from /opt/airflow/dags/get_data_with_airflow.py","logger":"airflow.models.dagbag.DagBag","filename":"dagbag.py","lineno":593}
{"timestamp":"2025-10-09T19:48:52.056401Z","level":"warning","event":"The `airflow.operators.python.PythonOperator` attribute is deprecated. Please use `'airflow.providers.standard.operators.python.PythonOperator'`.","category":"DeprecatedImportWarning","filename":"/opt/airflow/dags/get_data_with_airflow.py","lineno":4,"logger":"py.warnings"}
{"timestamp":"2025-10-09T19:48:52.056508Z","level":"warning","event":"The `airflow.operators.bash.BashOperator` attribute is deprecated. Please use `'airflow.providers.standard.operators.bash.BashOperator'`.","category":"DeprecatedImportWarning","filename":"/opt/airflow/dags/get_data_with_airflow.py","lineno":5,"logger":"py.warnings"}
{"timestamp":"2025-10-09T19:49:22.613952Z","level":"info","event":"Filling up the DagBag from /opt/airflow/dags/get_data_with_airflow.py","logger":"airflow.models.dagbag.DagBag","filename":"dagbag.py","lineno":593}
{"timestamp":"2025-10-09T19:49:23.380112Z","level":"warning","event":"The `airflow.operators.python.PythonOperator` attribute is deprecated. Please use `'airflow.providers.standard.operators.python.PythonOperator'`.","category":"DeprecatedImportWarning","filename":"/opt/airflow/dags/get_data_with_airflow.py","lineno":4,"logger":"py.warnings"}
{"timestamp":"2025-10-09T19:49:23.380192Z","level":"warning","event":"The `airflow.operators.bash.BashOperator` attribute is deprecated. Please use `'airflow.providers.standard.operators.bash.BashOperator'`.","category":"DeprecatedImportWarning","filename":"/opt/airflow/dags/get_data_with_airflow.py","lineno":5,"logger":"py.warnings"}
{"timestamp":"2025-10-09T19:49:53.918277Z","level":"info","event":"Filling up the DagBag from /opt/airflow/dags/get_data_with_airflow.py","logger":"airflow.models.dagbag.DagBag","filename":"dagbag.py","lineno":593}
{"timestamp":"2025-10-09T19:49:54.717527Z","level":"warning","event":"The `airflow.operators.python.PythonOperator` attribute is deprecated. Please use `'airflow.providers.standard.operators.python.PythonOperator'`.","category":"DeprecatedImportWarning","filename":"/opt/airflow/dags/get_data_with_airflow.py","lineno":4,"logger":"py.warnings"}
{"timestamp":"2025-10-09T19:49:54.717637Z","level":"warning","event":"The `airflow.operators.bash.BashOperator` attribute is deprecated. Please use `'airflow.providers.standard.operators.bash.BashOperator'`.","category":"DeprecatedImportWarning","filename":"/opt/airflow/dags/get_data_with_airflow.py","lineno":5,"logger":"py.warnings"}
{"timestamp":"2025-10-09T19:50:25.278662Z","level":"info","event":"Filling up the DagBag from /opt/airflow/dags/get_data_with_airflow.py","logger":"airflow.models.dagbag.DagBag","filename":"dagbag.py","lineno":593}
{"timestamp":"2025-10-09T19:50:26.416790Z","level":"warning","event":"The `airflow.operators.python.PythonOperator` attribute is deprecated. Please use `'airflow.providers.standard.operators.python.PythonOperator'`.","category":"DeprecatedImportWarning","filename":"/opt/airflow/dags/get_data_with_airflow.py","lineno":4,"logger":"py.warnings"}
{"timestamp":"2025-10-09T19:50:26.417137Z","level":"warning","event":"The `airflow.operators.bash.BashOperator` attribute is deprecated. Please use `'airflow.providers.standard.operators.bash.BashOperator'`.","category":"DeprecatedImportWarning","filename":"/opt/airflow/dags/get_data_with_airflow.py","lineno":5,"logger":"py.warnings"}
{"timestamp":"2025-10-09T19:50:57.022504Z","level":"info","event":"Filling up the DagBag from /opt/airflow/dags/get_data_with_airflow.py","logger":"airflow.models.dagbag.DagBag","filename":"dagbag.py","lineno":593}
{"timestamp":"2025-10-09T19:50:57.756738Z","level":"warning","event":"The `airflow.operators.python.PythonOperator` attribute is deprecated. Please use `'airflow.providers.standard.operators.python.PythonOperator'`.","category":"DeprecatedImportWarning","filename":"/opt/airflow/dags/get_data_with_airflow.py","lineno":4,"logger":"py.warnings"}
{"timestamp":"2025-10-09T19:50:57.756832Z","level":"warning","event":"The `airflow.operators.bash.BashOperator` attribute is deprecated. Please use `'airflow.providers.standard.operators.bash.BashOperator'`.","category":"DeprecatedImportWarning","filename":"/opt/airflow/dags/get_data_with_airflow.py","lineno":5,"logger":"py.warnings"}
{"timestamp":"2025-10-09T19:51:28.303732Z","level":"info","event":"Filling up the DagBag from /opt/airflow/dags/get_data_with_airflow.py","logger":"airflow.models.dagbag.DagBag","filename":"dagbag.py","lineno":593}
{"timestamp":"2025-10-09T19:51:28.831610Z","level":"warning","event":"The `airflow.operators.python.PythonOperator` attribute is deprecated. Please use `'airflow.providers.standard.operators.python.PythonOperator'`.","category":"DeprecatedImportWarning","filename":"/opt/airflow/dags/get_data_with_airflow.py","lineno":4,"logger":"py.warnings"}
{"timestamp":"2025-10-09T19:51:28.831706Z","level":"warning","event":"The `airflow.operators.bash.BashOperator` attribute is deprecated. Please use `'airflow.providers.standard.operators.bash.BashOperator'`.","category":"DeprecatedImportWarning","filename":"/opt/airflow/dags/get_data_with_airflow.py","lineno":5,"logger":"py.warnings"}
{"timestamp":"2025-10-09T19:51:59.328521Z","level":"info","event":"Filling up the DagBag from /opt/airflow/dags/get_data_with_airflow.py","logger":"airflow.models.dagbag.DagBag","filename":"dagbag.py","lineno":593}
{"timestamp":"2025-10-09T19:52:00.097800Z","level":"warning","event":"The `airflow.operators.python.PythonOperator` attribute is deprecated. Please use `'airflow.providers.standard.operators.python.PythonOperator'`.","category":"DeprecatedImportWarning","filename":"/opt/airflow/dags/get_data_with_airflow.py","lineno":4,"logger":"py.warnings"}
{"timestamp":"2025-10-09T19:52:00.097895Z","level":"warning","event":"The `airflow.operators.bash.BashOperator` attribute is deprecated. Please use `'airflow.providers.standard.operators.bash.BashOperator'`.","category":"DeprecatedImportWarning","filename":"/opt/airflow/dags/get_data_with_airflow.py","lineno":5,"logger":"py.warnings"}
{"timestamp":"2025-10-09T19:52:30.693446Z","level":"info","event":"Filling up the DagBag from /opt/airflow/dags/get_data_with_airflow.py","logger":"airflow.models.dagbag.DagBag","filename":"dagbag.py","lineno":593}
{"timestamp":"2025-10-09T19:52:31.486219Z","level":"warning","event":"The `airflow.operators.python.PythonOperator` attribute is deprecated. Please use `'airflow.providers.standard.operators.python.PythonOperator'`.","category":"DeprecatedImportWarning","filename":"/opt/airflow/dags/get_data_with_airflow.py","lineno":4,"logger":"py.warnings"}
{"timestamp":"2025-10-09T19:52:31.486311Z","level":"warning","event":"The `airflow.operators.bash.BashOperator` attribute is deprecated. Please use `'airflow.providers.standard.operators.bash.BashOperator'`.","category":"DeprecatedImportWarning","filename":"/opt/airflow/dags/get_data_with_airflow.py","lineno":5,"logger":"py.warnings"}
{"timestamp":"2025-10-09T19:53:02.043542Z","level":"info","event":"Filling up the DagBag from /opt/airflow/dags/get_data_with_airflow.py","logger":"airflow.models.dagbag.DagBag","filename":"dagbag.py","lineno":593}
{"timestamp":"2025-10-09T19:53:02.762794Z","level":"warning","event":"The `airflow.operators.python.PythonOperator` attribute is deprecated. Please use `'airflow.providers.standard.operators.python.PythonOperator'`.","category":"DeprecatedImportWarning","filename":"/opt/airflow/dags/get_data_with_airflow.py","lineno":4,"logger":"py.warnings"}
{"timestamp":"2025-10-09T19:53:02.762885Z","level":"warning","event":"The `airflow.operators.bash.BashOperator` attribute is deprecated. Please use `'airflow.providers.standard.operators.bash.BashOperator'`.","category":"DeprecatedImportWarning","filename":"/opt/airflow/dags/get_data_with_airflow.py","lineno":5,"logger":"py.warnings"}
{"timestamp":"2025-10-09T19:53:33.357965Z","level":"info","event":"Filling up the DagBag from /opt/airflow/dags/get_data_with_airflow.py","logger":"airflow.models.dagbag.DagBag","filename":"dagbag.py","lineno":593}
{"timestamp":"2025-10-09T19:53:34.174319Z","level":"warning","event":"The `airflow.operators.python.PythonOperator` attribute is deprecated. Please use `'airflow.providers.standard.operators.python.PythonOperator'`.","category":"DeprecatedImportWarning","filename":"/opt/airflow/dags/get_data_with_airflow.py","lineno":4,"logger":"py.warnings"}
{"timestamp":"2025-10-09T19:53:34.176238Z","level":"warning","event":"The `airflow.operators.bash.BashOperator` attribute is deprecated. Please use `'airflow.providers.standard.operators.bash.BashOperator'`.","category":"DeprecatedImportWarning","filename":"/opt/airflow/dags/get_data_with_airflow.py","lineno":5,"logger":"py.warnings"}
{"timestamp":"2025-10-09T19:54:04.719882Z","level":"info","event":"Filling up the DagBag from /opt/airflow/dags/get_data_with_airflow.py","logger":"airflow.models.dagbag.DagBag","filename":"dagbag.py","lineno":593}
{"timestamp":"2025-10-09T19:54:05.459581Z","level":"warning","event":"The `airflow.operators.python.PythonOperator` attribute is deprecated. Please use `'airflow.providers.standard.operators.python.PythonOperator'`.","category":"DeprecatedImportWarning","filename":"/opt/airflow/dags/get_data_with_airflow.py","lineno":4,"logger":"py.warnings"}
{"timestamp":"2025-10-09T19:54:05.460230Z","level":"warning","event":"The `airflow.operators.bash.BashOperator` attribute is deprecated. Please use `'airflow.providers.standard.operators.bash.BashOperator'`.","category":"DeprecatedImportWarning","filename":"/opt/airflow/dags/get_data_with_airflow.py","lineno":5,"logger":"py.warnings"}
{"timestamp":"2025-10-09T19:54:36.159220Z","level":"info","event":"Filling up the DagBag from /opt/airflow/dags/get_data_with_airflow.py","logger":"airflow.models.dagbag.DagBag","filename":"dagbag.py","lineno":593}
{"timestamp":"2025-10-09T19:54:37.321099Z","level":"critical","event":"Process terminated by signal. Likely out of memory error (OOM). For more information, see https://airflow.apache.org/docs/apache-airflow/stable/troubleshooting.html#process-terminated-by-signal.","signal":-9,"signal_name":"SIGKILL","logger":"processor"}
{"timestamp":"2025-10-09T19:55:08.022259Z","level":"info","event":"Filling up the DagBag from /opt/airflow/dags/get_data_with_airflow.py","logger":"airflow.models.dagbag.DagBag","filename":"dagbag.py","lineno":593}
{"timestamp":"2025-10-09T19:55:11.198759Z","level":"warning","event":"The `airflow.operators.python.PythonOperator` attribute is deprecated. Please use `'airflow.providers.standard.operators.python.PythonOperator'`.","category":"DeprecatedImportWarning","filename":"/opt/airflow/dags/get_data_with_airflow.py","lineno":4,"logger":"py.warnings"}
{"timestamp":"2025-10-09T19:55:11.203137Z","level":"warning","event":"The `airflow.operators.bash.BashOperator` attribute is deprecated. Please use `'airflow.providers.standard.operators.bash.BashOperator'`.","category":"DeprecatedImportWarning","filename":"/opt/airflow/dags/get_data_with_airflow.py","lineno":5,"logger":"py.warnings"}
{"timestamp":"2025-10-09T19:55:42.082700Z","level":"info","event":"Filling up the DagBag from /opt/airflow/dags/get_data_with_airflow.py","logger":"airflow.models.dagbag.DagBag","filename":"dagbag.py","lineno":593}
{"timestamp":"2025-10-09T19:55:42.853374Z","level":"warning","event":"The `airflow.operators.python.PythonOperator` attribute is deprecated. Please use `'airflow.providers.standard.operators.python.PythonOperator'`.","category":"DeprecatedImportWarning","filename":"/opt/airflow/dags/get_data_with_airflow.py","lineno":4,"logger":"py.warnings"}
{"timestamp":"2025-10-09T19:55:42.853915Z","level":"warning","event":"The `airflow.operators.bash.BashOperator` attribute is deprecated. Please use `'airflow.providers.standard.operators.bash.BashOperator'`.","category":"DeprecatedImportWarning","filename":"/opt/airflow/dags/get_data_with_airflow.py","lineno":5,"logger":"py.warnings"}
{"timestamp":"2025-10-09T19:56:13.623432Z","level":"info","event":"Filling up the DagBag from /opt/airflow/dags/get_data_with_airflow.py","logger":"airflow.models.dagbag.DagBag","filename":"dagbag.py","lineno":593}
{"timestamp":"2025-10-09T19:56:14.471230Z","level":"warning","event":"The `airflow.operators.python.PythonOperator` attribute is deprecated. Please use `'airflow.providers.standard.operators.python.PythonOperator'`.","category":"DeprecatedImportWarning","filename":"/opt/airflow/dags/get_data_with_airflow.py","lineno":4,"logger":"py.warnings"}
{"timestamp":"2025-10-09T19:56:14.472118Z","level":"warning","event":"The `airflow.operators.bash.BashOperator` attribute is deprecated. Please use `'airflow.providers.standard.operators.bash.BashOperator'`.","category":"DeprecatedImportWarning","filename":"/opt/airflow/dags/get_data_with_airflow.py","lineno":5,"logger":"py.warnings"}
{"timestamp":"2025-10-09T19:56:45.063114Z","level":"info","event":"Filling up the DagBag from /opt/airflow/dags/get_data_with_airflow.py","logger":"airflow.models.dagbag.DagBag","filename":"dagbag.py","lineno":593}
{"timestamp":"2025-10-09T19:56:46.161824Z","level":"warning","event":"The `airflow.operators.python.PythonOperator` attribute is deprecated. Please use `'airflow.providers.standard.operators.python.PythonOperator'`.","category":"DeprecatedImportWarning","filename":"/opt/airflow/dags/get_data_with_airflow.py","lineno":4,"logger":"py.warnings"}
{"timestamp":"2025-10-09T19:56:46.162082Z","level":"warning","event":"The `airflow.operators.bash.BashOperator` attribute is deprecated. Please use `'airflow.providers.standard.operators.bash.BashOperator'`.","category":"DeprecatedImportWarning","filename":"/opt/airflow/dags/get_data_with_airflow.py","lineno":5,"logger":"py.warnings"}
{"timestamp":"2025-10-09T19:57:16.793569Z","level":"info","event":"Filling up the DagBag from /opt/airflow/dags/get_data_with_airflow.py","logger":"airflow.models.dagbag.DagBag","filename":"dagbag.py","lineno":593}
{"timestamp":"2025-10-09T19:57:17.583409Z","level":"warning","event":"The `airflow.operators.python.PythonOperator` attribute is deprecated. Please use `'airflow.providers.standard.operators.python.PythonOperator'`.","category":"DeprecatedImportWarning","filename":"/opt/airflow/dags/get_data_with_airflow.py","lineno":4,"logger":"py.warnings"}
{"timestamp":"2025-10-09T19:57:17.583499Z","level":"warning","event":"The `airflow.operators.bash.BashOperator` attribute is deprecated. Please use `'airflow.providers.standard.operators.bash.BashOperator'`.","category":"DeprecatedImportWarning","filename":"/opt/airflow/dags/get_data_with_airflow.py","lineno":5,"logger":"py.warnings"}
{"timestamp":"2025-10-09T19:57:48.116390Z","level":"info","event":"Filling up the DagBag from /opt/airflow/dags/get_data_with_airflow.py","logger":"airflow.models.dagbag.DagBag","filename":"dagbag.py","lineno":593}
{"timestamp":"2025-10-09T19:57:48.965893Z","level":"warning","event":"The `airflow.operators.python.PythonOperator` attribute is deprecated. Please use `'airflow.providers.standard.operators.python.PythonOperator'`.","category":"DeprecatedImportWarning","filename":"/opt/airflow/dags/get_data_with_airflow.py","lineno":4,"logger":"py.warnings"}
{"timestamp":"2025-10-09T19:57:48.966454Z","level":"warning","event":"The `airflow.operators.bash.BashOperator` attribute is deprecated. Please use `'airflow.providers.standard.operators.bash.BashOperator'`.","category":"DeprecatedImportWarning","filename":"/opt/airflow/dags/get_data_with_airflow.py","lineno":5,"logger":"py.warnings"}
{"timestamp":"2025-10-09T19:58:19.542828Z","level":"info","event":"Filling up the DagBag from /opt/airflow/dags/get_data_with_airflow.py","logger":"airflow.models.dagbag.DagBag","filename":"dagbag.py","lineno":593}
{"timestamp":"2025-10-09T19:58:20.306954Z","level":"warning","event":"The `airflow.operators.python.PythonOperator` attribute is deprecated. Please use `'airflow.providers.standard.operators.python.PythonOperator'`.","category":"DeprecatedImportWarning","filename":"/opt/airflow/dags/get_data_with_airflow.py","lineno":4,"logger":"py.warnings"}
{"timestamp":"2025-10-09T19:58:20.307046Z","level":"warning","event":"The `airflow.operators.bash.BashOperator` attribute is deprecated. Please use `'airflow.providers.standard.operators.bash.BashOperator'`.","category":"DeprecatedImportWarning","filename":"/opt/airflow/dags/get_data_with_airflow.py","lineno":5,"logger":"py.warnings"}
{"timestamp":"2025-10-09T19:58:50.960970Z","level":"info","event":"Filling up the DagBag from /opt/airflow/dags/get_data_with_airflow.py","logger":"airflow.models.dagbag.DagBag","filename":"dagbag.py","lineno":593}
{"timestamp":"2025-10-09T19:58:51.735363Z","level":"warning","event":"The `airflow.operators.python.PythonOperator` attribute is deprecated. Please use `'airflow.providers.standard.operators.python.PythonOperator'`.","category":"DeprecatedImportWarning","filename":"/opt/airflow/dags/get_data_with_airflow.py","lineno":4,"logger":"py.warnings"}
{"timestamp":"2025-10-09T19:58:51.735470Z","level":"warning","event":"The `airflow.operators.bash.BashOperator` attribute is deprecated. Please use `'airflow.providers.standard.operators.bash.BashOperator'`.","category":"DeprecatedImportWarning","filename":"/opt/airflow/dags/get_data_with_airflow.py","lineno":5,"logger":"py.warnings"}
{"timestamp":"2025-10-09T19:59:22.561484Z","level":"info","event":"Filling up the DagBag from /opt/airflow/dags/get_data_with_airflow.py","logger":"airflow.models.dagbag.DagBag","filename":"dagbag.py","lineno":593}
{"timestamp":"2025-10-09T19:59:23.358092Z","level":"warning","event":"The `airflow.operators.python.PythonOperator` attribute is deprecated. Please use `'airflow.providers.standard.operators.python.PythonOperator'`.","category":"DeprecatedImportWarning","filename":"/opt/airflow/dags/get_data_with_airflow.py","lineno":4,"logger":"py.warnings"}
{"timestamp":"2025-10-09T19:59:23.358179Z","level":"warning","event":"The `airflow.operators.bash.BashOperator` attribute is deprecated. Please use `'airflow.providers.standard.operators.bash.BashOperator'`.","category":"DeprecatedImportWarning","filename":"/opt/airflow/dags/get_data_with_airflow.py","lineno":5,"logger":"py.warnings"}
{"timestamp":"2025-10-09T19:59:54.357691Z","level":"info","event":"Filling up the DagBag from /opt/airflow/dags/get_data_with_airflow.py","logger":"airflow.models.dagbag.DagBag","filename":"dagbag.py","lineno":593}
{"timestamp":"2025-10-09T19:59:58.128452Z","level":"warning","event":"The `airflow.operators.python.PythonOperator` attribute is deprecated. Please use `'airflow.providers.standard.operators.python.PythonOperator'`.","category":"DeprecatedImportWarning","filename":"/opt/airflow/dags/get_data_with_airflow.py","lineno":4,"logger":"py.warnings"}
{"timestamp":"2025-10-09T19:59:58.128654Z","level":"warning","event":"The `airflow.operators.bash.BashOperator` attribute is deprecated. Please use `'airflow.providers.standard.operators.bash.BashOperator'`.","category":"DeprecatedImportWarning","filename":"/opt/airflow/dags/get_data_with_airflow.py","lineno":5,"logger":"py.warnings"}
{"timestamp":"2025-10-09T20:00:28.635047Z","level":"info","event":"Filling up the DagBag from /opt/airflow/dags/get_data_with_airflow.py","logger":"airflow.models.dagbag.DagBag","filename":"dagbag.py","lineno":593}
{"timestamp":"2025-10-09T20:01:01.112412Z","level":"error","event":"Process timed out, PID: 2430","logger":"airflow.models.dagbag","filename":"dagbag.py","lineno":134}
{"timestamp":"2025-10-09T20:01:01.128460Z","level":"error","event":"Failed to import: /opt/airflow/dags/get_data_with_airflow.py","logger":"airflow.models.dagbag.DagBag","filename":"dagbag.py","lineno":415,"error_detail":[{"exc_type":"AirflowTaskTimeout","exc_value":"DagBag import timeout for /opt/airflow/dags/get_data_with_airflow.py after 30.0s.\nPlease take a look at these docs to improve your DAG import time:\n* https://airflow.apache.org/docs/apache-airflow/3.1.0/best-practices.html#top-level-python-code\n* https://airflow.apache.org/docs/apache-airflow/3.1.0/best-practices.html#reducing-dag-complexity, PID: 2430","exc_notes":[],"syntax_error":null,"is_cause":false,"frames":[{"filename":"/home/airflow/.local/lib/python3.12/site-packages/airflow/models/dagbag.py","lineno":405,"name":"parse"},{"filename":"<frozen importlib._bootstrap_external>","lineno":999,"name":"exec_module"},{"filename":"<frozen importlib._bootstrap>","lineno":488,"name":"_call_with_frames_removed"},{"filename":"/opt/airflow/dags/get_data_with_airflow.py","lineno":8,"name":"<module>"},{"filename":"/home/airflow/.local/lib/python3.12/site-packages/pandas/__init__.py","lineno":46,"name":"<module>"},{"filename":"/home/airflow/.local/lib/python3.12/site-packages/pandas/core/api.py","lineno":28,"name":"<module>"},{"filename":"/home/airflow/.local/lib/python3.12/site-packages/pandas/core/arrays/__init__.py","lineno":1,"name":"<module>"},{"filename":"/home/airflow/.local/lib/python3.12/site-packages/pandas/core/arrays/arrow/__init__.py","lineno":1,"name":"<module>"},{"filename":"/home/airflow/.local/lib/python3.12/site-packages/pandas/core/arrays/arrow/array.py","lineno":52,"name":"<module>"},{"filename":"/home/airflow/.local/lib/python3.12/site-packages/pandas/core/arrays/_arrow_string_mixins.py","lineno":11,"name":"<module>"},{"filename":"/home/airflow/.local/lib/python3.12/site-packages/pyarrow/compute.py","lineno":18,"name":"<module>"},{"filename":"/opt/airflow/pyarrow/_compute.pyx","lineno":1513,"name":"init pyarrow._compute"},{"filename":"/opt/airflow/pyarrow/_compute.pyx","lineno":837,"name":"pyarrow._compute._min_count_doc"},{"filename":"/home/airflow/.local/lib/python3.12/site-packages/airflow/models/dagbag.py","lineno":135,"name":"handle_timeout"}],"is_group":false,"exceptions":[]}]}
{"timestamp":"2025-10-09T20:01:01.454743Z","level":"warning","event":"The `airflow.operators.python.PythonOperator` attribute is deprecated. Please use `'airflow.providers.standard.operators.python.PythonOperator'`.","category":"DeprecatedImportWarning","filename":"/opt/airflow/dags/get_data_with_airflow.py","lineno":4,"logger":"py.warnings"}
{"timestamp":"2025-10-09T20:01:01.455965Z","level":"warning","event":"The `airflow.operators.bash.BashOperator` attribute is deprecated. Please use `'airflow.providers.standard.operators.bash.BashOperator'`.","category":"DeprecatedImportWarning","filename":"/opt/airflow/dags/get_data_with_airflow.py","lineno":5,"logger":"py.warnings"}
{"timestamp":"2025-10-09T20:01:50.145852Z","level":"info","event":"Filling up the DagBag from /opt/airflow/dags/get_data_with_airflow.py","logger":"airflow.models.dagbag.DagBag","filename":"dagbag.py","lineno":593}
{"timestamp":"2025-10-09T20:01:52.092467Z","level":"warning","event":"The `airflow.operators.python.PythonOperator` attribute is deprecated. Please use `'airflow.providers.standard.operators.python.PythonOperator'`.","category":"DeprecatedImportWarning","filename":"/opt/airflow/dags/get_data_with_airflow.py","lineno":4,"logger":"py.warnings"}
{"timestamp":"2025-10-09T20:01:52.092561Z","level":"warning","event":"The `airflow.operators.bash.BashOperator` attribute is deprecated. Please use `'airflow.providers.standard.operators.bash.BashOperator'`.","category":"DeprecatedImportWarning","filename":"/opt/airflow/dags/get_data_with_airflow.py","lineno":5,"logger":"py.warnings"}
{"timestamp":"2025-10-09T20:02:30.669664Z","level":"info","event":"Filling up the DagBag from /opt/airflow/dags/get_data_with_airflow.py","logger":"airflow.models.dagbag.DagBag","filename":"dagbag.py","lineno":593}
{"timestamp":"2025-10-09T20:02:32.870683Z","level":"warning","event":"The `airflow.operators.python.PythonOperator` attribute is deprecated. Please use `'airflow.providers.standard.operators.python.PythonOperator'`.","category":"DeprecatedImportWarning","filename":"/opt/airflow/dags/get_data_with_airflow.py","lineno":4,"logger":"py.warnings"}
{"timestamp":"2025-10-09T20:02:32.873352Z","level":"warning","event":"The `airflow.operators.bash.BashOperator` attribute is deprecated. Please use `'airflow.providers.standard.operators.bash.BashOperator'`.","category":"DeprecatedImportWarning","filename":"/opt/airflow/dags/get_data_with_airflow.py","lineno":5,"logger":"py.warnings"}
{"timestamp":"2025-10-09T20:03:06.968548Z","level":"info","event":"Filling up the DagBag from /opt/airflow/dags/get_data_with_airflow.py","logger":"airflow.models.dagbag.DagBag","filename":"dagbag.py","lineno":593}
{"timestamp":"2025-10-09T20:03:11.708181Z","level":"warning","event":"The `airflow.operators.python.PythonOperator` attribute is deprecated. Please use `'airflow.providers.standard.operators.python.PythonOperator'`.","category":"DeprecatedImportWarning","filename":"/opt/airflow/dags/get_data_with_airflow.py","lineno":4,"logger":"py.warnings"}
{"timestamp":"2025-10-09T20:03:11.712282Z","level":"warning","event":"The `airflow.operators.bash.BashOperator` attribute is deprecated. Please use `'airflow.providers.standard.operators.bash.BashOperator'`.","category":"DeprecatedImportWarning","filename":"/opt/airflow/dags/get_data_with_airflow.py","lineno":5,"logger":"py.warnings"}
{"timestamp":"2025-10-09T20:03:48.918375Z","level":"info","event":"Filling up the DagBag from /opt/airflow/dags/get_data_with_airflow.py","logger":"airflow.models.dagbag.DagBag","filename":"dagbag.py","lineno":593}
{"timestamp":"2025-10-09T20:03:54.880656Z","level":"warning","event":"The `airflow.operators.python.PythonOperator` attribute is deprecated. Please use `'airflow.providers.standard.operators.python.PythonOperator'`.","category":"DeprecatedImportWarning","filename":"/opt/airflow/dags/get_data_with_airflow.py","lineno":4,"logger":"py.warnings"}
{"timestamp":"2025-10-09T20:03:54.881041Z","level":"warning","event":"The `airflow.operators.bash.BashOperator` attribute is deprecated. Please use `'airflow.providers.standard.operators.bash.BashOperator'`.","category":"DeprecatedImportWarning","filename":"/opt/airflow/dags/get_data_with_airflow.py","lineno":5,"logger":"py.warnings"}
{"timestamp":"2025-10-09T20:04:52.517903Z","level":"info","event":"Filling up the DagBag from /opt/airflow/dags/get_data_with_airflow.py","logger":"airflow.models.dagbag.DagBag","filename":"dagbag.py","lineno":593}
{"timestamp":"2025-10-09T20:04:54.182816Z","level":"warning","event":"The `airflow.operators.python.PythonOperator` attribute is deprecated. Please use `'airflow.providers.standard.operators.python.PythonOperator'`.","category":"DeprecatedImportWarning","filename":"/opt/airflow/dags/get_data_with_airflow.py","lineno":4,"logger":"py.warnings"}
{"timestamp":"2025-10-09T20:04:54.183158Z","level":"warning","event":"The `airflow.operators.bash.BashOperator` attribute is deprecated. Please use `'airflow.providers.standard.operators.bash.BashOperator'`.","category":"DeprecatedImportWarning","filename":"/opt/airflow/dags/get_data_with_airflow.py","lineno":5,"logger":"py.warnings"}
{"timestamp":"2025-10-09T20:05:24.296532Z","level":"info","event":"Filling up the DagBag from /opt/airflow/dags/get_data_with_airflow.py","logger":"airflow.models.dagbag.DagBag","filename":"dagbag.py","lineno":593}
{"timestamp":"2025-10-09T20:05:24.696082Z","level":"warning","event":"The `airflow.operators.python.PythonOperator` attribute is deprecated. Please use `'airflow.providers.standard.operators.python.PythonOperator'`.","category":"DeprecatedImportWarning","filename":"/opt/airflow/dags/get_data_with_airflow.py","lineno":4,"logger":"py.warnings"}
{"timestamp":"2025-10-09T20:05:24.697726Z","level":"warning","event":"The `airflow.operators.bash.BashOperator` attribute is deprecated. Please use `'airflow.providers.standard.operators.bash.BashOperator'`.","category":"DeprecatedImportWarning","filename":"/opt/airflow/dags/get_data_with_airflow.py","lineno":5,"logger":"py.warnings"}
{"timestamp":"2025-10-09T20:08:33.988050Z","level":"info","event":"Filling up the DagBag from /opt/airflow/dags/get_data_with_airflow.py","logger":"airflow.models.dagbag.DagBag","filename":"dagbag.py","lineno":593}
{"timestamp":"2025-10-09T20:08:34.914749Z","level":"warning","event":"The `airflow.operators.python.PythonOperator` attribute is deprecated. Please use `'airflow.providers.standard.operators.python.PythonOperator'`.","category":"DeprecatedImportWarning","filename":"/opt/airflow/dags/get_data_with_airflow.py","lineno":4,"logger":"py.warnings"}
{"timestamp":"2025-10-09T20:08:34.915230Z","level":"warning","event":"The `airflow.operators.bash.BashOperator` attribute is deprecated. Please use `'airflow.providers.standard.operators.bash.BashOperator'`.","category":"DeprecatedImportWarning","filename":"/opt/airflow/dags/get_data_with_airflow.py","lineno":5,"logger":"py.warnings"}
{"timestamp":"2025-10-09T20:09:05.967191Z","level":"info","event":"Filling up the DagBag from /opt/airflow/dags/get_data_with_airflow.py","logger":"airflow.models.dagbag.DagBag","filename":"dagbag.py","lineno":593}
{"timestamp":"2025-10-09T20:09:06.350356Z","level":"warning","event":"The `airflow.operators.python.PythonOperator` attribute is deprecated. Please use `'airflow.providers.standard.operators.python.PythonOperator'`.","category":"DeprecatedImportWarning","filename":"/opt/airflow/dags/get_data_with_airflow.py","lineno":4,"logger":"py.warnings"}
{"timestamp":"2025-10-09T20:09:06.350480Z","level":"warning","event":"The `airflow.operators.bash.BashOperator` attribute is deprecated. Please use `'airflow.providers.standard.operators.bash.BashOperator'`.","category":"DeprecatedImportWarning","filename":"/opt/airflow/dags/get_data_with_airflow.py","lineno":5,"logger":"py.warnings"}
{"timestamp":"2025-10-09T20:09:36.848565Z","level":"info","event":"Filling up the DagBag from /opt/airflow/dags/get_data_with_airflow.py","logger":"airflow.models.dagbag.DagBag","filename":"dagbag.py","lineno":593}
{"timestamp":"2025-10-09T20:09:37.107911Z","level":"warning","event":"The `airflow.operators.python.PythonOperator` attribute is deprecated. Please use `'airflow.providers.standard.operators.python.PythonOperator'`.","category":"DeprecatedImportWarning","filename":"/opt/airflow/dags/get_data_with_airflow.py","lineno":4,"logger":"py.warnings"}
{"timestamp":"2025-10-09T20:09:37.108009Z","level":"warning","event":"The `airflow.operators.bash.BashOperator` attribute is deprecated. Please use `'airflow.providers.standard.operators.bash.BashOperator'`.","category":"DeprecatedImportWarning","filename":"/opt/airflow/dags/get_data_with_airflow.py","lineno":5,"logger":"py.warnings"}
{"timestamp":"2025-10-09T20:10:07.544039Z","level":"info","event":"Filling up the DagBag from /opt/airflow/dags/get_data_with_airflow.py","logger":"airflow.models.dagbag.DagBag","filename":"dagbag.py","lineno":593}
{"timestamp":"2025-10-09T20:10:07.794313Z","level":"warning","event":"The `airflow.operators.python.PythonOperator` attribute is deprecated. Please use `'airflow.providers.standard.operators.python.PythonOperator'`.","category":"DeprecatedImportWarning","filename":"/opt/airflow/dags/get_data_with_airflow.py","lineno":4,"logger":"py.warnings"}
{"timestamp":"2025-10-09T20:10:07.794381Z","level":"warning","event":"The `airflow.operators.bash.BashOperator` attribute is deprecated. Please use `'airflow.providers.standard.operators.bash.BashOperator'`.","category":"DeprecatedImportWarning","filename":"/opt/airflow/dags/get_data_with_airflow.py","lineno":5,"logger":"py.warnings"}
{"timestamp":"2025-10-09T20:10:38.338216Z","level":"info","event":"Filling up the DagBag from /opt/airflow/dags/get_data_with_airflow.py","logger":"airflow.models.dagbag.DagBag","filename":"dagbag.py","lineno":593}
{"timestamp":"2025-10-09T20:10:38.584452Z","level":"warning","event":"The `airflow.operators.python.PythonOperator` attribute is deprecated. Please use `'airflow.providers.standard.operators.python.PythonOperator'`.","category":"DeprecatedImportWarning","filename":"/opt/airflow/dags/get_data_with_airflow.py","lineno":4,"logger":"py.warnings"}
{"timestamp":"2025-10-09T20:10:38.584543Z","level":"warning","event":"The `airflow.operators.bash.BashOperator` attribute is deprecated. Please use `'airflow.providers.standard.operators.bash.BashOperator'`.","category":"DeprecatedImportWarning","filename":"/opt/airflow/dags/get_data_with_airflow.py","lineno":5,"logger":"py.warnings"}
{"timestamp":"2025-10-09T20:11:09.057912Z","level":"info","event":"Filling up the DagBag from /opt/airflow/dags/get_data_with_airflow.py","logger":"airflow.models.dagbag.DagBag","filename":"dagbag.py","lineno":593}
{"timestamp":"2025-10-09T20:11:09.336993Z","level":"warning","event":"The `airflow.operators.python.PythonOperator` attribute is deprecated. Please use `'airflow.providers.standard.operators.python.PythonOperator'`.","category":"DeprecatedImportWarning","filename":"/opt/airflow/dags/get_data_with_airflow.py","lineno":4,"logger":"py.warnings"}
{"timestamp":"2025-10-09T20:11:09.337082Z","level":"warning","event":"The `airflow.operators.bash.BashOperator` attribute is deprecated. Please use `'airflow.providers.standard.operators.bash.BashOperator'`.","category":"DeprecatedImportWarning","filename":"/opt/airflow/dags/get_data_with_airflow.py","lineno":5,"logger":"py.warnings"}
{"timestamp":"2025-10-09T20:11:39.821444Z","level":"info","event":"Filling up the DagBag from /opt/airflow/dags/get_data_with_airflow.py","logger":"airflow.models.dagbag.DagBag","filename":"dagbag.py","lineno":593}
{"timestamp":"2025-10-09T20:11:40.097073Z","level":"warning","event":"The `airflow.operators.python.PythonOperator` attribute is deprecated. Please use `'airflow.providers.standard.operators.python.PythonOperator'`.","category":"DeprecatedImportWarning","filename":"/opt/airflow/dags/get_data_with_airflow.py","lineno":4,"logger":"py.warnings"}
{"timestamp":"2025-10-09T20:11:40.097481Z","level":"warning","event":"The `airflow.operators.bash.BashOperator` attribute is deprecated. Please use `'airflow.providers.standard.operators.bash.BashOperator'`.","category":"DeprecatedImportWarning","filename":"/opt/airflow/dags/get_data_with_airflow.py","lineno":5,"logger":"py.warnings"}
{"timestamp":"2025-10-09T20:12:10.655263Z","level":"info","event":"Filling up the DagBag from /opt/airflow/dags/get_data_with_airflow.py","logger":"airflow.models.dagbag.DagBag","filename":"dagbag.py","lineno":593}
{"timestamp":"2025-10-09T20:12:10.918566Z","level":"warning","event":"The `airflow.operators.python.PythonOperator` attribute is deprecated. Please use `'airflow.providers.standard.operators.python.PythonOperator'`.","category":"DeprecatedImportWarning","filename":"/opt/airflow/dags/get_data_with_airflow.py","lineno":4,"logger":"py.warnings"}
{"timestamp":"2025-10-09T20:12:10.918967Z","level":"warning","event":"The `airflow.operators.bash.BashOperator` attribute is deprecated. Please use `'airflow.providers.standard.operators.bash.BashOperator'`.","category":"DeprecatedImportWarning","filename":"/opt/airflow/dags/get_data_with_airflow.py","lineno":5,"logger":"py.warnings"}
{"timestamp":"2025-10-09T20:12:41.508745Z","level":"info","event":"Filling up the DagBag from /opt/airflow/dags/get_data_with_airflow.py","logger":"airflow.models.dagbag.DagBag","filename":"dagbag.py","lineno":593}
{"timestamp":"2025-10-09T20:12:41.803330Z","level":"warning","event":"The `airflow.operators.python.PythonOperator` attribute is deprecated. Please use `'airflow.providers.standard.operators.python.PythonOperator'`.","category":"DeprecatedImportWarning","filename":"/opt/airflow/dags/get_data_with_airflow.py","lineno":4,"logger":"py.warnings"}
{"timestamp":"2025-10-09T20:12:41.803485Z","level":"warning","event":"The `airflow.operators.bash.BashOperator` attribute is deprecated. Please use `'airflow.providers.standard.operators.bash.BashOperator'`.","category":"DeprecatedImportWarning","filename":"/opt/airflow/dags/get_data_with_airflow.py","lineno":5,"logger":"py.warnings"}
{"timestamp":"2025-10-09T20:13:12.307155Z","level":"info","event":"Filling up the DagBag from /opt/airflow/dags/get_data_with_airflow.py","logger":"airflow.models.dagbag.DagBag","filename":"dagbag.py","lineno":593}
{"timestamp":"2025-10-09T20:13:12.586547Z","level":"warning","event":"The `airflow.operators.python.PythonOperator` attribute is deprecated. Please use `'airflow.providers.standard.operators.python.PythonOperator'`.","category":"DeprecatedImportWarning","filename":"/opt/airflow/dags/get_data_with_airflow.py","lineno":4,"logger":"py.warnings"}
{"timestamp":"2025-10-09T20:13:12.587003Z","level":"warning","event":"The `airflow.operators.bash.BashOperator` attribute is deprecated. Please use `'airflow.providers.standard.operators.bash.BashOperator'`.","category":"DeprecatedImportWarning","filename":"/opt/airflow/dags/get_data_with_airflow.py","lineno":5,"logger":"py.warnings"}
{"timestamp":"2025-10-09T20:13:43.196460Z","level":"info","event":"Filling up the DagBag from /opt/airflow/dags/get_data_with_airflow.py","logger":"airflow.models.dagbag.DagBag","filename":"dagbag.py","lineno":593}
{"timestamp":"2025-10-09T20:13:43.825182Z","level":"warning","event":"The `airflow.operators.python.PythonOperator` attribute is deprecated. Please use `'airflow.providers.standard.operators.python.PythonOperator'`.","category":"DeprecatedImportWarning","filename":"/opt/airflow/dags/get_data_with_airflow.py","lineno":4,"logger":"py.warnings"}
{"timestamp":"2025-10-09T20:13:43.825545Z","level":"warning","event":"The `airflow.operators.bash.BashOperator` attribute is deprecated. Please use `'airflow.providers.standard.operators.bash.BashOperator'`.","category":"DeprecatedImportWarning","filename":"/opt/airflow/dags/get_data_with_airflow.py","lineno":5,"logger":"py.warnings"}
{"timestamp":"2025-10-09T20:14:14.472174Z","level":"info","event":"Filling up the DagBag from /opt/airflow/dags/get_data_with_airflow.py","logger":"airflow.models.dagbag.DagBag","filename":"dagbag.py","lineno":593}
{"timestamp":"2025-10-09T20:14:14.711717Z","level":"warning","event":"The `airflow.operators.python.PythonOperator` attribute is deprecated. Please use `'airflow.providers.standard.operators.python.PythonOperator'`.","category":"DeprecatedImportWarning","filename":"/opt/airflow/dags/get_data_with_airflow.py","lineno":4,"logger":"py.warnings"}
{"timestamp":"2025-10-09T20:14:14.711805Z","level":"warning","event":"The `airflow.operators.bash.BashOperator` attribute is deprecated. Please use `'airflow.providers.standard.operators.bash.BashOperator'`.","category":"DeprecatedImportWarning","filename":"/opt/airflow/dags/get_data_with_airflow.py","lineno":5,"logger":"py.warnings"}
{"timestamp":"2025-10-09T20:14:45.250097Z","level":"info","event":"Filling up the DagBag from /opt/airflow/dags/get_data_with_airflow.py","logger":"airflow.models.dagbag.DagBag","filename":"dagbag.py","lineno":593}
{"timestamp":"2025-10-09T20:14:45.520846Z","level":"warning","event":"The `airflow.operators.python.PythonOperator` attribute is deprecated. Please use `'airflow.providers.standard.operators.python.PythonOperator'`.","category":"DeprecatedImportWarning","filename":"/opt/airflow/dags/get_data_with_airflow.py","lineno":4,"logger":"py.warnings"}
{"timestamp":"2025-10-09T20:14:45.520948Z","level":"warning","event":"The `airflow.operators.bash.BashOperator` attribute is deprecated. Please use `'airflow.providers.standard.operators.bash.BashOperator'`.","category":"DeprecatedImportWarning","filename":"/opt/airflow/dags/get_data_with_airflow.py","lineno":5,"logger":"py.warnings"}
{"timestamp":"2025-10-09T20:15:15.956666Z","level":"info","event":"Filling up the DagBag from /opt/airflow/dags/get_data_with_airflow.py","logger":"airflow.models.dagbag.DagBag","filename":"dagbag.py","lineno":593}
{"timestamp":"2025-10-09T20:15:16.202723Z","level":"warning","event":"The `airflow.operators.python.PythonOperator` attribute is deprecated. Please use `'airflow.providers.standard.operators.python.PythonOperator'`.","category":"DeprecatedImportWarning","filename":"/opt/airflow/dags/get_data_with_airflow.py","lineno":4,"logger":"py.warnings"}
{"timestamp":"2025-10-09T20:15:16.203091Z","level":"warning","event":"The `airflow.operators.bash.BashOperator` attribute is deprecated. Please use `'airflow.providers.standard.operators.bash.BashOperator'`.","category":"DeprecatedImportWarning","filename":"/opt/airflow/dags/get_data_with_airflow.py","lineno":5,"logger":"py.warnings"}
{"timestamp":"2025-10-09T20:15:46.719641Z","level":"info","event":"Filling up the DagBag from /opt/airflow/dags/get_data_with_airflow.py","logger":"airflow.models.dagbag.DagBag","filename":"dagbag.py","lineno":593}
{"timestamp":"2025-10-09T20:15:46.973970Z","level":"warning","event":"The `airflow.operators.python.PythonOperator` attribute is deprecated. Please use `'airflow.providers.standard.operators.python.PythonOperator'`.","category":"DeprecatedImportWarning","filename":"/opt/airflow/dags/get_data_with_airflow.py","lineno":4,"logger":"py.warnings"}
{"timestamp":"2025-10-09T20:15:46.974258Z","level":"warning","event":"The `airflow.operators.bash.BashOperator` attribute is deprecated. Please use `'airflow.providers.standard.operators.bash.BashOperator'`.","category":"DeprecatedImportWarning","filename":"/opt/airflow/dags/get_data_with_airflow.py","lineno":5,"logger":"py.warnings"}
{"timestamp":"2025-10-09T20:16:17.610711Z","level":"info","event":"Filling up the DagBag from /opt/airflow/dags/get_data_with_airflow.py","logger":"airflow.models.dagbag.DagBag","filename":"dagbag.py","lineno":593}
{"timestamp":"2025-10-09T20:16:17.848665Z","level":"warning","event":"The `airflow.operators.python.PythonOperator` attribute is deprecated. Please use `'airflow.providers.standard.operators.python.PythonOperator'`.","category":"DeprecatedImportWarning","filename":"/opt/airflow/dags/get_data_with_airflow.py","lineno":4,"logger":"py.warnings"}
{"timestamp":"2025-10-09T20:16:17.848732Z","level":"warning","event":"The `airflow.operators.bash.BashOperator` attribute is deprecated. Please use `'airflow.providers.standard.operators.bash.BashOperator'`.","category":"DeprecatedImportWarning","filename":"/opt/airflow/dags/get_data_with_airflow.py","lineno":5,"logger":"py.warnings"}
{"timestamp":"2025-10-09T20:16:48.379724Z","level":"info","event":"Filling up the DagBag from /opt/airflow/dags/get_data_with_airflow.py","logger":"airflow.models.dagbag.DagBag","filename":"dagbag.py","lineno":593}
{"timestamp":"2025-10-09T20:16:48.702769Z","level":"warning","event":"The `airflow.operators.python.PythonOperator` attribute is deprecated. Please use `'airflow.providers.standard.operators.python.PythonOperator'`.","category":"DeprecatedImportWarning","filename":"/opt/airflow/dags/get_data_with_airflow.py","lineno":4,"logger":"py.warnings"}
{"timestamp":"2025-10-09T20:16:48.703191Z","level":"warning","event":"The `airflow.operators.bash.BashOperator` attribute is deprecated. Please use `'airflow.providers.standard.operators.bash.BashOperator'`.","category":"DeprecatedImportWarning","filename":"/opt/airflow/dags/get_data_with_airflow.py","lineno":5,"logger":"py.warnings"}
{"timestamp":"2025-10-09T20:17:19.201886Z","level":"info","event":"Filling up the DagBag from /opt/airflow/dags/get_data_with_airflow.py","logger":"airflow.models.dagbag.DagBag","filename":"dagbag.py","lineno":593}
{"timestamp":"2025-10-09T20:17:19.427265Z","level":"warning","event":"The `airflow.operators.python.PythonOperator` attribute is deprecated. Please use `'airflow.providers.standard.operators.python.PythonOperator'`.","category":"DeprecatedImportWarning","filename":"/opt/airflow/dags/get_data_with_airflow.py","lineno":4,"logger":"py.warnings"}
{"timestamp":"2025-10-09T20:17:19.427493Z","level":"warning","event":"The `airflow.operators.bash.BashOperator` attribute is deprecated. Please use `'airflow.providers.standard.operators.bash.BashOperator'`.","category":"DeprecatedImportWarning","filename":"/opt/airflow/dags/get_data_with_airflow.py","lineno":5,"logger":"py.warnings"}
{"timestamp":"2025-10-09T20:17:49.970629Z","level":"info","event":"Filling up the DagBag from /opt/airflow/dags/get_data_with_airflow.py","logger":"airflow.models.dagbag.DagBag","filename":"dagbag.py","lineno":593}
{"timestamp":"2025-10-09T20:17:50.262475Z","level":"warning","event":"The `airflow.operators.python.PythonOperator` attribute is deprecated. Please use `'airflow.providers.standard.operators.python.PythonOperator'`.","category":"DeprecatedImportWarning","filename":"/opt/airflow/dags/get_data_with_airflow.py","lineno":4,"logger":"py.warnings"}
{"timestamp":"2025-10-09T20:17:50.262859Z","level":"warning","event":"The `airflow.operators.bash.BashOperator` attribute is deprecated. Please use `'airflow.providers.standard.operators.bash.BashOperator'`.","category":"DeprecatedImportWarning","filename":"/opt/airflow/dags/get_data_with_airflow.py","lineno":5,"logger":"py.warnings"}
{"timestamp":"2025-10-09T20:18:20.834245Z","level":"info","event":"Filling up the DagBag from /opt/airflow/dags/get_data_with_airflow.py","logger":"airflow.models.dagbag.DagBag","filename":"dagbag.py","lineno":593}
{"timestamp":"2025-10-09T20:18:21.094745Z","level":"warning","event":"The `airflow.operators.python.PythonOperator` attribute is deprecated. Please use `'airflow.providers.standard.operators.python.PythonOperator'`.","category":"DeprecatedImportWarning","filename":"/opt/airflow/dags/get_data_with_airflow.py","lineno":4,"logger":"py.warnings"}
{"timestamp":"2025-10-09T20:18:21.095005Z","level":"warning","event":"The `airflow.operators.bash.BashOperator` attribute is deprecated. Please use `'airflow.providers.standard.operators.bash.BashOperator'`.","category":"DeprecatedImportWarning","filename":"/opt/airflow/dags/get_data_with_airflow.py","lineno":5,"logger":"py.warnings"}
{"timestamp":"2025-10-09T20:18:52.101730Z","level":"info","event":"Filling up the DagBag from /opt/airflow/dags/get_data_with_airflow.py","logger":"airflow.models.dagbag.DagBag","filename":"dagbag.py","lineno":593}
{"timestamp":"2025-10-09T20:18:52.403549Z","level":"warning","event":"The `airflow.operators.python.PythonOperator` attribute is deprecated. Please use `'airflow.providers.standard.operators.python.PythonOperator'`.","category":"DeprecatedImportWarning","filename":"/opt/airflow/dags/get_data_with_airflow.py","lineno":4,"logger":"py.warnings"}
{"timestamp":"2025-10-09T20:18:52.403864Z","level":"warning","event":"The `airflow.operators.bash.BashOperator` attribute is deprecated. Please use `'airflow.providers.standard.operators.bash.BashOperator'`.","category":"DeprecatedImportWarning","filename":"/opt/airflow/dags/get_data_with_airflow.py","lineno":5,"logger":"py.warnings"}
{"timestamp":"2025-10-09T20:19:23.083441Z","level":"info","event":"Filling up the DagBag from /opt/airflow/dags/get_data_with_airflow.py","logger":"airflow.models.dagbag.DagBag","filename":"dagbag.py","lineno":593}
{"timestamp":"2025-10-09T20:19:24.372979Z","level":"warning","event":"The `airflow.operators.python.PythonOperator` attribute is deprecated. Please use `'airflow.providers.standard.operators.python.PythonOperator'`.","category":"DeprecatedImportWarning","filename":"/opt/airflow/dags/get_data_with_airflow.py","lineno":4,"logger":"py.warnings"}
{"timestamp":"2025-10-09T20:19:24.373832Z","level":"warning","event":"The `airflow.operators.bash.BashOperator` attribute is deprecated. Please use `'airflow.providers.standard.operators.bash.BashOperator'`.","category":"DeprecatedImportWarning","filename":"/opt/airflow/dags/get_data_with_airflow.py","lineno":5,"logger":"py.warnings"}
{"timestamp":"2025-10-09T20:19:55.139768Z","level":"info","event":"Filling up the DagBag from /opt/airflow/dags/get_data_with_airflow.py","logger":"airflow.models.dagbag.DagBag","filename":"dagbag.py","lineno":593}
{"timestamp":"2025-10-09T20:19:55.462441Z","level":"warning","event":"The `airflow.operators.python.PythonOperator` attribute is deprecated. Please use `'airflow.providers.standard.operators.python.PythonOperator'`.","category":"DeprecatedImportWarning","filename":"/opt/airflow/dags/get_data_with_airflow.py","lineno":4,"logger":"py.warnings"}
{"timestamp":"2025-10-09T20:19:55.462647Z","level":"warning","event":"The `airflow.operators.bash.BashOperator` attribute is deprecated. Please use `'airflow.providers.standard.operators.bash.BashOperator'`.","category":"DeprecatedImportWarning","filename":"/opt/airflow/dags/get_data_with_airflow.py","lineno":5,"logger":"py.warnings"}
{"timestamp":"2025-10-09T20:20:26.025631Z","level":"info","event":"Filling up the DagBag from /opt/airflow/dags/get_data_with_airflow.py","logger":"airflow.models.dagbag.DagBag","filename":"dagbag.py","lineno":593}
{"timestamp":"2025-10-09T20:20:26.305524Z","level":"warning","event":"The `airflow.operators.python.PythonOperator` attribute is deprecated. Please use `'airflow.providers.standard.operators.python.PythonOperator'`.","category":"DeprecatedImportWarning","filename":"/opt/airflow/dags/get_data_with_airflow.py","lineno":4,"logger":"py.warnings"}
{"timestamp":"2025-10-09T20:20:26.306096Z","level":"warning","event":"The `airflow.operators.bash.BashOperator` attribute is deprecated. Please use `'airflow.providers.standard.operators.bash.BashOperator'`.","category":"DeprecatedImportWarning","filename":"/opt/airflow/dags/get_data_with_airflow.py","lineno":5,"logger":"py.warnings"}
{"timestamp":"2025-10-09T20:20:56.934119Z","level":"info","event":"Filling up the DagBag from /opt/airflow/dags/get_data_with_airflow.py","logger":"airflow.models.dagbag.DagBag","filename":"dagbag.py","lineno":593}
{"timestamp":"2025-10-09T20:20:57.202411Z","level":"warning","event":"The `airflow.operators.python.PythonOperator` attribute is deprecated. Please use `'airflow.providers.standard.operators.python.PythonOperator'`.","category":"DeprecatedImportWarning","filename":"/opt/airflow/dags/get_data_with_airflow.py","lineno":4,"logger":"py.warnings"}
{"timestamp":"2025-10-09T20:20:57.203078Z","level":"warning","event":"The `airflow.operators.bash.BashOperator` attribute is deprecated. Please use `'airflow.providers.standard.operators.bash.BashOperator'`.","category":"DeprecatedImportWarning","filename":"/opt/airflow/dags/get_data_with_airflow.py","lineno":5,"logger":"py.warnings"}
{"timestamp":"2025-10-09T20:21:27.855378Z","level":"info","event":"Filling up the DagBag from /opt/airflow/dags/get_data_with_airflow.py","logger":"airflow.models.dagbag.DagBag","filename":"dagbag.py","lineno":593}
{"timestamp":"2025-10-09T20:21:28.186579Z","level":"warning","event":"The `airflow.operators.python.PythonOperator` attribute is deprecated. Please use `'airflow.providers.standard.operators.python.PythonOperator'`.","category":"DeprecatedImportWarning","filename":"/opt/airflow/dags/get_data_with_airflow.py","lineno":4,"logger":"py.warnings"}
{"timestamp":"2025-10-09T20:21:28.186650Z","level":"warning","event":"The `airflow.operators.bash.BashOperator` attribute is deprecated. Please use `'airflow.providers.standard.operators.bash.BashOperator'`.","category":"DeprecatedImportWarning","filename":"/opt/airflow/dags/get_data_with_airflow.py","lineno":5,"logger":"py.warnings"}
{"timestamp":"2025-10-09T20:21:58.858533Z","level":"info","event":"Filling up the DagBag from /opt/airflow/dags/get_data_with_airflow.py","logger":"airflow.models.dagbag.DagBag","filename":"dagbag.py","lineno":593}
{"timestamp":"2025-10-09T20:21:59.121437Z","level":"warning","event":"The `airflow.operators.python.PythonOperator` attribute is deprecated. Please use `'airflow.providers.standard.operators.python.PythonOperator'`.","category":"DeprecatedImportWarning","filename":"/opt/airflow/dags/get_data_with_airflow.py","lineno":4,"logger":"py.warnings"}
{"timestamp":"2025-10-09T20:21:59.121515Z","level":"warning","event":"The `airflow.operators.bash.BashOperator` attribute is deprecated. Please use `'airflow.providers.standard.operators.bash.BashOperator'`.","category":"DeprecatedImportWarning","filename":"/opt/airflow/dags/get_data_with_airflow.py","lineno":5,"logger":"py.warnings"}
{"timestamp":"2025-10-09T20:22:29.736975Z","level":"info","event":"Filling up the DagBag from /opt/airflow/dags/get_data_with_airflow.py","logger":"airflow.models.dagbag.DagBag","filename":"dagbag.py","lineno":593}
{"timestamp":"2025-10-09T20:22:29.984631Z","level":"warning","event":"The `airflow.operators.python.PythonOperator` attribute is deprecated. Please use `'airflow.providers.standard.operators.python.PythonOperator'`.","category":"DeprecatedImportWarning","filename":"/opt/airflow/dags/get_data_with_airflow.py","lineno":4,"logger":"py.warnings"}
{"timestamp":"2025-10-09T20:22:29.984742Z","level":"warning","event":"The `airflow.operators.bash.BashOperator` attribute is deprecated. Please use `'airflow.providers.standard.operators.bash.BashOperator'`.","category":"DeprecatedImportWarning","filename":"/opt/airflow/dags/get_data_with_airflow.py","lineno":5,"logger":"py.warnings"}
{"timestamp":"2025-10-09T20:23:00.575009Z","level":"info","event":"Filling up the DagBag from /opt/airflow/dags/get_data_with_airflow.py","logger":"airflow.models.dagbag.DagBag","filename":"dagbag.py","lineno":593}
{"timestamp":"2025-10-09T20:23:00.815767Z","level":"warning","event":"The `airflow.operators.python.PythonOperator` attribute is deprecated. Please use `'airflow.providers.standard.operators.python.PythonOperator'`.","category":"DeprecatedImportWarning","filename":"/opt/airflow/dags/get_data_with_airflow.py","lineno":4,"logger":"py.warnings"}
{"timestamp":"2025-10-09T20:23:00.816326Z","level":"warning","event":"The `airflow.operators.bash.BashOperator` attribute is deprecated. Please use `'airflow.providers.standard.operators.bash.BashOperator'`.","category":"DeprecatedImportWarning","filename":"/opt/airflow/dags/get_data_with_airflow.py","lineno":5,"logger":"py.warnings"}
{"timestamp":"2025-10-09T20:23:31.416783Z","level":"info","event":"Filling up the DagBag from /opt/airflow/dags/get_data_with_airflow.py","logger":"airflow.models.dagbag.DagBag","filename":"dagbag.py","lineno":593}
{"timestamp":"2025-10-09T20:23:31.662247Z","level":"warning","event":"The `airflow.operators.python.PythonOperator` attribute is deprecated. Please use `'airflow.providers.standard.operators.python.PythonOperator'`.","category":"DeprecatedImportWarning","filename":"/opt/airflow/dags/get_data_with_airflow.py","lineno":4,"logger":"py.warnings"}
{"timestamp":"2025-10-09T20:23:31.662322Z","level":"warning","event":"The `airflow.operators.bash.BashOperator` attribute is deprecated. Please use `'airflow.providers.standard.operators.bash.BashOperator'`.","category":"DeprecatedImportWarning","filename":"/opt/airflow/dags/get_data_with_airflow.py","lineno":5,"logger":"py.warnings"}
{"timestamp":"2025-10-09T20:24:02.465618Z","level":"info","event":"Filling up the DagBag from /opt/airflow/dags/get_data_with_airflow.py","logger":"airflow.models.dagbag.DagBag","filename":"dagbag.py","lineno":593}
{"timestamp":"2025-10-09T20:24:02.740967Z","level":"warning","event":"The `airflow.operators.python.PythonOperator` attribute is deprecated. Please use `'airflow.providers.standard.operators.python.PythonOperator'`.","category":"DeprecatedImportWarning","filename":"/opt/airflow/dags/get_data_with_airflow.py","lineno":4,"logger":"py.warnings"}
{"timestamp":"2025-10-09T20:24:02.741037Z","level":"warning","event":"The `airflow.operators.bash.BashOperator` attribute is deprecated. Please use `'airflow.providers.standard.operators.bash.BashOperator'`.","category":"DeprecatedImportWarning","filename":"/opt/airflow/dags/get_data_with_airflow.py","lineno":5,"logger":"py.warnings"}
{"timestamp":"2025-10-09T20:24:04.903670Z","level":"info","event":"Filling up the DagBag from /opt/airflow/dags/get_data_with_airflow.py","logger":"airflow.models.dagbag.DagBag","filename":"dagbag.py","lineno":593}
{"timestamp":"2025-10-09T20:24:05.172090Z","level":"warning","event":"The `airflow.operators.python.PythonOperator` attribute is deprecated. Please use `'airflow.providers.standard.operators.python.PythonOperator'`.","category":"DeprecatedImportWarning","filename":"/opt/airflow/dags/get_data_with_airflow.py","lineno":4,"logger":"py.warnings"}
{"timestamp":"2025-10-09T20:24:05.172379Z","level":"warning","event":"The `airflow.operators.bash.BashOperator` attribute is deprecated. Please use `'airflow.providers.standard.operators.bash.BashOperator'`.","category":"DeprecatedImportWarning","filename":"/opt/airflow/dags/get_data_with_airflow.py","lineno":5,"logger":"py.warnings"}
{"timestamp":"2025-10-09T20:24:35.856791Z","level":"info","event":"Filling up the DagBag from /opt/airflow/dags/get_data_with_airflow.py","logger":"airflow.models.dagbag.DagBag","filename":"dagbag.py","lineno":593}
{"timestamp":"2025-10-09T20:24:36.171678Z","level":"warning","event":"The `airflow.operators.python.PythonOperator` attribute is deprecated. Please use `'airflow.providers.standard.operators.python.PythonOperator'`.","category":"DeprecatedImportWarning","filename":"/opt/airflow/dags/get_data_with_airflow.py","lineno":4,"logger":"py.warnings"}
{"timestamp":"2025-10-09T20:24:36.171749Z","level":"warning","event":"The `airflow.operators.bash.BashOperator` attribute is deprecated. Please use `'airflow.providers.standard.operators.bash.BashOperator'`.","category":"DeprecatedImportWarning","filename":"/opt/airflow/dags/get_data_with_airflow.py","lineno":5,"logger":"py.warnings"}
{"timestamp":"2025-10-09T20:25:06.838127Z","level":"info","event":"Filling up the DagBag from /opt/airflow/dags/get_data_with_airflow.py","logger":"airflow.models.dagbag.DagBag","filename":"dagbag.py","lineno":593}
{"timestamp":"2025-10-09T20:25:07.086968Z","level":"warning","event":"The `airflow.operators.python.PythonOperator` attribute is deprecated. Please use `'airflow.providers.standard.operators.python.PythonOperator'`.","category":"DeprecatedImportWarning","filename":"/opt/airflow/dags/get_data_with_airflow.py","lineno":4,"logger":"py.warnings"}
{"timestamp":"2025-10-09T20:25:07.087202Z","level":"warning","event":"The `airflow.operators.bash.BashOperator` attribute is deprecated. Please use `'airflow.providers.standard.operators.bash.BashOperator'`.","category":"DeprecatedImportWarning","filename":"/opt/airflow/dags/get_data_with_airflow.py","lineno":5,"logger":"py.warnings"}
{"timestamp":"2025-10-09T20:25:37.892875Z","level":"info","event":"Filling up the DagBag from /opt/airflow/dags/get_data_with_airflow.py","logger":"airflow.models.dagbag.DagBag","filename":"dagbag.py","lineno":593}
{"timestamp":"2025-10-09T20:25:38.374509Z","level":"warning","event":"The `airflow.operators.python.PythonOperator` attribute is deprecated. Please use `'airflow.providers.standard.operators.python.PythonOperator'`.","category":"DeprecatedImportWarning","filename":"/opt/airflow/dags/get_data_with_airflow.py","lineno":4,"logger":"py.warnings"}
{"timestamp":"2025-10-09T20:25:38.374680Z","level":"warning","event":"The `airflow.operators.bash.BashOperator` attribute is deprecated. Please use `'airflow.providers.standard.operators.bash.BashOperator'`.","category":"DeprecatedImportWarning","filename":"/opt/airflow/dags/get_data_with_airflow.py","lineno":5,"logger":"py.warnings"}
{"timestamp":"2025-10-09T20:26:09.088191Z","level":"info","event":"Filling up the DagBag from /opt/airflow/dags/get_data_with_airflow.py","logger":"airflow.models.dagbag.DagBag","filename":"dagbag.py","lineno":593}
{"timestamp":"2025-10-09T20:26:09.354730Z","level":"warning","event":"The `airflow.operators.python.PythonOperator` attribute is deprecated. Please use `'airflow.providers.standard.operators.python.PythonOperator'`.","category":"DeprecatedImportWarning","filename":"/opt/airflow/dags/get_data_with_airflow.py","lineno":4,"logger":"py.warnings"}
{"timestamp":"2025-10-09T20:26:09.354847Z","level":"warning","event":"The `airflow.operators.bash.BashOperator` attribute is deprecated. Please use `'airflow.providers.standard.operators.bash.BashOperator'`.","category":"DeprecatedImportWarning","filename":"/opt/airflow/dags/get_data_with_airflow.py","lineno":5,"logger":"py.warnings"}
{"timestamp":"2025-10-09T20:26:39.993362Z","level":"info","event":"Filling up the DagBag from /opt/airflow/dags/get_data_with_airflow.py","logger":"airflow.models.dagbag.DagBag","filename":"dagbag.py","lineno":593}
{"timestamp":"2025-10-09T20:26:40.272552Z","level":"warning","event":"The `airflow.operators.python.PythonOperator` attribute is deprecated. Please use `'airflow.providers.standard.operators.python.PythonOperator'`.","category":"DeprecatedImportWarning","filename":"/opt/airflow/dags/get_data_with_airflow.py","lineno":4,"logger":"py.warnings"}
{"timestamp":"2025-10-09T20:26:40.272646Z","level":"warning","event":"The `airflow.operators.bash.BashOperator` attribute is deprecated. Please use `'airflow.providers.standard.operators.bash.BashOperator'`.","category":"DeprecatedImportWarning","filename":"/opt/airflow/dags/get_data_with_airflow.py","lineno":5,"logger":"py.warnings"}
{"timestamp":"2025-10-09T20:27:11.142071Z","level":"info","event":"Filling up the DagBag from /opt/airflow/dags/get_data_with_airflow.py","logger":"airflow.models.dagbag.DagBag","filename":"dagbag.py","lineno":593}
{"timestamp":"2025-10-09T20:27:11.446107Z","level":"warning","event":"The `airflow.operators.python.PythonOperator` attribute is deprecated. Please use `'airflow.providers.standard.operators.python.PythonOperator'`.","category":"DeprecatedImportWarning","filename":"/opt/airflow/dags/get_data_with_airflow.py","lineno":4,"logger":"py.warnings"}
{"timestamp":"2025-10-09T20:27:11.446395Z","level":"warning","event":"The `airflow.operators.bash.BashOperator` attribute is deprecated. Please use `'airflow.providers.standard.operators.bash.BashOperator'`.","category":"DeprecatedImportWarning","filename":"/opt/airflow/dags/get_data_with_airflow.py","lineno":5,"logger":"py.warnings"}
{"timestamp":"2025-10-09T20:27:42.126644Z","level":"info","event":"Filling up the DagBag from /opt/airflow/dags/get_data_with_airflow.py","logger":"airflow.models.dagbag.DagBag","filename":"dagbag.py","lineno":593}
{"timestamp":"2025-10-09T20:27:42.435515Z","level":"warning","event":"The `airflow.operators.python.PythonOperator` attribute is deprecated. Please use `'airflow.providers.standard.operators.python.PythonOperator'`.","category":"DeprecatedImportWarning","filename":"/opt/airflow/dags/get_data_with_airflow.py","lineno":4,"logger":"py.warnings"}
{"timestamp":"2025-10-09T20:27:42.437233Z","level":"warning","event":"The `airflow.operators.bash.BashOperator` attribute is deprecated. Please use `'airflow.providers.standard.operators.bash.BashOperator'`.","category":"DeprecatedImportWarning","filename":"/opt/airflow/dags/get_data_with_airflow.py","lineno":5,"logger":"py.warnings"}
{"timestamp":"2025-10-09T20:28:13.108574Z","level":"info","event":"Filling up the DagBag from /opt/airflow/dags/get_data_with_airflow.py","logger":"airflow.models.dagbag.DagBag","filename":"dagbag.py","lineno":593}
{"timestamp":"2025-10-09T20:28:13.369114Z","level":"warning","event":"The `airflow.operators.python.PythonOperator` attribute is deprecated. Please use `'airflow.providers.standard.operators.python.PythonOperator'`.","category":"DeprecatedImportWarning","filename":"/opt/airflow/dags/get_data_with_airflow.py","lineno":4,"logger":"py.warnings"}
{"timestamp":"2025-10-09T20:28:13.369333Z","level":"warning","event":"The `airflow.operators.bash.BashOperator` attribute is deprecated. Please use `'airflow.providers.standard.operators.bash.BashOperator'`.","category":"DeprecatedImportWarning","filename":"/opt/airflow/dags/get_data_with_airflow.py","lineno":5,"logger":"py.warnings"}
{"timestamp":"2025-10-09T20:28:43.897884Z","level":"info","event":"Filling up the DagBag from /opt/airflow/dags/get_data_with_airflow.py","logger":"airflow.models.dagbag.DagBag","filename":"dagbag.py","lineno":593}
{"timestamp":"2025-10-09T20:28:44.150214Z","level":"warning","event":"The `airflow.operators.python.PythonOperator` attribute is deprecated. Please use `'airflow.providers.standard.operators.python.PythonOperator'`.","category":"DeprecatedImportWarning","filename":"/opt/airflow/dags/get_data_with_airflow.py","lineno":4,"logger":"py.warnings"}
{"timestamp":"2025-10-09T20:28:44.150762Z","level":"warning","event":"The `airflow.operators.bash.BashOperator` attribute is deprecated. Please use `'airflow.providers.standard.operators.bash.BashOperator'`.","category":"DeprecatedImportWarning","filename":"/opt/airflow/dags/get_data_with_airflow.py","lineno":5,"logger":"py.warnings"}
{"timestamp":"2025-10-09T20:29:14.665042Z","level":"info","event":"Filling up the DagBag from /opt/airflow/dags/get_data_with_airflow.py","logger":"airflow.models.dagbag.DagBag","filename":"dagbag.py","lineno":593}
{"timestamp":"2025-10-09T20:29:15.015279Z","level":"warning","event":"The `airflow.operators.python.PythonOperator` attribute is deprecated. Please use `'airflow.providers.standard.operators.python.PythonOperator'`.","category":"DeprecatedImportWarning","filename":"/opt/airflow/dags/get_data_with_airflow.py","lineno":4,"logger":"py.warnings"}
{"timestamp":"2025-10-09T20:29:15.015391Z","level":"warning","event":"The `airflow.operators.bash.BashOperator` attribute is deprecated. Please use `'airflow.providers.standard.operators.bash.BashOperator'`.","category":"DeprecatedImportWarning","filename":"/opt/airflow/dags/get_data_with_airflow.py","lineno":5,"logger":"py.warnings"}
{"timestamp":"2025-10-09T20:29:45.195872Z","level":"info","event":"Filling up the DagBag from /opt/airflow/dags/get_data_with_airflow.py","logger":"airflow.models.dagbag.DagBag","filename":"dagbag.py","lineno":593}
{"timestamp":"2025-10-09T20:29:46.655911Z","level":"warning","event":"The `airflow.operators.python.PythonOperator` attribute is deprecated. Please use `'airflow.providers.standard.operators.python.PythonOperator'`.","category":"DeprecatedImportWarning","filename":"/opt/airflow/dags/get_data_with_airflow.py","lineno":4,"logger":"py.warnings"}
{"timestamp":"2025-10-09T20:29:46.656574Z","level":"warning","event":"The `airflow.operators.bash.BashOperator` attribute is deprecated. Please use `'airflow.providers.standard.operators.bash.BashOperator'`.","category":"DeprecatedImportWarning","filename":"/opt/airflow/dags/get_data_with_airflow.py","lineno":5,"logger":"py.warnings"}
{"timestamp":"2025-10-09T20:30:17.090325Z","level":"info","event":"Filling up the DagBag from /opt/airflow/dags/get_data_with_airflow.py","logger":"airflow.models.dagbag.DagBag","filename":"dagbag.py","lineno":593}
{"timestamp":"2025-10-09T20:30:17.522743Z","level":"warning","event":"The `airflow.operators.python.PythonOperator` attribute is deprecated. Please use `'airflow.providers.standard.operators.python.PythonOperator'`.","category":"DeprecatedImportWarning","filename":"/opt/airflow/dags/get_data_with_airflow.py","lineno":4,"logger":"py.warnings"}
{"timestamp":"2025-10-09T20:30:17.522917Z","level":"warning","event":"The `airflow.operators.bash.BashOperator` attribute is deprecated. Please use `'airflow.providers.standard.operators.bash.BashOperator'`.","category":"DeprecatedImportWarning","filename":"/opt/airflow/dags/get_data_with_airflow.py","lineno":5,"logger":"py.warnings"}
{"timestamp":"2025-10-09T20:30:48.201015Z","level":"info","event":"Filling up the DagBag from /opt/airflow/dags/get_data_with_airflow.py","logger":"airflow.models.dagbag.DagBag","filename":"dagbag.py","lineno":593}
{"timestamp":"2025-10-09T20:30:48.960872Z","level":"warning","event":"The `airflow.operators.python.PythonOperator` attribute is deprecated. Please use `'airflow.providers.standard.operators.python.PythonOperator'`.","category":"DeprecatedImportWarning","filename":"/opt/airflow/dags/get_data_with_airflow.py","lineno":4,"logger":"py.warnings"}
{"timestamp":"2025-10-09T20:30:48.962329Z","level":"warning","event":"The `airflow.operators.bash.BashOperator` attribute is deprecated. Please use `'airflow.providers.standard.operators.bash.BashOperator'`.","category":"DeprecatedImportWarning","filename":"/opt/airflow/dags/get_data_with_airflow.py","lineno":5,"logger":"py.warnings"}
{"timestamp":"2025-10-09T20:31:19.738233Z","level":"info","event":"Filling up the DagBag from /opt/airflow/dags/get_data_with_airflow.py","logger":"airflow.models.dagbag.DagBag","filename":"dagbag.py","lineno":593}
{"timestamp":"2025-10-09T20:31:20.014301Z","level":"warning","event":"The `airflow.operators.python.PythonOperator` attribute is deprecated. Please use `'airflow.providers.standard.operators.python.PythonOperator'`.","category":"DeprecatedImportWarning","filename":"/opt/airflow/dags/get_data_with_airflow.py","lineno":4,"logger":"py.warnings"}
{"timestamp":"2025-10-09T20:31:20.014832Z","level":"warning","event":"The `airflow.operators.bash.BashOperator` attribute is deprecated. Please use `'airflow.providers.standard.operators.bash.BashOperator'`.","category":"DeprecatedImportWarning","filename":"/opt/airflow/dags/get_data_with_airflow.py","lineno":5,"logger":"py.warnings"}
{"timestamp":"2025-10-09T20:31:50.675063Z","level":"info","event":"Filling up the DagBag from /opt/airflow/dags/get_data_with_airflow.py","logger":"airflow.models.dagbag.DagBag","filename":"dagbag.py","lineno":593}
{"timestamp":"2025-10-09T20:31:50.948910Z","level":"warning","event":"The `airflow.operators.python.PythonOperator` attribute is deprecated. Please use `'airflow.providers.standard.operators.python.PythonOperator'`.","category":"DeprecatedImportWarning","filename":"/opt/airflow/dags/get_data_with_airflow.py","lineno":4,"logger":"py.warnings"}
{"timestamp":"2025-10-09T20:31:50.950476Z","level":"warning","event":"The `airflow.operators.bash.BashOperator` attribute is deprecated. Please use `'airflow.providers.standard.operators.bash.BashOperator'`.","category":"DeprecatedImportWarning","filename":"/opt/airflow/dags/get_data_with_airflow.py","lineno":5,"logger":"py.warnings"}
{"timestamp":"2025-10-09T20:32:21.086069Z","level":"info","event":"Filling up the DagBag from /opt/airflow/dags/get_data_with_airflow.py","logger":"airflow.models.dagbag.DagBag","filename":"dagbag.py","lineno":593}
{"timestamp":"2025-10-09T20:32:21.449705Z","level":"warning","event":"The `airflow.operators.python.PythonOperator` attribute is deprecated. Please use `'airflow.providers.standard.operators.python.PythonOperator'`.","category":"DeprecatedImportWarning","filename":"/opt/airflow/dags/get_data_with_airflow.py","lineno":4,"logger":"py.warnings"}
{"timestamp":"2025-10-09T20:32:21.450394Z","level":"warning","event":"The `airflow.operators.bash.BashOperator` attribute is deprecated. Please use `'airflow.providers.standard.operators.bash.BashOperator'`.","category":"DeprecatedImportWarning","filename":"/opt/airflow/dags/get_data_with_airflow.py","lineno":5,"logger":"py.warnings"}
{"timestamp":"2025-10-09T20:32:52.168950Z","level":"info","event":"Filling up the DagBag from /opt/airflow/dags/get_data_with_airflow.py","logger":"airflow.models.dagbag.DagBag","filename":"dagbag.py","lineno":593}
{"timestamp":"2025-10-09T20:32:52.514437Z","level":"warning","event":"The `airflow.operators.python.PythonOperator` attribute is deprecated. Please use `'airflow.providers.standard.operators.python.PythonOperator'`.","category":"DeprecatedImportWarning","filename":"/opt/airflow/dags/get_data_with_airflow.py","lineno":4,"logger":"py.warnings"}
{"timestamp":"2025-10-09T20:32:52.515731Z","level":"warning","event":"The `airflow.operators.bash.BashOperator` attribute is deprecated. Please use `'airflow.providers.standard.operators.bash.BashOperator'`.","category":"DeprecatedImportWarning","filename":"/opt/airflow/dags/get_data_with_airflow.py","lineno":5,"logger":"py.warnings"}
{"timestamp":"2025-10-09T20:33:23.180913Z","level":"info","event":"Filling up the DagBag from /opt/airflow/dags/get_data_with_airflow.py","logger":"airflow.models.dagbag.DagBag","filename":"dagbag.py","lineno":593}
{"timestamp":"2025-10-09T20:33:23.503475Z","level":"warning","event":"The `airflow.operators.python.PythonOperator` attribute is deprecated. Please use `'airflow.providers.standard.operators.python.PythonOperator'`.","category":"DeprecatedImportWarning","filename":"/opt/airflow/dags/get_data_with_airflow.py","lineno":4,"logger":"py.warnings"}
{"timestamp":"2025-10-09T20:33:23.503595Z","level":"warning","event":"The `airflow.operators.bash.BashOperator` attribute is deprecated. Please use `'airflow.providers.standard.operators.bash.BashOperator'`.","category":"DeprecatedImportWarning","filename":"/opt/airflow/dags/get_data_with_airflow.py","lineno":5,"logger":"py.warnings"}
{"timestamp":"2025-10-09T20:33:54.087434Z","level":"info","event":"Filling up the DagBag from /opt/airflow/dags/get_data_with_airflow.py","logger":"airflow.models.dagbag.DagBag","filename":"dagbag.py","lineno":593}
{"timestamp":"2025-10-09T20:33:54.343469Z","level":"warning","event":"The `airflow.operators.python.PythonOperator` attribute is deprecated. Please use `'airflow.providers.standard.operators.python.PythonOperator'`.","category":"DeprecatedImportWarning","filename":"/opt/airflow/dags/get_data_with_airflow.py","lineno":4,"logger":"py.warnings"}
{"timestamp":"2025-10-09T20:33:54.343567Z","level":"warning","event":"The `airflow.operators.bash.BashOperator` attribute is deprecated. Please use `'airflow.providers.standard.operators.bash.BashOperator'`.","category":"DeprecatedImportWarning","filename":"/opt/airflow/dags/get_data_with_airflow.py","lineno":5,"logger":"py.warnings"}
{"timestamp":"2025-10-09T20:34:25.214321Z","level":"info","event":"Filling up the DagBag from /opt/airflow/dags/get_data_with_airflow.py","logger":"airflow.models.dagbag.DagBag","filename":"dagbag.py","lineno":593}
{"timestamp":"2025-10-09T20:34:25.556783Z","level":"warning","event":"The `airflow.operators.python.PythonOperator` attribute is deprecated. Please use `'airflow.providers.standard.operators.python.PythonOperator'`.","category":"DeprecatedImportWarning","filename":"/opt/airflow/dags/get_data_with_airflow.py","lineno":4,"logger":"py.warnings"}
{"timestamp":"2025-10-09T20:34:25.556905Z","level":"warning","event":"The `airflow.operators.bash.BashOperator` attribute is deprecated. Please use `'airflow.providers.standard.operators.bash.BashOperator'`.","category":"DeprecatedImportWarning","filename":"/opt/airflow/dags/get_data_with_airflow.py","lineno":5,"logger":"py.warnings"}
{"timestamp":"2025-10-09T20:34:56.365905Z","level":"info","event":"Filling up the DagBag from /opt/airflow/dags/get_data_with_airflow.py","logger":"airflow.models.dagbag.DagBag","filename":"dagbag.py","lineno":593}
{"timestamp":"2025-10-09T20:34:56.686524Z","level":"warning","event":"The `airflow.operators.python.PythonOperator` attribute is deprecated. Please use `'airflow.providers.standard.operators.python.PythonOperator'`.","category":"DeprecatedImportWarning","filename":"/opt/airflow/dags/get_data_with_airflow.py","lineno":4,"logger":"py.warnings"}
{"timestamp":"2025-10-09T20:34:56.686626Z","level":"warning","event":"The `airflow.operators.bash.BashOperator` attribute is deprecated. Please use `'airflow.providers.standard.operators.bash.BashOperator'`.","category":"DeprecatedImportWarning","filename":"/opt/airflow/dags/get_data_with_airflow.py","lineno":5,"logger":"py.warnings"}
{"timestamp":"2025-10-09T20:35:26.876344Z","level":"info","event":"Filling up the DagBag from /opt/airflow/dags/get_data_with_airflow.py","logger":"airflow.models.dagbag.DagBag","filename":"dagbag.py","lineno":593}
{"timestamp":"2025-10-09T20:35:27.171124Z","level":"warning","event":"The `airflow.operators.python.PythonOperator` attribute is deprecated. Please use `'airflow.providers.standard.operators.python.PythonOperator'`.","category":"DeprecatedImportWarning","filename":"/opt/airflow/dags/get_data_with_airflow.py","lineno":4,"logger":"py.warnings"}
{"timestamp":"2025-10-09T20:35:27.171803Z","level":"warning","event":"The `airflow.operators.bash.BashOperator` attribute is deprecated. Please use `'airflow.providers.standard.operators.bash.BashOperator'`.","category":"DeprecatedImportWarning","filename":"/opt/airflow/dags/get_data_with_airflow.py","lineno":5,"logger":"py.warnings"}
{"timestamp":"2025-10-09T20:35:59.070891Z","level":"info","event":"Filling up the DagBag from /opt/airflow/dags/get_data_with_airflow.py","logger":"airflow.models.dagbag.DagBag","filename":"dagbag.py","lineno":593}
{"timestamp":"2025-10-09T20:36:00.946426Z","level":"warning","event":"The `airflow.operators.python.PythonOperator` attribute is deprecated. Please use `'airflow.providers.standard.operators.python.PythonOperator'`.","category":"DeprecatedImportWarning","filename":"/opt/airflow/dags/get_data_with_airflow.py","lineno":4,"logger":"py.warnings"}
{"timestamp":"2025-10-09T20:36:00.946793Z","level":"warning","event":"The `airflow.operators.bash.BashOperator` attribute is deprecated. Please use `'airflow.providers.standard.operators.bash.BashOperator'`.","category":"DeprecatedImportWarning","filename":"/opt/airflow/dags/get_data_with_airflow.py","lineno":5,"logger":"py.warnings"}
{"timestamp":"2025-10-09T20:36:19.922187Z","level":"info","event":"Filling up the DagBag from /opt/airflow/dags/get_data_with_airflow.py","logger":"airflow.models.dagbag.DagBag","filename":"dagbag.py","lineno":593}
{"timestamp":"2025-10-09T20:36:20.440036Z","level":"warning","event":"The `airflow.operators.python.PythonOperator` attribute is deprecated. Please use `'airflow.providers.standard.operators.python.PythonOperator'`.","category":"DeprecatedImportWarning","filename":"/opt/airflow/dags/get_data_with_airflow.py","lineno":4,"logger":"py.warnings"}
{"timestamp":"2025-10-09T20:36:20.441034Z","level":"warning","event":"The `airflow.operators.bash.BashOperator` attribute is deprecated. Please use `'airflow.providers.standard.operators.bash.BashOperator'`.","category":"DeprecatedImportWarning","filename":"/opt/airflow/dags/get_data_with_airflow.py","lineno":5,"logger":"py.warnings"}
{"timestamp":"2025-10-09T20:36:51.355800Z","level":"info","event":"Filling up the DagBag from /opt/airflow/dags/get_data_with_airflow.py","logger":"airflow.models.dagbag.DagBag","filename":"dagbag.py","lineno":593}
{"timestamp":"2025-10-09T20:36:51.718044Z","level":"warning","event":"The `airflow.operators.python.PythonOperator` attribute is deprecated. Please use `'airflow.providers.standard.operators.python.PythonOperator'`.","category":"DeprecatedImportWarning","filename":"/opt/airflow/dags/get_data_with_airflow.py","lineno":4,"logger":"py.warnings"}
{"timestamp":"2025-10-09T20:36:51.718968Z","level":"warning","event":"The `airflow.operators.bash.BashOperator` attribute is deprecated. Please use `'airflow.providers.standard.operators.bash.BashOperator'`.","category":"DeprecatedImportWarning","filename":"/opt/airflow/dags/get_data_with_airflow.py","lineno":5,"logger":"py.warnings"}
{"timestamp":"2025-10-09T20:37:22.197630Z","level":"info","event":"Filling up the DagBag from /opt/airflow/dags/get_data_with_airflow.py","logger":"airflow.models.dagbag.DagBag","filename":"dagbag.py","lineno":593}
{"timestamp":"2025-10-09T20:37:22.517456Z","level":"warning","event":"The `airflow.operators.python.PythonOperator` attribute is deprecated. Please use `'airflow.providers.standard.operators.python.PythonOperator'`.","category":"DeprecatedImportWarning","filename":"/opt/airflow/dags/get_data_with_airflow.py","lineno":4,"logger":"py.warnings"}
{"timestamp":"2025-10-09T20:37:22.517548Z","level":"warning","event":"The `airflow.operators.bash.BashOperator` attribute is deprecated. Please use `'airflow.providers.standard.operators.bash.BashOperator'`.","category":"DeprecatedImportWarning","filename":"/opt/airflow/dags/get_data_with_airflow.py","lineno":5,"logger":"py.warnings"}
{"timestamp":"2025-10-09T20:37:53.243564Z","level":"info","event":"Filling up the DagBag from /opt/airflow/dags/get_data_with_airflow.py","logger":"airflow.models.dagbag.DagBag","filename":"dagbag.py","lineno":593}
{"timestamp":"2025-10-09T20:37:53.506845Z","level":"warning","event":"The `airflow.operators.python.PythonOperator` attribute is deprecated. Please use `'airflow.providers.standard.operators.python.PythonOperator'`.","category":"DeprecatedImportWarning","filename":"/opt/airflow/dags/get_data_with_airflow.py","lineno":4,"logger":"py.warnings"}
{"timestamp":"2025-10-09T20:37:53.507076Z","level":"warning","event":"The `airflow.operators.bash.BashOperator` attribute is deprecated. Please use `'airflow.providers.standard.operators.bash.BashOperator'`.","category":"DeprecatedImportWarning","filename":"/opt/airflow/dags/get_data_with_airflow.py","lineno":5,"logger":"py.warnings"}
{"timestamp":"2025-10-09T20:38:24.345045Z","level":"info","event":"Filling up the DagBag from /opt/airflow/dags/get_data_with_airflow.py","logger":"airflow.models.dagbag.DagBag","filename":"dagbag.py","lineno":593}
{"timestamp":"2025-10-09T20:38:24.683816Z","level":"warning","event":"The `airflow.operators.python.PythonOperator` attribute is deprecated. Please use `'airflow.providers.standard.operators.python.PythonOperator'`.","category":"DeprecatedImportWarning","filename":"/opt/airflow/dags/get_data_with_airflow.py","lineno":4,"logger":"py.warnings"}
{"timestamp":"2025-10-09T20:38:24.684188Z","level":"warning","event":"The `airflow.operators.bash.BashOperator` attribute is deprecated. Please use `'airflow.providers.standard.operators.bash.BashOperator'`.","category":"DeprecatedImportWarning","filename":"/opt/airflow/dags/get_data_with_airflow.py","lineno":5,"logger":"py.warnings"}
